
  .   ____          _            __ _ _
 /\\ / ___'_ __ _ _(_)_ __  __ _ \ \ \ \
( ( )\___ | '_ | '_| | '_ \/ _` | \ \ \ \
 \\/  ___)| |_)| | | | | || (_| |  ) ) ) )
  '  |____| .__|_| |_|_| |_\__, | / / / /
 =========|_|==============|___/=/_/_/_/

 :: Spring Boot ::               (v3.5.13)

2026-04-13T13:53:58.774+08:00  INFO 23744 --- [ai-gateway] [           main] com.zxw.TestApplication                  : Starting TestApplication v0.0.1-SNAPSHOT using Java 17 with PID 23744 (E:\project-ai\Test\target\Test-0.0.1-SNAPSHOT.jar started by EDY in E:\project-ai\Test)
2026-04-13T13:53:58.780+08:00  INFO 23744 --- [ai-gateway] [           main] com.zxw.TestApplication                  : No active profile set, falling back to 1 default profile: "default"
2026-04-13T13:53:58.782+08:00 DEBUG 23744 --- [ai-gateway] [           main] o.s.boot.SpringApplication               : Loading source class com.zxw.TestApplication
2026-04-13T13:53:58.852+08:00 DEBUG 23744 --- [ai-gateway] [           main] ConfigServletWebServerApplicationContext : Refreshing org.springframework.boot.web.servlet.context.AnnotationConfigServletWebServerApplicationContext@38831718
2026-04-13T13:54:00.507+08:00 DEBUG 23744 --- [ai-gateway] [           main] .s.b.w.e.t.TomcatServletWebServerFactory : Code archive: E:\project-ai\Test\target\Test-0.0.1-SNAPSHOT.jar
2026-04-13T13:54:00.509+08:00 DEBUG 23744 --- [ai-gateway] [           main] .s.b.w.e.t.TomcatServletWebServerFactory : Code archive: E:\project-ai\Test\target\Test-0.0.1-SNAPSHOT.jar
2026-04-13T13:54:00.511+08:00 DEBUG 23744 --- [ai-gateway] [           main] .s.b.w.e.t.TomcatServletWebServerFactory : None of the document roots [src/main/webapp, public, static] point to a directory and will be ignored.
2026-04-13T13:54:00.550+08:00  INFO 23744 --- [ai-gateway] [           main] o.s.b.w.embedded.tomcat.TomcatWebServer  : Tomcat initialized with port 9988 (http)
2026-04-13T13:54:00.567+08:00  INFO 23744 --- [ai-gateway] [           main] o.apache.catalina.core.StandardService   : Starting service [Tomcat]
2026-04-13T13:54:00.568+08:00  INFO 23744 --- [ai-gateway] [           main] o.apache.catalina.core.StandardEngine    : Starting Servlet engine: [Apache Tomcat/10.1.53]
2026-04-13T13:54:00.627+08:00  INFO 23744 --- [ai-gateway] [           main] o.a.c.c.C.[Tomcat].[localhost].[/]       : Initializing Spring embedded WebApplicationContext
2026-04-13T13:54:00.629+08:00 DEBUG 23744 --- [ai-gateway] [           main] w.s.c.ServletWebServerApplicationContext : Published root WebApplicationContext as ServletContext attribute with name [org.springframework.web.context.WebApplicationContext.ROOT]
2026-04-13T13:54:00.631+08:00  INFO 23744 --- [ai-gateway] [           main] w.s.c.ServletWebServerApplicationContext : Root WebApplicationContext: initialization completed in 1778 ms
2026-04-13T13:54:00.653+08:00 DEBUG 23744 --- [ai-gateway] [           main] o.s.b.w.s.ServletContextInitializerBeans : Mapping filters: characterEncodingFilter urls=[/*] order=-2147483648, formContentFilter urls=[/*] order=-9900, requestContextFilter urls=[/*] order=-105
2026-04-13T13:54:00.654+08:00 DEBUG 23744 --- [ai-gateway] [           main] o.s.b.w.s.ServletContextInitializerBeans : Mapping servlets: dispatcherServlet urls=[/]
2026-04-13T13:54:00.683+08:00 DEBUG 23744 --- [ai-gateway] [           main] o.s.b.w.s.f.OrderedRequestContextFilter  : Filter 'requestContextFilter' configured for use
2026-04-13T13:54:00.688+08:00 DEBUG 23744 --- [ai-gateway] [           main] s.b.w.s.f.OrderedCharacterEncodingFilter : Filter 'characterEncodingFilter' configured for use
2026-04-13T13:54:00.689+08:00 DEBUG 23744 --- [ai-gateway] [           main] o.s.b.w.s.f.OrderedFormContentFilter     : Filter 'formContentFilter' configured for use
2026-04-13T13:54:00.773+08:00 DEBUG 23744 --- [ai-gateway] [           main] o.s.b.a.AutoConfigurationPackages        : @EnableAutoConfiguration was declared on a class in the package 'com.zxw'. Automatic @Repository and @Entity scanning is enabled.
2026-04-13T13:54:00.976+08:00  INFO 23744 --- [ai-gateway] [           main] com.zaxxer.hikari.HikariDataSource       : HikariPool-1 - Starting...
2026-04-13T13:54:01.512+08:00  INFO 23744 --- [ai-gateway] [           main] com.zaxxer.hikari.pool.HikariPool        : HikariPool-1 - Added connection com.mysql.cj.jdbc.ConnectionImpl@6e8fdd19
2026-04-13T13:54:01.518+08:00  INFO 23744 --- [ai-gateway] [           main] com.zaxxer.hikari.HikariDataSource       : HikariPool-1 - Start completed.
2026-04-13T13:54:01.986+08:00 DEBUG 23744 --- [ai-gateway] [           main] o.s.jdbc.core.JdbcTemplate               : Executing SQL statement [create table if not exists agent_sessions (
    id bigint primary key auto_increment,
    session_key varchar(96) not null,
    user_id bigint not null,
    api_key_id bigint not null,
    model_code varchar(64) not null,
    workspace_root varchar(512) null,
    summary_text longtext null,
    summary_message_id bigint not null default 0,
    last_response_id varchar(96) null,
    created_at datetime not null default current_timestamp,
    updated_at datetime not null default current_timestamp on update current_timestamp,
    unique key uk_agent_sessions_key (session_key),
    key idx_agent_sessions_user (user_id, updated_at)
) engine=InnoDB default charset=utf8mb4 collate=utf8mb4_unicode_ci
]
2026-04-13T13:54:02.028+08:00 DEBUG 23744 --- [ai-gateway] [           main] o.s.jdbc.core.JdbcTemplate               : SQLWarning ignored: SQL state '42S01', error code '1050', message [Table 'agent_sessions' already exists]
2026-04-13T13:54:02.033+08:00 DEBUG 23744 --- [ai-gateway] [           main] o.s.jdbc.core.JdbcTemplate               : Executing prepared SQL query
2026-04-13T13:54:02.035+08:00 DEBUG 23744 --- [ai-gateway] [           main] o.s.jdbc.core.JdbcTemplate               : Executing prepared SQL statement [select count(*)
from information_schema.columns
where table_schema = database()
  and table_name = ?
  and column_name = ?
]
2026-04-13T13:54:02.064+08:00 DEBUG 23744 --- [ai-gateway] [           main] o.s.jdbc.core.JdbcTemplate               : Executing prepared SQL query
2026-04-13T13:54:02.066+08:00 DEBUG 23744 --- [ai-gateway] [           main] o.s.jdbc.core.JdbcTemplate               : Executing prepared SQL statement [select count(*)
from information_schema.columns
where table_schema = database()
  and table_name = ?
  and column_name = ?
]
2026-04-13T13:54:02.068+08:00 DEBUG 23744 --- [ai-gateway] [           main] o.s.jdbc.core.JdbcTemplate               : Executing SQL statement [create table if not exists agent_messages (
    id bigint primary key auto_increment,
    session_id bigint not null,
    response_id varchar(96) not null,
    role_code varchar(16) not null,
    source_type varchar(32) not null,
    content_text longtext null,
    tool_name varchar(64) null,
    tool_payload_json json null,
    created_at datetime not null default current_timestamp,
    key idx_agent_messages_session (session_id, id),
    key idx_agent_messages_response (response_id)
) engine=InnoDB default charset=utf8mb4 collate=utf8mb4_unicode_ci
]
2026-04-13T13:54:02.073+08:00 DEBUG 23744 --- [ai-gateway] [           main] o.s.jdbc.core.JdbcTemplate               : SQLWarning ignored: SQL state '42S01', error code '1050', message [Table 'agent_messages' already exists]
2026-04-13T13:54:02.075+08:00 DEBUG 23744 --- [ai-gateway] [           main] o.s.jdbc.core.JdbcTemplate               : Executing SQL statement [create table if not exists agent_tool_logs (
    id bigint primary key auto_increment,
    session_id bigint not null,
    response_id varchar(96) not null,
    step_no int not null,
    tool_name varchar(64) not null,
    title varchar(128) null,
    success tinyint(1) not null default 1,
    arguments_json json null,
    result_json json null,
    file_previews_json json null,
    created_at datetime not null default current_timestamp,
    key idx_agent_tool_logs_session (session_id, id),
    key idx_agent_tool_logs_response (response_id)
) engine=InnoDB default charset=utf8mb4 collate=utf8mb4_unicode_ci
]
2026-04-13T13:54:02.080+08:00 DEBUG 23744 --- [ai-gateway] [           main] o.s.jdbc.core.JdbcTemplate               : SQLWarning ignored: SQL state 'HY000', error code '1681', message [Integer display width is deprecated and will be removed in a future release.]
2026-04-13T13:54:02.081+08:00 DEBUG 23744 --- [ai-gateway] [           main] o.s.jdbc.core.JdbcTemplate               : SQLWarning ignored: SQL state '42S01', error code '1050', message [Table 'agent_tool_logs' already exists]
2026-04-13T13:54:02.324+08:00 DEBUG 23744 --- [ai-gateway] [           main] s.w.s.m.m.a.RequestMappingHandlerMapping : 34 mappings in 'requestMappingHandlerMapping'
2026-04-13T13:54:02.343+08:00 DEBUG 23744 --- [ai-gateway] [           main] o.s.w.s.handler.SimpleUrlHandlerMapping  : Patterns [/, /console, /console/] in 'viewControllerHandlerMapping'
2026-04-13T13:54:02.397+08:00 DEBUG 23744 --- [ai-gateway] [           main] o.s.w.s.handler.SimpleUrlHandlerMapping  : Patterns [/webjars/**, /**] in 'resourceHandlerMapping'
2026-04-13T13:54:02.441+08:00 DEBUG 23744 --- [ai-gateway] [           main] s.w.s.m.m.a.RequestMappingHandlerAdapter : ControllerAdvice beans: 0 @ModelAttribute, 0 @InitBinder, 1 RequestBodyAdvice, 1 ResponseBodyAdvice
2026-04-13T13:54:02.559+08:00 DEBUG 23744 --- [ai-gateway] [           main] .m.m.a.ExceptionHandlerExceptionResolver : ControllerAdvice beans: 1 @ExceptionHandler, 1 ResponseBodyAdvice
2026-04-13T13:54:02.687+08:00  INFO 23744 --- [ai-gateway] [           main] o.s.b.w.embedded.tomcat.TomcatWebServer  : Tomcat started on port 9988 (http) with context path '/'
2026-04-13T13:54:02.713+08:00 DEBUG 23744 --- [ai-gateway] [           main] .s.b.a.l.ConditionEvaluationReportLogger : 


============================
CONDITIONS EVALUATION REPORT
============================


Positive matches:
-----------------

   AopAutoConfiguration matched:
      - @ConditionalOnBooleanProperty (spring.aop.auto=true) matched (OnPropertyCondition)

   AopAutoConfiguration.ClassProxyingConfiguration matched:
      - @ConditionalOnMissingClass did not find unwanted class 'org.aspectj.weaver.Advice' (OnClassCondition)
      - @ConditionalOnBooleanProperty (spring.aop.proxy-target-class=true) matched (OnPropertyCondition)

   ApplicationAvailabilityAutoConfiguration#applicationAvailability matched:
      - @ConditionalOnMissingBean (types: org.springframework.boot.availability.ApplicationAvailability; SearchStrategy: all) did not find any beans (OnBeanCondition)

   DataSourceAutoConfiguration matched:
      - @ConditionalOnClass found required classes 'javax.sql.DataSource', 'org.springframework.jdbc.datasource.embedded.EmbeddedDatabaseType' (OnClassCondition)
      - @ConditionalOnMissingBean (types: io.r2dbc.spi.ConnectionFactory; SearchStrategy: all) did not find any beans (OnBeanCondition)

   DataSourceAutoConfiguration.PooledDataSourceConfiguration matched:
      - AnyNestedCondition 1 matched 1 did not; NestedCondition on DataSourceAutoConfiguration.PooledDataSourceCondition.PooledDataSourceAvailable PooledDataSource found supported DataSource; NestedCondition on DataSourceAutoConfiguration.PooledDataSourceCondition.ExplicitType @ConditionalOnProperty (spring.datasource.type) did not find property 'spring.datasource.type' (DataSourceAutoConfiguration.PooledDataSourceCondition)
      - @ConditionalOnMissingBean (types: javax.sql.DataSource,javax.sql.XADataSource; SearchStrategy: all) did not find any beans (OnBeanCondition)

   DataSourceAutoConfiguration.PooledDataSourceConfiguration#jdbcConnectionDetails matched:
      - @ConditionalOnMissingBean (types: org.springframework.boot.autoconfigure.jdbc.JdbcConnectionDetails; SearchStrategy: all) did not find any beans (OnBeanCondition)

   DataSourceConfiguration.Hikari matched:
      - @ConditionalOnClass found required class 'com.zaxxer.hikari.HikariDataSource' (OnClassCondition)
      - @ConditionalOnProperty (spring.datasource.type=com.zaxxer.hikari.HikariDataSource) matched (OnPropertyCondition)
      - @ConditionalOnMissingBean (types: javax.sql.DataSource; SearchStrategy: all) did not find any beans (OnBeanCondition)

   DataSourceInitializationConfiguration matched:
      - @ConditionalOnClass found required class 'org.springframework.jdbc.datasource.init.DatabasePopulator' (OnClassCondition)
      - @ConditionalOnSingleCandidate (types: javax.sql.DataSource; SearchStrategy: all) found a single bean 'dataSource'; @ConditionalOnMissingBean (types: org.springframework.boot.autoconfigure.sql.init.SqlDataSourceScriptDatabaseInitializer,org.springframework.boot.autoconfigure.sql.init.SqlR2dbcScriptDatabaseInitializer; SearchStrategy: all) did not find any beans (OnBeanCondition)

   DataSourcePoolMetadataProvidersConfiguration.HikariPoolDataSourceMetadataProviderConfiguration matched:
      - @ConditionalOnClass found required class 'com.zaxxer.hikari.HikariDataSource' (OnClassCondition)

   DataSourceTransactionManagerAutoConfiguration matched:
      - @ConditionalOnClass found required classes 'javax.sql.DataSource', 'org.springframework.jdbc.core.JdbcTemplate', 'org.springframework.transaction.TransactionManager' (OnClassCondition)

   DataSourceTransactionManagerAutoConfiguration.JdbcTransactionManagerConfiguration matched:
      - @ConditionalOnSingleCandidate (types: javax.sql.DataSource; SearchStrategy: all) found a single bean 'dataSource' (OnBeanCondition)

   DataSourceTransactionManagerAutoConfiguration.JdbcTransactionManagerConfiguration#transactionManager matched:
      - @ConditionalOnMissingBean (types: org.springframework.transaction.TransactionManager; SearchStrategy: all) did not find any beans (OnBeanCondition)

   DispatcherServletAutoConfiguration matched:
      - @ConditionalOnClass found required class 'org.springframework.web.servlet.DispatcherServlet' (OnClassCondition)
      - found 'session' scope (OnWebApplicationCondition)

   DispatcherServletAutoConfiguration.DispatcherServletConfiguration matched:
      - @ConditionalOnClass found required class 'jakarta.servlet.ServletRegistration' (OnClassCondition)
      - Default DispatcherServlet did not find dispatcher servlet beans (DispatcherServletAutoConfiguration.DefaultDispatcherServletCondition)

   DispatcherServletAutoConfiguration.DispatcherServletRegistrationConfiguration matched:
      - @ConditionalOnClass found required class 'jakarta.servlet.ServletRegistration' (OnClassCondition)
      - DispatcherServlet Registration did not find servlet registration bean (DispatcherServletAutoConfiguration.DispatcherServletRegistrationCondition)

   DispatcherServletAutoConfiguration.DispatcherServletRegistrationConfiguration#dispatcherServletRegistration matched:
      - @ConditionalOnBean (names: dispatcherServlet types: org.springframework.web.servlet.DispatcherServlet; SearchStrategy: all) found bean 'dispatcherServlet' (OnBeanCondition)

   EmbeddedWebServerFactoryCustomizerAutoConfiguration matched:
      - @ConditionalOnWebApplication (required) found 'session' scope (OnWebApplicationCondition)
      - @ConditionalOnWarDeployment the application is not deployed as a WAR file. (OnWarDeploymentCondition)

   EmbeddedWebServerFactoryCustomizerAutoConfiguration.TomcatWebServerFactoryCustomizerConfiguration matched:
      - @ConditionalOnClass found required classes 'org.apache.catalina.startup.Tomcat', 'org.apache.coyote.UpgradeProtocol' (OnClassCondition)

   ErrorMvcAutoConfiguration matched:
      - @ConditionalOnClass found required classes 'jakarta.servlet.Servlet', 'org.springframework.web.servlet.DispatcherServlet' (OnClassCondition)
      - found 'session' scope (OnWebApplicationCondition)

   ErrorMvcAutoConfiguration#basicErrorController matched:
      - @ConditionalOnMissingBean (types: org.springframework.boot.web.servlet.error.ErrorController; SearchStrategy: current) did not find any beans (OnBeanCondition)

   ErrorMvcAutoConfiguration#errorAttributes matched:
      - @ConditionalOnMissingBean (types: org.springframework.boot.web.servlet.error.ErrorAttributes; SearchStrategy: current) did not find any beans (OnBeanCondition)

   ErrorMvcAutoConfiguration.DefaultErrorViewResolverConfiguration#conventionErrorViewResolver matched:
      - @ConditionalOnBean (types: org.springframework.web.servlet.DispatcherServlet; SearchStrategy: all) found bean 'dispatcherServlet'; @ConditionalOnMissingBean (types: org.springframework.boot.autoconfigure.web.servlet.error.ErrorViewResolver; SearchStrategy: all) did not find any beans (OnBeanCondition)

   ErrorMvcAutoConfiguration.WhitelabelErrorViewConfiguration matched:
      - @ConditionalOnBooleanProperty (server.error.whitelabel.enabled=true) matched (OnPropertyCondition)
      - ErrorTemplate Missing did not find error template view (ErrorMvcAutoConfiguration.ErrorTemplateMissingCondition)

   ErrorMvcAutoConfiguration.WhitelabelErrorViewConfiguration#beanNameViewResolver matched:
      - @ConditionalOnMissingBean (types: org.springframework.web.servlet.view.BeanNameViewResolver; SearchStrategy: all) did not find any beans (OnBeanCondition)

   ErrorMvcAutoConfiguration.WhitelabelErrorViewConfiguration#defaultErrorView matched:
      - @ConditionalOnMissingBean (names: error; SearchStrategy: all) did not find any beans (OnBeanCondition)

   GenericCacheConfiguration matched:
      - Cache org.springframework.boot.autoconfigure.cache.GenericCacheConfiguration automatic cache type (CacheCondition)

   HttpClientAutoConfiguration matched:
      - @ConditionalOnClass found required class 'org.springframework.http.client.ClientHttpRequestFactory' (OnClassCondition)
      - NoneNestedConditions 0 matched 1 did not; NestedCondition on NotReactiveWebApplicationCondition.ReactiveWebApplication did not find reactive web application classes (NotReactiveWebApplicationCondition)

   HttpClientAutoConfiguration#clientHttpRequestFactoryBuilder matched:
      - @ConditionalOnMissingBean (types: org.springframework.boot.http.client.ClientHttpRequestFactoryBuilder<?>; SearchStrategy: all) did not find any beans (OnBeanCondition)

   HttpClientAutoConfiguration#clientHttpRequestFactorySettings matched:
      - @ConditionalOnMissingBean (types: org.springframework.boot.http.client.ClientHttpRequestFactorySettings; SearchStrategy: all) did not find any beans (OnBeanCondition)

   HttpEncodingAutoConfiguration matched:
      - @ConditionalOnClass found required class 'org.springframework.web.filter.CharacterEncodingFilter' (OnClassCondition)
      - found 'session' scope (OnWebApplicationCondition)
      - @ConditionalOnBooleanProperty (server.servlet.encoding.enabled=true) matched (OnPropertyCondition)

   HttpEncodingAutoConfiguration#characterEncodingFilter matched:
      - @ConditionalOnMissingBean (types: org.springframework.web.filter.CharacterEncodingFilter; SearchStrategy: all) did not find any beans (OnBeanCondition)

   HttpMessageConvertersAutoConfiguration matched:
      - @ConditionalOnClass found required class 'org.springframework.http.converter.HttpMessageConverter' (OnClassCondition)
      - NoneNestedConditions 0 matched 1 did not; NestedCondition on HttpMessageConvertersAutoConfiguration.NotReactiveWebApplicationCondition.ReactiveWebApplication did not find reactive web application classes (HttpMessageConvertersAutoConfiguration.NotReactiveWebApplicationCondition)

   HttpMessageConvertersAutoConfiguration#messageConverters matched:
      - @ConditionalOnMissingBean (types: org.springframework.boot.autoconfigure.http.HttpMessageConverters; SearchStrategy: all) did not find any beans (OnBeanCondition)

   HttpMessageConvertersAutoConfiguration.StringHttpMessageConverterConfiguration matched:
      - @ConditionalOnClass found required class 'org.springframework.http.converter.StringHttpMessageConverter' (OnClassCondition)

   HttpMessageConvertersAutoConfiguration.StringHttpMessageConverterConfiguration#stringHttpMessageConverter matched:
      - @ConditionalOnMissingBean (types: org.springframework.http.converter.StringHttpMessageConverter; SearchStrategy: all) did not find any beans (OnBeanCondition)

   JacksonAutoConfiguration matched:
      - @ConditionalOnClass found required class 'com.fasterxml.jackson.databind.ObjectMapper' (OnClassCondition)

   JacksonAutoConfiguration.Jackson2ObjectMapperBuilderCustomizerConfiguration matched:
      - @ConditionalOnClass found required class 'org.springframework.http.converter.json.Jackson2ObjectMapperBuilder' (OnClassCondition)

   JacksonAutoConfiguration.JacksonObjectMapperBuilderConfiguration matched:
      - @ConditionalOnClass found required class 'org.springframework.http.converter.json.Jackson2ObjectMapperBuilder' (OnClassCondition)

   JacksonAutoConfiguration.JacksonObjectMapperBuilderConfiguration#jacksonObjectMapperBuilder matched:
      - @ConditionalOnMissingBean (types: org.springframework.http.converter.json.Jackson2ObjectMapperBuilder; SearchStrategy: all) did not find any beans (OnBeanCondition)

   JacksonAutoConfiguration.JacksonObjectMapperConfiguration matched:
      - @ConditionalOnClass found required class 'org.springframework.http.converter.json.Jackson2ObjectMapperBuilder' (OnClassCondition)

   JacksonAutoConfiguration.JacksonObjectMapperConfiguration#jacksonObjectMapper matched:
      - @ConditionalOnMissingBean (types: com.fasterxml.jackson.databind.ObjectMapper; SearchStrategy: all) did not find any beans (OnBeanCondition)

   JacksonAutoConfiguration.ParameterNamesModuleConfiguration matched:
      - @ConditionalOnClass found required class 'com.fasterxml.jackson.module.paramnames.ParameterNamesModule' (OnClassCondition)

   JacksonAutoConfiguration.ParameterNamesModuleConfiguration#parameterNamesModule matched:
      - @ConditionalOnMissingBean (types: com.fasterxml.jackson.module.paramnames.ParameterNamesModule; SearchStrategy: all) did not find any beans (OnBeanCondition)

   JacksonHttpMessageConvertersConfiguration.MappingJackson2HttpMessageConverterConfiguration matched:
      - @ConditionalOnClass found required class 'com.fasterxml.jackson.databind.ObjectMapper' (OnClassCondition)
      - @ConditionalOnPreferredJsonMapper JACKSON no property was configured and Jackson is the default (OnPreferredJsonMapperCondition)
      - @ConditionalOnBean (types: com.fasterxml.jackson.databind.ObjectMapper; SearchStrategy: all) found bean 'jacksonObjectMapper' (OnBeanCondition)

   JacksonHttpMessageConvertersConfiguration.MappingJackson2HttpMessageConverterConfiguration#mappingJackson2HttpMessageConverter matched:
      - @ConditionalOnMissingBean (types: org.springframework.http.converter.json.MappingJackson2HttpMessageConverter ignored: org.springframework.hateoas.server.mvc.TypeConstrainedMappingJackson2HttpMessageConverter,org.springframework.data.rest.webmvc.alps.AlpsJsonHttpMessageConverter; SearchStrategy: all) did not find any beans (OnBeanCondition)

   JdbcClientAutoConfiguration matched:
      - @ConditionalOnSingleCandidate (types: org.springframework.jdbc.core.namedparam.NamedParameterJdbcTemplate; SearchStrategy: all) found a single bean 'namedParameterJdbcTemplate'; @ConditionalOnMissingBean (types: org.springframework.jdbc.core.simple.JdbcClient; SearchStrategy: all) did not find any beans (OnBeanCondition)

   JdbcTemplateAutoConfiguration matched:
      - @ConditionalOnClass found required classes 'javax.sql.DataSource', 'org.springframework.jdbc.core.JdbcTemplate' (OnClassCondition)
      - @ConditionalOnSingleCandidate (types: javax.sql.DataSource; SearchStrategy: all) found a single bean 'dataSource' (OnBeanCondition)

   JdbcTemplateConfiguration matched:
      - @ConditionalOnMissingBean (types: org.springframework.jdbc.core.JdbcOperations; SearchStrategy: all) did not find any beans (OnBeanCondition)

   LifecycleAutoConfiguration#defaultLifecycleProcessor matched:
      - @ConditionalOnMissingBean (names: lifecycleProcessor; SearchStrategy: current) did not find any beans (OnBeanCondition)

   MultipartAutoConfiguration matched:
      - @ConditionalOnClass found required classes 'jakarta.servlet.Servlet', 'org.springframework.web.multipart.support.StandardServletMultipartResolver', 'jakarta.servlet.MultipartConfigElement' (OnClassCondition)
      - found 'session' scope (OnWebApplicationCondition)
      - @ConditionalOnBooleanProperty (spring.servlet.multipart.enabled=true) matched (OnPropertyCondition)

   MultipartAutoConfiguration#multipartConfigElement matched:
      - @ConditionalOnMissingBean (types: jakarta.servlet.MultipartConfigElement; SearchStrategy: all) did not find any beans (OnBeanCondition)

   MultipartAutoConfiguration#multipartResolver matched:
      - @ConditionalOnMissingBean (types: org.springframework.web.multipart.MultipartResolver; SearchStrategy: all) did not find any beans (OnBeanCondition)

   NamedParameterJdbcTemplateConfiguration matched:
      - @ConditionalOnSingleCandidate (types: org.springframework.jdbc.core.JdbcTemplate; SearchStrategy: all) found a single bean 'jdbcTemplate'; @ConditionalOnMissingBean (types: org.springframework.jdbc.core.namedparam.NamedParameterJdbcOperations; SearchStrategy: all) did not find any beans (OnBeanCondition)

   NoOpCacheConfiguration matched:
      - Cache org.springframework.boot.autoconfigure.cache.NoOpCacheConfiguration automatic cache type (CacheCondition)

   PersistenceExceptionTranslationAutoConfiguration matched:
      - @ConditionalOnClass found required class 'org.springframework.dao.annotation.PersistenceExceptionTranslationPostProcessor' (OnClassCondition)

   PersistenceExceptionTranslationAutoConfiguration#persistenceExceptionTranslationPostProcessor matched:
      - @ConditionalOnBooleanProperty (spring.dao.exceptiontranslation.enabled=true) matched (OnPropertyCondition)
      - @ConditionalOnMissingBean (types: org.springframework.dao.annotation.PersistenceExceptionTranslationPostProcessor; SearchStrategy: all) did not find any beans (OnBeanCondition)

   PropertyPlaceholderAutoConfiguration#propertySourcesPlaceholderConfigurer matched:
      - @ConditionalOnMissingBean (types: org.springframework.context.support.PropertySourcesPlaceholderConfigurer; SearchStrategy: current) did not find any beans (OnBeanCondition)

   RestClientAutoConfiguration matched:
      - @ConditionalOnClass found required class 'org.springframework.web.client.RestClient' (OnClassCondition)
      - AnyNestedCondition 1 matched 1 did not; NestedCondition on NotReactiveWebApplicationOrVirtualThreadsExecutorEnabledCondition.VirtualThreadsExecutorEnabled found non-matching nested conditions @ConditionalOnThreading did not find VIRTUAL; NestedCondition on NotReactiveWebApplicationOrVirtualThreadsExecutorEnabledCondition.NotReactiveWebApplication NoneNestedConditions 0 matched 1 did not; NestedCondition on NotReactiveWebApplicationCondition.ReactiveWebApplication did not find reactive web application classes (NotReactiveWebApplicationOrVirtualThreadsExecutorEnabledCondition)

   RestClientAutoConfiguration#httpMessageConvertersRestClientCustomizer matched:
      - @ConditionalOnMissingBean (types: org.springframework.boot.autoconfigure.web.client.HttpMessageConvertersRestClientCustomizer; SearchStrategy: all) did not find any beans (OnBeanCondition)

   RestClientAutoConfiguration#restClientBuilder matched:
      - @ConditionalOnMissingBean (types: org.springframework.web.client.RestClient$Builder; SearchStrategy: all) did not find any beans (OnBeanCondition)

   RestClientAutoConfiguration#restClientBuilderConfigurer matched:
      - @ConditionalOnMissingBean (types: org.springframework.boot.autoconfigure.web.client.RestClientBuilderConfigurer; SearchStrategy: all) did not find any beans (OnBeanCondition)

   RestClientAutoConfiguration#restClientSsl matched:
      - @ConditionalOnBean (types: org.springframework.boot.ssl.SslBundles; SearchStrategy: all) found bean 'sslBundleRegistry'; @ConditionalOnMissingBean (types: org.springframework.boot.autoconfigure.web.client.RestClientSsl; SearchStrategy: all) did not find any beans (OnBeanCondition)

   RestTemplateAutoConfiguration matched:
      - @ConditionalOnClass found required class 'org.springframework.web.client.RestTemplate' (OnClassCondition)
      - NoneNestedConditions 0 matched 1 did not; NestedCondition on NotReactiveWebApplicationCondition.ReactiveWebApplication did not find reactive web application classes (NotReactiveWebApplicationCondition)

   RestTemplateAutoConfiguration#restTemplateBuilder matched:
      - @ConditionalOnMissingBean (types: org.springframework.boot.web.client.RestTemplateBuilder; SearchStrategy: all) did not find any beans (OnBeanCondition)

   ServletWebServerFactoryAutoConfiguration matched:
      - @ConditionalOnClass found required class 'jakarta.servlet.ServletRequest' (OnClassCondition)
      - found 'session' scope (OnWebApplicationCondition)

   ServletWebServerFactoryAutoConfiguration.TomcatConfiguration matched:
      - @ConditionalOnClass found required class 'org.apache.catalina.startup.Tomcat' (OnClassCondition)

   ServletWebServerFactoryConfiguration.EmbeddedTomcat matched:
      - @ConditionalOnClass found required classes 'jakarta.servlet.Servlet', 'org.apache.catalina.startup.Tomcat', 'org.apache.coyote.UpgradeProtocol' (OnClassCondition)
      - @ConditionalOnMissingBean (types: org.springframework.boot.web.servlet.server.ServletWebServerFactory; SearchStrategy: current) did not find any beans (OnBeanCondition)

   SimpleCacheConfiguration matched:
      - Cache org.springframework.boot.autoconfigure.cache.SimpleCacheConfiguration automatic cache type (CacheCondition)

   SqlInitializationAutoConfiguration matched:
      - @ConditionalOnBooleanProperty (spring.sql.init.enabled=true) matched (OnPropertyCondition)
      - NoneNestedConditions 0 matched 1 did not; NestedCondition on SqlInitializationAutoConfiguration.SqlInitializationModeCondition.ModeIsNever @ConditionalOnProperty (spring.sql.init.mode=never) found different value in property 'spring.sql.init.mode' (SqlInitializationAutoConfiguration.SqlInitializationModeCondition)

   SslAutoConfiguration#sslBundleRegistry matched:
      - @ConditionalOnMissingBean (types: org.springframework.boot.ssl.SslBundleRegistry,org.springframework.boot.ssl.SslBundles; SearchStrategy: all) did not find any beans (OnBeanCondition)

   TaskExecutionAutoConfiguration matched:
      - @ConditionalOnClass found required class 'org.springframework.scheduling.concurrent.ThreadPoolTaskExecutor' (OnClassCondition)

   TaskExecutorConfigurations.AsyncConfigurerConfiguration matched:
      - @ConditionalOnMissingBean (types: org.springframework.scheduling.annotation.AsyncConfigurer; SearchStrategy: all) did not find any beans (OnBeanCondition)

   TaskExecutorConfigurations.AsyncConfigurerConfiguration#applicationTaskExecutorAsyncConfigurer matched:
      - @ConditionalOnMissingBean (types: org.springframework.scheduling.annotation.AsyncConfigurer; SearchStrategy: all) did not find any beans (OnBeanCondition)

   TaskExecutorConfigurations.SimpleAsyncTaskExecutorBuilderConfiguration#simpleAsyncTaskExecutorBuilder matched:
      - @ConditionalOnMissingBean (types: org.springframework.boot.task.SimpleAsyncTaskExecutorBuilder; SearchStrategy: all) did not find any beans (OnBeanCondition)
      - @ConditionalOnThreading found PLATFORM (OnThreadingCondition)

   TaskExecutorConfigurations.TaskExecutorConfiguration matched:
      - AnyNestedCondition 1 matched 1 did not; NestedCondition on TaskExecutorConfigurations.OnExecutorCondition.ModelCondition @ConditionalOnProperty (spring.task.execution.mode=force) did not find property 'spring.task.execution.mode'; NestedCondition on TaskExecutorConfigurations.OnExecutorCondition.ExecutorBeanCondition @ConditionalOnMissingBean (types: java.util.concurrent.Executor; SearchStrategy: all) did not find any beans (TaskExecutorConfigurations.OnExecutorCondition)

   TaskExecutorConfigurations.TaskExecutorConfiguration#applicationTaskExecutor matched:
      - @ConditionalOnThreading found PLATFORM (OnThreadingCondition)

   TaskExecutorConfigurations.ThreadPoolTaskExecutorBuilderConfiguration#threadPoolTaskExecutorBuilder matched:
      - @ConditionalOnMissingBean (types: org.springframework.boot.task.ThreadPoolTaskExecutorBuilder; SearchStrategy: all) did not find any beans (OnBeanCondition)

   TaskSchedulingAutoConfiguration matched:
      - @ConditionalOnClass found required class 'org.springframework.scheduling.concurrent.ThreadPoolTaskScheduler' (OnClassCondition)

   TaskSchedulingConfigurations.SimpleAsyncTaskSchedulerBuilderConfiguration#simpleAsyncTaskSchedulerBuilder matched:
      - @ConditionalOnMissingBean (types: org.springframework.boot.task.SimpleAsyncTaskSchedulerBuilder; SearchStrategy: all) did not find any beans (OnBeanCondition)
      - @ConditionalOnThreading found PLATFORM (OnThreadingCondition)

   TaskSchedulingConfigurations.ThreadPoolTaskSchedulerBuilderConfiguration#threadPoolTaskSchedulerBuilder matched:
      - @ConditionalOnMissingBean (types: org.springframework.boot.task.ThreadPoolTaskSchedulerBuilder; SearchStrategy: all) did not find any beans (OnBeanCondition)

   TransactionAutoConfiguration matched:
      - @ConditionalOnClass found required class 'org.springframework.transaction.PlatformTransactionManager' (OnClassCondition)

   TransactionAutoConfiguration.EnableTransactionManagementConfiguration matched:
      - @ConditionalOnBean (types: org.springframework.transaction.TransactionManager; SearchStrategy: all) found bean 'transactionManager'; @ConditionalOnMissingBean (types: org.springframework.transaction.annotation.AbstractTransactionManagementConfiguration; SearchStrategy: all) did not find any beans (OnBeanCondition)

   TransactionAutoConfiguration.EnableTransactionManagementConfiguration.CglibAutoProxyConfiguration matched:
      - @ConditionalOnBooleanProperty (spring.aop.proxy-target-class=true) matched (OnPropertyCondition)

   TransactionAutoConfiguration.TransactionTemplateConfiguration matched:
      - @ConditionalOnSingleCandidate (types: org.springframework.transaction.PlatformTransactionManager; SearchStrategy: all) found a single bean 'transactionManager' (OnBeanCondition)

   TransactionAutoConfiguration.TransactionTemplateConfiguration#transactionTemplate matched:
      - @ConditionalOnMissingBean (types: org.springframework.transaction.support.TransactionOperations; SearchStrategy: all) did not find any beans (OnBeanCondition)

   TransactionManagerCustomizationAutoConfiguration matched:
      - @ConditionalOnClass found required class 'org.springframework.transaction.PlatformTransactionManager' (OnClassCondition)

   TransactionManagerCustomizationAutoConfiguration#platformTransactionManagerCustomizers matched:
      - @ConditionalOnMissingBean (types: org.springframework.boot.autoconfigure.transaction.TransactionManagerCustomizers; SearchStrategy: all) did not find any beans (OnBeanCondition)

   ValidationAutoConfiguration matched:
      - @ConditionalOnClass found required class 'jakarta.validation.executable.ExecutableValidator' (OnClassCondition)
      - @ConditionalOnResource found location classpath:META-INF/services/jakarta.validation.spi.ValidationProvider (OnResourceCondition)

   ValidationAutoConfiguration#defaultValidator matched:
      - @ConditionalOnMissingBean (types: jakarta.validation.Validator; SearchStrategy: all) did not find any beans (OnBeanCondition)

   ValidationAutoConfiguration#methodValidationPostProcessor matched:
      - @ConditionalOnMissingBean (types: org.springframework.validation.beanvalidation.MethodValidationPostProcessor; SearchStrategy: current) did not find any beans (OnBeanCondition)

   WebMvcAutoConfiguration matched:
      - @ConditionalOnClass found required classes 'jakarta.servlet.Servlet', 'org.springframework.web.servlet.DispatcherServlet', 'org.springframework.web.servlet.config.annotation.WebMvcConfigurer' (OnClassCondition)
      - found 'session' scope (OnWebApplicationCondition)
      - @ConditionalOnMissingBean (types: org.springframework.web.servlet.config.annotation.WebMvcConfigurationSupport; SearchStrategy: all) did not find any beans (OnBeanCondition)

   WebMvcAutoConfiguration#formContentFilter matched:
      - @ConditionalOnBooleanProperty (spring.mvc.formcontent.filter.enabled=true) matched (OnPropertyCondition)
      - @ConditionalOnMissingBean (types: org.springframework.web.filter.FormContentFilter; SearchStrategy: all) did not find any beans (OnBeanCondition)

   WebMvcAutoConfiguration.EnableWebMvcConfiguration#flashMapManager matched:
      - @ConditionalOnMissingBean (names: flashMapManager; SearchStrategy: all) did not find any beans (OnBeanCondition)

   WebMvcAutoConfiguration.EnableWebMvcConfiguration#localeResolver matched:
      - @ConditionalOnMissingBean (names: localeResolver; SearchStrategy: all) did not find any beans (OnBeanCondition)

   WebMvcAutoConfiguration.EnableWebMvcConfiguration#themeResolver matched:
      - @ConditionalOnMissingBean (names: themeResolver; SearchStrategy: all) did not find any beans (OnBeanCondition)

   WebMvcAutoConfiguration.EnableWebMvcConfiguration#viewNameTranslator matched:
      - @ConditionalOnMissingBean (names: viewNameTranslator; SearchStrategy: all) did not find any beans (OnBeanCondition)

   WebMvcAutoConfiguration.WebMvcAutoConfigurationAdapter#defaultViewResolver matched:
      - @ConditionalOnMissingBean (types: org.springframework.web.servlet.view.InternalResourceViewResolver; SearchStrategy: all) did not find any beans (OnBeanCondition)

   WebMvcAutoConfiguration.WebMvcAutoConfigurationAdapter#requestContextFilter matched:
      - @ConditionalOnMissingBean (types: org.springframework.web.context.request.RequestContextListener,org.springframework.web.filter.RequestContextFilter; SearchStrategy: all) did not find any beans (OnBeanCondition)

   WebMvcAutoConfiguration.WebMvcAutoConfigurationAdapter#viewResolver matched:
      - @ConditionalOnBean (types: org.springframework.web.servlet.ViewResolver; SearchStrategy: all) found beans 'defaultViewResolver', 'beanNameViewResolver', 'mvcViewResolver'; @ConditionalOnMissingBean (names: viewResolver types: org.springframework.web.servlet.view.ContentNegotiatingViewResolver; SearchStrategy: all) did not find any beans (OnBeanCondition)

   WebSocketServletAutoConfiguration matched:
      - @ConditionalOnClass found required classes 'jakarta.servlet.Servlet', 'jakarta.websocket.server.ServerContainer' (OnClassCondition)
      - found 'session' scope (OnWebApplicationCondition)

   WebSocketServletAutoConfiguration.TomcatWebSocketConfiguration matched:
      - @ConditionalOnClass found required classes 'org.apache.catalina.startup.Tomcat', 'org.apache.tomcat.websocket.server.WsSci' (OnClassCondition)

   WebSocketServletAutoConfiguration.TomcatWebSocketConfiguration#websocketServletWebServerCustomizer matched:
      - @ConditionalOnMissingBean (names: websocketServletWebServerCustomizer; SearchStrategy: all) did not find any beans (OnBeanCondition)


Negative matches:
-----------------

   ActiveMQAutoConfiguration:
      Did not match:
         - @ConditionalOnClass did not find required class 'jakarta.jms.ConnectionFactory' (OnClassCondition)

   AopAutoConfiguration.AspectJAutoProxyingConfiguration:
      Did not match:
         - @ConditionalOnClass did not find required class 'org.aspectj.weaver.Advice' (OnClassCondition)

   ArtemisAutoConfiguration:
      Did not match:
         - @ConditionalOnClass did not find required class 'jakarta.jms.ConnectionFactory' (OnClassCondition)

   BatchAutoConfiguration:
      Did not match:
         - @ConditionalOnClass did not find required class 'org.springframework.batch.core.launch.JobLauncher' (OnClassCondition)

   BootstrapDataInitializer:
      Did not match:
         - @ConditionalOnBean (types: org.springframework.jdbc.core.JdbcTemplate; SearchStrategy: all) did not find any beans of type org.springframework.jdbc.core.JdbcTemplate (OnBeanCondition)

   Cache2kCacheConfiguration:
      Did not match:
         - @ConditionalOnClass did not find required class 'org.cache2k.Cache2kBuilder' (OnClassCondition)

   CacheAutoConfiguration:
      Did not match:
         - @ConditionalOnBean (types: org.springframework.cache.interceptor.CacheAspectSupport; SearchStrategy: all) did not find any beans of type org.springframework.cache.interceptor.CacheAspectSupport (OnBeanCondition)
      Matched:
         - @ConditionalOnClass found required class 'org.springframework.cache.CacheManager' (OnClassCondition)

   CacheAutoConfiguration.CacheManagerEntityManagerFactoryDependsOnPostProcessor:
      Did not match:
         - @ConditionalOnClass did not find required class 'org.springframework.orm.jpa.LocalContainerEntityManagerFactoryBean' (OnClassCondition)
         - Ancestor org.springframework.boot.autoconfigure.cache.CacheAutoConfiguration did not match (ConditionEvaluationReport.AncestorsMatchedCondition)

   CaffeineCacheConfiguration:
      Did not match:
         - @ConditionalOnClass did not find required class 'com.github.benmanes.caffeine.cache.Caffeine' (OnClassCondition)

   CassandraAutoConfiguration:
      Did not match:
         - @ConditionalOnClass did not find required class 'com.datastax.oss.driver.api.core.CqlSession' (OnClassCondition)

   CassandraDataAutoConfiguration:
      Did not match:
         - @ConditionalOnClass did not find required class 'com.datastax.oss.driver.api.core.CqlSession' (OnClassCondition)

   CassandraReactiveDataAutoConfiguration:
      Did not match:
         - @ConditionalOnClass did not find required class 'com.datastax.oss.driver.api.core.CqlSession' (OnClassCondition)

   CassandraReactiveRepositoriesAutoConfiguration:
      Did not match:
         - @ConditionalOnClass did not find required class 'org.springframework.data.cassandra.ReactiveSession' (OnClassCondition)

   CassandraRepositoriesAutoConfiguration:
      Did not match:
         - @ConditionalOnClass did not find required class 'com.datastax.oss.driver.api.core.CqlSession' (OnClassCondition)

   org.springframework.boot.autoconfigure.http.client.reactive.ClientHttpConnectorAutoConfiguration:
      Did not match:
         - @ConditionalOnClass did not find required class 'reactor.core.publisher.Mono' (OnClassCondition)

   org.springframework.boot.autoconfigure.web.reactive.function.client.ClientHttpConnectorAutoConfiguration:
      Did not match:
         - @ConditionalOnClass did not find required class 'org.springframework.web.reactive.function.client.WebClient' (OnClassCondition)

   CodecsAutoConfiguration:
      Did not match:
         - @ConditionalOnClass did not find required class 'org.springframework.web.reactive.function.client.WebClient' (OnClassCondition)

   CouchbaseAutoConfiguration:
      Did not match:
         - @ConditionalOnClass did not find required class 'com.couchbase.client.java.Cluster' (OnClassCondition)

   CouchbaseCacheConfiguration:
      Did not match:
         - @ConditionalOnClass did not find required class 'com.couchbase.client.java.Cluster' (OnClassCondition)

   CouchbaseDataAutoConfiguration:
      Did not match:
         - @ConditionalOnClass did not find required class 'com.couchbase.client.java.Bucket' (OnClassCondition)

   CouchbaseReactiveDataAutoConfiguration:
      Did not match:
         - @ConditionalOnClass did not find required class 'com.couchbase.client.java.Cluster' (OnClassCondition)

   CouchbaseReactiveRepositoriesAutoConfiguration:
      Did not match:
         - @ConditionalOnClass did not find required class 'com.couchbase.client.java.Cluster' (OnClassCondition)

   CouchbaseRepositoriesAutoConfiguration:
      Did not match:
         - @ConditionalOnClass did not find required class 'com.couchbase.client.java.Bucket' (OnClassCondition)

   DataSourceAutoConfiguration.EmbeddedDatabaseConfiguration:
      Did not match:
         - EmbeddedDataSource spring.datasource.url is set (DataSourceAutoConfiguration.EmbeddedDatabaseCondition)

   DataSourceCheckpointRestoreConfiguration:
      Did not match:
         - @ConditionalOnClass did not find required class 'org.crac.Resource' (OnClassCondition)

   DataSourceConfiguration.Dbcp2:
      Did not match:
         - @ConditionalOnClass did not find required class 'org.apache.commons.dbcp2.BasicDataSource' (OnClassCondition)

   DataSourceConfiguration.Generic:
      Did not match:
         - @ConditionalOnProperty (spring.datasource.type) did not find property 'spring.datasource.type' (OnPropertyCondition)

   DataSourceConfiguration.OracleUcp:
      Did not match:
         - @ConditionalOnClass did not find required classes 'oracle.ucp.jdbc.PoolDataSourceImpl', 'oracle.jdbc.OracleConnection' (OnClassCondition)

   DataSourceConfiguration.Tomcat:
      Did not match:
         - @ConditionalOnClass did not find required class 'org.apache.tomcat.jdbc.pool.DataSource' (OnClassCondition)

   DataSourceJmxConfiguration:
      Did not match:
         - @ConditionalOnBooleanProperty (spring.jmx.enabled=true) did not find property 'spring.jmx.enabled' (OnPropertyCondition)

   DataSourcePoolMetadataProvidersConfiguration.CommonsDbcp2PoolDataSourceMetadataProviderConfiguration:
      Did not match:
         - @ConditionalOnClass did not find required class 'org.apache.commons.dbcp2.BasicDataSource' (OnClassCondition)

   DataSourcePoolMetadataProvidersConfiguration.OracleUcpPoolDataSourceMetadataProviderConfiguration:
      Did not match:
         - @ConditionalOnClass did not find required classes 'oracle.ucp.jdbc.PoolDataSource', 'oracle.jdbc.OracleConnection' (OnClassCondition)

   DataSourcePoolMetadataProvidersConfiguration.TomcatDataSourcePoolMetadataProviderConfiguration:
      Did not match:
         - @ConditionalOnClass did not find required class 'org.apache.tomcat.jdbc.pool.DataSource' (OnClassCondition)

   DispatcherServletAutoConfiguration.DispatcherServletConfiguration#multipartResolver:
      Did not match:
         - @ConditionalOnBean (types: org.springframework.web.multipart.MultipartResolver; SearchStrategy: all) did not find any beans of type org.springframework.web.multipart.MultipartResolver (OnBeanCondition)

   ElasticsearchClientAutoConfiguration:
      Did not match:
         - @ConditionalOnClass did not find required class 'co.elastic.clients.elasticsearch.ElasticsearchClient' (OnClassCondition)

   ElasticsearchDataAutoConfiguration:
      Did not match:
         - @ConditionalOnClass did not find required class 'org.springframework.data.elasticsearch.client.elc.ElasticsearchTemplate' (OnClassCondition)

   ElasticsearchRepositoriesAutoConfiguration:
      Did not match:
         - @ConditionalOnClass did not find required class 'org.springframework.data.elasticsearch.repository.ElasticsearchRepository' (OnClassCondition)

   ElasticsearchRestClientAutoConfiguration:
      Did not match:
         - @ConditionalOnClass did not find required class 'org.elasticsearch.client.RestClientBuilder' (OnClassCondition)

   EmbeddedLdapAutoConfiguration:
      Did not match:
         - @ConditionalOnClass did not find required class 'com.unboundid.ldap.listener.InMemoryDirectoryServer' (OnClassCondition)

   EmbeddedWebServerFactoryCustomizerAutoConfiguration.JettyWebServerFactoryCustomizerConfiguration:
      Did not match:
         - @ConditionalOnClass did not find required classes 'org.eclipse.jetty.server.Server', 'org.eclipse.jetty.util.Loader', 'org.eclipse.jetty.ee10.webapp.WebAppContext' (OnClassCondition)

   EmbeddedWebServerFactoryCustomizerAutoConfiguration.NettyWebServerFactoryCustomizerConfiguration:
      Did not match:
         - @ConditionalOnClass did not find required class 'reactor.netty.http.server.HttpServer' (OnClassCondition)

   EmbeddedWebServerFactoryCustomizerAutoConfiguration.TomcatWebServerFactoryCustomizerConfiguration#tomcatVirtualThreadsProtocolHandlerCustomizer:
      Did not match:
         - @ConditionalOnThreading did not find VIRTUAL (OnThreadingCondition)

   EmbeddedWebServerFactoryCustomizerAutoConfiguration.UndertowWebServerFactoryCustomizerConfiguration:
      Did not match:
         - @ConditionalOnClass did not find required classes 'io.undertow.Undertow', 'org.xnio.SslClientAuthMode' (OnClassCondition)

   ErrorWebFluxAutoConfiguration:
      Did not match:
         - @ConditionalOnClass did not find required class 'org.springframework.web.reactive.config.WebFluxConfigurer' (OnClassCondition)

   FlywayAutoConfiguration:
      Did not match:
         - @ConditionalOnClass did not find required class 'org.flywaydb.core.Flyway' (OnClassCondition)

   FreeMarkerAutoConfiguration:
      Did not match:
         - @ConditionalOnClass did not find required class 'freemarker.template.Configuration' (OnClassCondition)

   GraphQlAutoConfiguration:
      Did not match:
         - @ConditionalOnClass did not find required class 'graphql.GraphQL' (OnClassCondition)

   GraphQlQueryByExampleAutoConfiguration:
      Did not match:
         - @ConditionalOnClass did not find required class 'graphql.GraphQL' (OnClassCondition)

   GraphQlQuerydslAutoConfiguration:
      Did not match:
         - @ConditionalOnClass did not find required class 'com.querydsl.core.Query' (OnClassCondition)

   GraphQlRSocketAutoConfiguration:
      Did not match:
         - @ConditionalOnClass did not find required class 'graphql.GraphQL' (OnClassCondition)

   GraphQlReactiveQueryByExampleAutoConfiguration:
      Did not match:
         - @ConditionalOnClass did not find required class 'graphql.GraphQL' (OnClassCondition)

   GraphQlReactiveQuerydslAutoConfiguration:
      Did not match:
         - @ConditionalOnClass did not find required class 'com.querydsl.core.Query' (OnClassCondition)

   GraphQlWebFluxAutoConfiguration:
      Did not match:
         - @ConditionalOnClass did not find required class 'graphql.GraphQL' (OnClassCondition)

   GraphQlWebFluxSecurityAutoConfiguration:
      Did not match:
         - @ConditionalOnClass did not find required class 'graphql.GraphQL' (OnClassCondition)

   GraphQlWebMvcAutoConfiguration:
      Did not match:
         - @ConditionalOnClass did not find required class 'graphql.GraphQL' (OnClassCondition)

   GraphQlWebMvcSecurityAutoConfiguration:
      Did not match:
         - @ConditionalOnClass did not find required class 'graphql.GraphQL' (OnClassCondition)

   GroovyTemplateAutoConfiguration:
      Did not match:
         - @ConditionalOnClass did not find required class 'groovy.text.markup.MarkupTemplateEngine' (OnClassCondition)

   GsonAutoConfiguration:
      Did not match:
         - @ConditionalOnClass did not find required class 'com.google.gson.Gson' (OnClassCondition)

   GsonHttpMessageConvertersConfiguration:
      Did not match:
         - @ConditionalOnClass did not find required class 'com.google.gson.Gson' (OnClassCondition)

   H2ConsoleAutoConfiguration:
      Did not match:
         - @ConditionalOnClass did not find required class 'org.h2.server.web.JakartaWebServlet' (OnClassCondition)

   HazelcastAutoConfiguration:
      Did not match:
         - @ConditionalOnClass did not find required class 'com.hazelcast.core.HazelcastInstance' (OnClassCondition)

   HazelcastCacheConfiguration:
      Did not match:
         - @ConditionalOnClass did not find required class 'com.hazelcast.core.HazelcastInstance' (OnClassCondition)

   HazelcastJpaDependencyAutoConfiguration:
      Did not match:
         - @ConditionalOnClass did not find required class 'com.hazelcast.core.HazelcastInstance' (OnClassCondition)

   HibernateJpaAutoConfiguration:
      Did not match:
         - @ConditionalOnClass did not find required class 'jakarta.persistence.EntityManager' (OnClassCondition)

   HttpHandlerAutoConfiguration:
      Did not match:
         - @ConditionalOnClass did not find required class 'org.springframework.web.reactive.DispatcherHandler' (OnClassCondition)

   HypermediaAutoConfiguration:
      Did not match:
         - @ConditionalOnClass did not find required class 'org.springframework.hateoas.EntityModel' (OnClassCondition)

   InfinispanCacheConfiguration:
      Did not match:
         - @ConditionalOnClass did not find required class 'org.infinispan.spring.embedded.provider.SpringEmbeddedCacheManager' (OnClassCondition)

   IntegrationAutoConfiguration:
      Did not match:
         - @ConditionalOnClass did not find required class 'org.springframework.integration.config.EnableIntegration' (OnClassCondition)

   JCacheCacheConfiguration:
      Did not match:
         - @ConditionalOnClass did not find required class 'javax.cache.Caching' (OnClassCondition)

   JacksonHttpMessageConvertersConfiguration.MappingJackson2XmlHttpMessageConverterConfiguration:
      Did not match:
         - @ConditionalOnClass did not find required class 'com.fasterxml.jackson.dataformat.xml.XmlMapper' (OnClassCondition)

   JdbcRepositoriesAutoConfiguration:
      Did not match:
         - @ConditionalOnClass did not find required class 'org.springframework.data.jdbc.repository.config.AbstractJdbcConfiguration' (OnClassCondition)

   JerseyAutoConfiguration:
      Did not match:
         - @ConditionalOnClass did not find required class 'org.glassfish.jersey.server.spring.SpringComponentProvider' (OnClassCondition)

   JmsAutoConfiguration:
      Did not match:
         - @ConditionalOnClass did not find required class 'jakarta.jms.Message' (OnClassCondition)

   JmxAutoConfiguration:
      Did not match:
         - @ConditionalOnBooleanProperty (spring.jmx.enabled=true) did not find property 'spring.jmx.enabled' (OnPropertyCondition)
      Matched:
         - @ConditionalOnClass found required class 'org.springframework.jmx.export.MBeanExporter' (OnClassCondition)

   JndiConnectionFactoryAutoConfiguration:
      Did not match:
         - @ConditionalOnClass did not find required class 'org.springframework.jms.core.JmsTemplate' (OnClassCondition)

   JndiDataSourceAutoConfiguration:
      Did not match:
         - @ConditionalOnProperty (spring.datasource.jndi-name) did not find property 'spring.datasource.jndi-name' (OnPropertyCondition)
      Matched:
         - @ConditionalOnClass found required classes 'javax.sql.DataSource', 'org.springframework.jdbc.datasource.embedded.EmbeddedDatabaseType' (OnClassCondition)

   JooqAutoConfiguration:
      Did not match:
         - @ConditionalOnClass did not find required class 'org.jooq.DSLContext' (OnClassCondition)

   JpaRepositoriesAutoConfiguration:
      Did not match:
         - @ConditionalOnClass did not find required class 'org.springframework.data.jpa.repository.JpaRepository' (OnClassCondition)

   JsonbAutoConfiguration:
      Did not match:
         - @ConditionalOnClass did not find required class 'jakarta.json.bind.Jsonb' (OnClassCondition)

   JsonbHttpMessageConvertersConfiguration:
      Did not match:
         - @ConditionalOnClass did not find required class 'jakarta.json.bind.Jsonb' (OnClassCondition)

   JtaAutoConfiguration:
      Did not match:
         - @ConditionalOnClass did not find required class 'jakarta.transaction.Transaction' (OnClassCondition)

   KafkaAutoConfiguration:
      Did not match:
         - @ConditionalOnClass did not find required class 'org.springframework.kafka.core.KafkaTemplate' (OnClassCondition)

   LdapAutoConfiguration:
      Did not match:
         - @ConditionalOnClass did not find required class 'org.springframework.ldap.core.ContextSource' (OnClassCondition)

   LdapRepositoriesAutoConfiguration:
      Did not match:
         - @ConditionalOnClass did not find required class 'org.springframework.data.ldap.repository.LdapRepository' (OnClassCondition)

   LiquibaseAutoConfiguration:
      Did not match:
         - @ConditionalOnClass did not find required class 'liquibase.change.DatabaseChange' (OnClassCondition)

   MailSenderAutoConfiguration:
      Did not match:
         - @ConditionalOnClass did not find required class 'jakarta.activation.MimeType' (OnClassCondition)

   MailSenderValidatorAutoConfiguration:
      Did not match:
         - @ConditionalOnSingleCandidate did not find required type 'org.springframework.mail.javamail.JavaMailSenderImpl' (OnBeanCondition)

   MessageSourceAutoConfiguration:
      Did not match:
         - ResourceBundle did not find bundle with basename messages (MessageSourceAutoConfiguration.ResourceBundleCondition)

   MongoAutoConfiguration:
      Did not match:
         - @ConditionalOnClass did not find required class 'com.mongodb.client.MongoClient' (OnClassCondition)

   MongoDataAutoConfiguration:
      Did not match:
         - @ConditionalOnClass did not find required class 'com.mongodb.client.MongoClient' (OnClassCondition)

   MongoReactiveAutoConfiguration:
      Did not match:
         - @ConditionalOnClass did not find required class 'com.mongodb.reactivestreams.client.MongoClient' (OnClassCondition)

   MongoReactiveDataAutoConfiguration:
      Did not match:
         - @ConditionalOnClass did not find required class 'com.mongodb.reactivestreams.client.MongoClient' (OnClassCondition)

   MongoReactiveRepositoriesAutoConfiguration:
      Did not match:
         - @ConditionalOnClass did not find required class 'com.mongodb.reactivestreams.client.MongoClient' (OnClassCondition)

   MongoRepositoriesAutoConfiguration:
      Did not match:
         - @ConditionalOnClass did not find required class 'com.mongodb.client.MongoClient' (OnClassCondition)

   MustacheAutoConfiguration:
      Did not match:
         - @ConditionalOnClass did not find required class 'com.samskivert.mustache.Mustache' (OnClassCondition)

   Neo4jAutoConfiguration:
      Did not match:
         - @ConditionalOnClass did not find required class 'org.neo4j.driver.Driver' (OnClassCondition)

   Neo4jDataAutoConfiguration:
      Did not match:
         - @ConditionalOnClass did not find required class 'org.neo4j.driver.Driver' (OnClassCondition)

   Neo4jReactiveDataAutoConfiguration:
      Did not match:
         - @ConditionalOnClass did not find required class 'org.neo4j.driver.Driver' (OnClassCondition)

   Neo4jReactiveRepositoriesAutoConfiguration:
      Did not match:
         - @ConditionalOnClass did not find required class 'org.neo4j.driver.Driver' (OnClassCondition)

   Neo4jRepositoriesAutoConfiguration:
      Did not match:
         - @ConditionalOnClass did not find required class 'org.neo4j.driver.Driver' (OnClassCondition)

   NettyAutoConfiguration:
      Did not match:
         - @ConditionalOnClass did not find required class 'io.netty.util.NettyRuntime' (OnClassCondition)

   OAuth2AuthorizationServerAutoConfiguration:
      Did not match:
         - @ConditionalOnClass did not find required class 'org.springframework.security.oauth2.server.authorization.OAuth2Authorization' (OnClassCondition)

   OAuth2AuthorizationServerJwtAutoConfiguration:
      Did not match:
         - @ConditionalOnClass did not find required class 'com.nimbusds.jose.jwk.source.JWKSource' (OnClassCondition)

   OAuth2ClientAutoConfiguration:
      Did not match:
         - @ConditionalOnClass did not find required class 'org.springframework.security.oauth2.client.registration.ClientRegistration' (OnClassCondition)

   OAuth2ClientWebSecurityAutoConfiguration:
      Did not match:
         - @ConditionalOnClass did not find required class 'org.springframework.security.config.annotation.web.configuration.EnableWebSecurity' (OnClassCondition)

   OAuth2ResourceServerAutoConfiguration:
      Did not match:
         - @ConditionalOnClass did not find required class 'org.springframework.security.oauth2.server.resource.authentication.BearerTokenAuthenticationToken' (OnClassCondition)

   ProjectInfoAutoConfiguration#buildProperties:
      Did not match:
         - @ConditionalOnResource did not find resource '${spring.info.build.location:classpath:META-INF/build-info.properties}' (OnResourceCondition)

   ProjectInfoAutoConfiguration#gitProperties:
      Did not match:
         - GitResource did not find git info at classpath:git.properties (ProjectInfoAutoConfiguration.GitResourceAvailableCondition)

   PulsarAutoConfiguration:
      Did not match:
         - @ConditionalOnClass did not find required class 'org.apache.pulsar.client.api.PulsarClient' (OnClassCondition)

   PulsarReactiveAutoConfiguration:
      Did not match:
         - @ConditionalOnClass did not find required class 'org.apache.pulsar.client.api.PulsarClient' (OnClassCondition)

   QuartzAutoConfiguration:
      Did not match:
         - @ConditionalOnClass did not find required class 'org.quartz.Scheduler' (OnClassCondition)

   R2dbcAutoConfiguration:
      Did not match:
         - @ConditionalOnClass did not find required class 'io.r2dbc.spi.ConnectionFactory' (OnClassCondition)

   R2dbcDataAutoConfiguration:
      Did not match:
         - @ConditionalOnClass did not find required class 'org.springframework.data.r2dbc.core.R2dbcEntityTemplate' (OnClassCondition)

   R2dbcInitializationConfiguration:
      Did not match:
         - @ConditionalOnClass did not find required classes 'io.r2dbc.spi.ConnectionFactory', 'org.springframework.r2dbc.connection.init.DatabasePopulator' (OnClassCondition)

   R2dbcProxyAutoConfiguration:
      Did not match:
         - @ConditionalOnClass did not find required class 'io.r2dbc.proxy.ProxyConnectionFactory' (OnClassCondition)

   R2dbcRepositoriesAutoConfiguration:
      Did not match:
         - @ConditionalOnClass did not find required class 'io.r2dbc.spi.ConnectionFactory' (OnClassCondition)

   R2dbcTransactionManagerAutoConfiguration:
      Did not match:
         - @ConditionalOnClass did not find required class 'org.springframework.r2dbc.connection.R2dbcTransactionManager' (OnClassCondition)

   RSocketGraphQlClientAutoConfiguration:
      Did not match:
         - @ConditionalOnClass did not find required class 'graphql.GraphQL' (OnClassCondition)

   RSocketMessagingAutoConfiguration:
      Did not match:
         - @ConditionalOnClass did not find required class 'io.rsocket.RSocket' (OnClassCondition)

   RSocketRequesterAutoConfiguration:
      Did not match:
         - @ConditionalOnClass did not find required class 'io.rsocket.RSocket' (OnClassCondition)

   RSocketSecurityAutoConfiguration:
      Did not match:
         - @ConditionalOnClass did not find required class 'org.springframework.security.rsocket.core.SecuritySocketAcceptorInterceptor' (OnClassCondition)

   RSocketServerAutoConfiguration:
      Did not match:
         - @ConditionalOnClass did not find required class 'io.rsocket.core.RSocketServer' (OnClassCondition)

   RSocketStrategiesAutoConfiguration:
      Did not match:
         - @ConditionalOnClass did not find required class 'io.netty.buffer.PooledByteBufAllocator' (OnClassCondition)

   RabbitAutoConfiguration:
      Did not match:
         - @ConditionalOnClass did not find required class 'com.rabbitmq.client.Channel' (OnClassCondition)

   ReactiveElasticsearchClientAutoConfiguration:
      Did not match:
         - @ConditionalOnClass did not find required class 'co.elastic.clients.transport.ElasticsearchTransport' (OnClassCondition)

   ReactiveElasticsearchRepositoriesAutoConfiguration:
      Did not match:
         - @ConditionalOnClass did not find required class 'reactor.core.publisher.Mono' (OnClassCondition)

   ReactiveMultipartAutoConfiguration:
      Did not match:
         - @ConditionalOnClass did not find required class 'org.springframework.web.reactive.config.WebFluxConfigurer' (OnClassCondition)

   ReactiveOAuth2ClientAutoConfiguration:
      Did not match:
         - @ConditionalOnClass did not find required class 'reactor.core.publisher.Flux' (OnClassCondition)

   ReactiveOAuth2ClientWebSecurityAutoConfiguration:
      Did not match:
         - @ConditionalOnClass did not find required class 'reactor.core.publisher.Flux' (OnClassCondition)

   ReactiveOAuth2ResourceServerAutoConfiguration:
      Did not match:
         - @ConditionalOnClass did not find required class 'org.springframework.security.config.annotation.web.reactive.EnableWebFluxSecurity' (OnClassCondition)

   ReactiveSecurityAutoConfiguration:
      Did not match:
         - @ConditionalOnClass did not find required class 'reactor.core.publisher.Flux' (OnClassCondition)

   ReactiveUserDetailsServiceAutoConfiguration:
      Did not match:
         - @ConditionalOnClass did not find required class 'org.springframework.security.authentication.ReactiveAuthenticationManager' (OnClassCondition)

   ReactiveWebServerFactoryAutoConfiguration:
      Did not match:
         - @ConditionalOnWebApplication did not find reactive web application classes (OnWebApplicationCondition)

   ReactorAutoConfiguration:
      Did not match:
         - @ConditionalOnClass did not find required class 'reactor.core.publisher.Hooks' (OnClassCondition)

   RedisAutoConfiguration:
      Did not match:
         - @ConditionalOnClass did not find required class 'org.springframework.data.redis.core.RedisOperations' (OnClassCondition)

   RedisCacheConfiguration:
      Did not match:
         - @ConditionalOnClass did not find required class 'org.springframework.data.redis.connection.RedisConnectionFactory' (OnClassCondition)

   RedisReactiveAutoConfiguration:
      Did not match:
         - @ConditionalOnClass did not find required class 'reactor.core.publisher.Flux' (OnClassCondition)

   RedisRepositoriesAutoConfiguration:
      Did not match:
         - @ConditionalOnClass did not find required class 'org.springframework.data.redis.repository.configuration.EnableRedisRepositories' (OnClassCondition)

   RepositoryRestMvcAutoConfiguration:
      Did not match:
         - @ConditionalOnClass did not find required class 'org.springframework.data.rest.webmvc.config.RepositoryRestMvcConfiguration' (OnClassCondition)

   Saml2RelyingPartyAutoConfiguration:
      Did not match:
         - @ConditionalOnClass did not find required class 'org.springframework.security.saml2.provider.service.registration.RelyingPartyRegistrationRepository' (OnClassCondition)

   SecurityAutoConfiguration:
      Did not match:
         - @ConditionalOnClass did not find required class 'org.springframework.security.authentication.DefaultAuthenticationEventPublisher' (OnClassCondition)

   SecurityFilterAutoConfiguration:
      Did not match:
         - @ConditionalOnClass did not find required class 'org.springframework.security.config.http.SessionCreationPolicy' (OnClassCondition)

   SendGridAutoConfiguration:
      Did not match:
         - @ConditionalOnClass did not find required class 'com.sendgrid.SendGrid' (OnClassCondition)

   ServletWebServerFactoryAutoConfiguration.ForwardedHeaderFilterConfiguration:
      Did not match:
         - @ConditionalOnProperty (server.forward-headers-strategy=framework) did not find property 'server.forward-headers-strategy' (OnPropertyCondition)

   ServletWebServerFactoryConfiguration.EmbeddedJetty:
      Did not match:
         - @ConditionalOnClass did not find required classes 'org.eclipse.jetty.server.Server', 'org.eclipse.jetty.util.Loader', 'org.eclipse.jetty.ee10.webapp.WebAppContext' (OnClassCondition)

   ServletWebServerFactoryConfiguration.EmbeddedUndertow:
      Did not match:
         - @ConditionalOnClass did not find required classes 'io.undertow.Undertow', 'org.xnio.SslClientAuthMode' (OnClassCondition)

   SessionAutoConfiguration:
      Did not match:
         - @ConditionalOnClass did not find required class 'org.springframework.session.Session' (OnClassCondition)

   SpringApplicationAdminJmxAutoConfiguration:
      Did not match:
         - @ConditionalOnBooleanProperty (spring.application.admin.enabled=true) did not find property 'spring.application.admin.enabled' (OnPropertyCondition)

   SpringDataWebAutoConfiguration:
      Did not match:
         - @ConditionalOnClass did not find required class 'org.springframework.data.web.PageableHandlerMethodArgumentResolver' (OnClassCondition)

   TaskExecutorConfigurations.SimpleAsyncTaskExecutorBuilderConfiguration#simpleAsyncTaskExecutorBuilderVirtualThreads:
      Did not match:
         - @ConditionalOnMissingBean (types: org.springframework.boot.task.SimpleAsyncTaskExecutorBuilder; SearchStrategy: all) found beans of type 'org.springframework.boot.task.SimpleAsyncTaskExecutorBuilder' simpleAsyncTaskExecutorBuilder (OnBeanCondition)

   TaskExecutorConfigurations.TaskExecutorConfiguration#applicationTaskExecutorVirtualThreads:
      Did not match:
         - @ConditionalOnThreading did not find VIRTUAL (OnThreadingCondition)

   TaskSchedulingAutoConfiguration#scheduledBeanLazyInitializationExcludeFilter:
      Did not match:
         - @ConditionalOnBean (names: org.springframework.context.annotation.internalScheduledAnnotationProcessor; SearchStrategy: all) did not find any beans named org.springframework.context.annotation.internalScheduledAnnotationProcessor (OnBeanCondition)

   TaskSchedulingConfigurations.SimpleAsyncTaskSchedulerBuilderConfiguration#simpleAsyncTaskSchedulerBuilderVirtualThreads:
      Did not match:
         - @ConditionalOnMissingBean (types: org.springframework.boot.task.SimpleAsyncTaskSchedulerBuilder; SearchStrategy: all) found beans of type 'org.springframework.boot.task.SimpleAsyncTaskSchedulerBuilder' simpleAsyncTaskSchedulerBuilder (OnBeanCondition)

   TaskSchedulingConfigurations.TaskSchedulerConfiguration:
      Did not match:
         - @ConditionalOnBean (names: org.springframework.context.annotation.internalScheduledAnnotationProcessor; SearchStrategy: all) did not find any beans named org.springframework.context.annotation.internalScheduledAnnotationProcessor (OnBeanCondition)

   ThymeleafAutoConfiguration:
      Did not match:
         - @ConditionalOnClass did not find required class 'org.thymeleaf.spring6.SpringTemplateEngine' (OnClassCondition)

   TransactionAutoConfiguration#transactionalOperator:
      Did not match:
         - @ConditionalOnSingleCandidate (types: org.springframework.transaction.ReactiveTransactionManager; SearchStrategy: all) did not find any beans (OnBeanCondition)

   TransactionAutoConfiguration.AspectJTransactionManagementConfiguration:
      Did not match:
         - @ConditionalOnBean did not find required type 'org.springframework.transaction.aspectj.AbstractTransactionAspect' (OnBeanCondition)
         - @ConditionalOnBean (types: org.springframework.transaction.aspectj.AbstractTransactionAspect; SearchStrategy: all) did not find any beans of type org.springframework.transaction.aspectj.AbstractTransactionAspect (OnBeanCondition)

   TransactionAutoConfiguration.EnableTransactionManagementConfiguration.JdkDynamicAutoProxyConfiguration:
      Did not match:
         - @ConditionalOnBooleanProperty (spring.aop.proxy-target-class=false) did not find property 'spring.aop.proxy-target-class' (OnPropertyCondition)

   UserDetailsServiceAutoConfiguration:
      Did not match:
         - @ConditionalOnClass did not find required class 'org.springframework.security.authentication.AuthenticationManager' (OnClassCondition)

   WebClientAutoConfiguration:
      Did not match:
         - @ConditionalOnClass did not find required class 'org.springframework.web.reactive.function.client.WebClient' (OnClassCondition)

   WebFluxAutoConfiguration:
      Did not match:
         - @ConditionalOnClass did not find required class 'org.springframework.web.reactive.config.WebFluxConfigurer' (OnClassCondition)

   WebMvcAutoConfiguration#hiddenHttpMethodFilter:
      Did not match:
         - @ConditionalOnBooleanProperty (spring.mvc.hiddenmethod.filter.enabled=true) did not find property 'spring.mvc.hiddenmethod.filter.enabled' (OnPropertyCondition)

   WebMvcAutoConfiguration.ProblemDetailsErrorHandlingConfiguration:
      Did not match:
         - @ConditionalOnBooleanProperty (spring.mvc.problemdetails.enabled=true) did not find property 'spring.mvc.problemdetails.enabled' (OnPropertyCondition)

   WebMvcAutoConfiguration.ResourceChainCustomizerConfiguration:
      Did not match:
         - @ConditionalOnEnabledResourceChain did not find class org.webjars.WebJarVersionLocator (OnEnabledResourceChainCondition)

   WebMvcAutoConfiguration.WebMvcAutoConfigurationAdapter#beanNameViewResolver:
      Did not match:
         - @ConditionalOnMissingBean (types: org.springframework.web.servlet.view.BeanNameViewResolver; SearchStrategy: all) found beans of type 'org.springframework.web.servlet.view.BeanNameViewResolver' beanNameViewResolver (OnBeanCondition)

   WebServiceTemplateAutoConfiguration:
      Did not match:
         - @ConditionalOnClass did not find required class 'org.springframework.oxm.Marshaller' (OnClassCondition)

   WebServicesAutoConfiguration:
      Did not match:
         - @ConditionalOnClass did not find required class 'org.springframework.ws.transport.http.MessageDispatcherServlet' (OnClassCondition)

   WebSessionIdResolverAutoConfiguration:
      Did not match:
         - @ConditionalOnClass did not find required class 'reactor.core.publisher.Mono' (OnClassCondition)

   WebSocketMessagingAutoConfiguration:
      Did not match:
         - @ConditionalOnClass did not find required class 'org.springframework.web.socket.config.annotation.DelegatingWebSocketMessageBrokerConfiguration' (OnClassCondition)

   WebSocketReactiveAutoConfiguration:
      Did not match:
         - @ConditionalOnWebApplication did not find reactive web application classes (OnWebApplicationCondition)

   WebSocketServletAutoConfiguration.JettyWebSocketConfiguration:
      Did not match:
         - @ConditionalOnClass did not find required class 'org.eclipse.jetty.ee10.websocket.jakarta.server.config.JakartaWebSocketServletContainerInitializer' (OnClassCondition)

   WebSocketServletAutoConfiguration.UndertowWebSocketConfiguration:
      Did not match:
         - @ConditionalOnClass did not find required class 'io.undertow.websockets.jsr.Bootstrap' (OnClassCondition)

   XADataSourceAutoConfiguration:
      Did not match:
         - @ConditionalOnClass did not find required class 'jakarta.transaction.TransactionManager' (OnClassCondition)


Exclusions:
-----------

    None


Unconditional classes:
----------------------

    org.springframework.boot.autoconfigure.context.ConfigurationPropertiesAutoConfiguration

    org.springframework.boot.autoconfigure.ssl.SslAutoConfiguration

    org.springframework.boot.autoconfigure.context.LifecycleAutoConfiguration

    org.springframework.boot.autoconfigure.context.PropertyPlaceholderAutoConfiguration

    org.springframework.boot.autoconfigure.availability.ApplicationAvailabilityAutoConfiguration

    org.springframework.boot.autoconfigure.info.ProjectInfoAutoConfiguration



2026-04-13T13:54:02.735+08:00  INFO 23744 --- [ai-gateway] [           main] com.zxw.TestApplication                  : Started TestApplication in 4.719 seconds (process running for 5.265)
2026-04-13T13:54:02.738+08:00 DEBUG 23744 --- [ai-gateway] [           main] o.s.b.a.ApplicationAvailabilityBean      : Application availability state LivenessState changed to CORRECT
2026-04-13T13:54:02.742+08:00 DEBUG 23744 --- [ai-gateway] [           main] o.s.b.a.ApplicationAvailabilityBean      : Application availability state ReadinessState changed to ACCEPTING_TRAFFIC
2026-04-13T13:54:30.504+08:00  INFO 23744 --- [ai-gateway] [nio-9988-exec-1] o.a.c.c.C.[Tomcat].[localhost].[/]       : Initializing Spring DispatcherServlet 'dispatcherServlet'
2026-04-13T13:54:30.507+08:00  INFO 23744 --- [ai-gateway] [nio-9988-exec-1] o.s.web.servlet.DispatcherServlet        : Initializing Servlet 'dispatcherServlet'
2026-04-13T13:54:30.509+08:00 DEBUG 23744 --- [ai-gateway] [nio-9988-exec-1] o.s.web.servlet.DispatcherServlet        : Detected StandardServletMultipartResolver
2026-04-13T13:54:30.511+08:00 DEBUG 23744 --- [ai-gateway] [nio-9988-exec-1] o.s.web.servlet.DispatcherServlet        : Detected AcceptHeaderLocaleResolver
2026-04-13T13:54:30.512+08:00 DEBUG 23744 --- [ai-gateway] [nio-9988-exec-1] o.s.web.servlet.DispatcherServlet        : Detected FixedThemeResolver
2026-04-13T13:54:30.516+08:00 DEBUG 23744 --- [ai-gateway] [nio-9988-exec-1] o.s.web.servlet.DispatcherServlet        : Detected org.springframework.web.servlet.view.DefaultRequestToViewNameTranslator@7c1fe7b8
2026-04-13T13:54:30.518+08:00 DEBUG 23744 --- [ai-gateway] [nio-9988-exec-1] o.s.web.servlet.DispatcherServlet        : Detected org.springframework.web.servlet.support.SessionFlashMapManager@3bc709dc
2026-04-13T13:54:30.524+08:00 DEBUG 23744 --- [ai-gateway] [nio-9988-exec-1] o.s.web.servlet.DispatcherServlet        : enableLoggingRequestDetails='false': request parameters and headers will be masked to prevent unsafe logging of potentially sensitive data
2026-04-13T13:54:30.526+08:00  INFO 23744 --- [ai-gateway] [nio-9988-exec-1] o.s.web.servlet.DispatcherServlet        : Completed initialization in 16 ms
2026-04-13T13:54:30.546+08:00 DEBUG 23744 --- [ai-gateway] [nio-9988-exec-2] o.s.web.servlet.DispatcherServlet        : POST "/v1/responses", parameters={}
2026-04-13T13:54:30.546+08:00 DEBUG 23744 --- [ai-gateway] [nio-9988-exec-1] o.s.web.servlet.DispatcherServlet        : POST "/v1/chat/completions", parameters={}
2026-04-13T13:54:30.578+08:00 DEBUG 23744 --- [ai-gateway] [nio-9988-exec-2] s.w.s.m.m.a.RequestMappingHandlerMapping : Mapped to com.zxw.modules.gateway.controller.GatewayChatController#responses(String, String, HttpServletRequest)
2026-04-13T13:54:30.578+08:00 DEBUG 23744 --- [ai-gateway] [nio-9988-exec-1] s.w.s.m.m.a.RequestMappingHandlerMapping : Mapped to com.zxw.modules.gateway.controller.GatewayChatController#chatCompletions(String, String, HttpServletRequest)
2026-04-13T13:54:30.639+08:00 DEBUG 23744 --- [ai-gateway] [nio-9988-exec-2] m.m.a.RequestResponseBodyMethodProcessor : Read "application/json;charset=UTF-8" to ["{<EOL>  "model": "gpt-5.4",<EOL>  "stream": true,<EOL>  "input": [<EOL>    {<EOL>      "role": "user",<EOL>      "content":  (truncated)..."]
2026-04-13T13:54:30.642+08:00 DEBUG 23744 --- [ai-gateway] [nio-9988-exec-1] m.m.a.RequestResponseBodyMethodProcessor : Read "application/json;charset=UTF-8" to ["{"model":"gpt-5.4","messages":[{"role":"user","content":"??????????? AOP"}]}"]
2026-04-13T13:54:30.648+08:00 DEBUG 23744 --- [ai-gateway] [nio-9988-exec-1] o.s.jdbc.core.JdbcTemplate               : Executing prepared SQL query
2026-04-13T13:54:30.649+08:00 DEBUG 23744 --- [ai-gateway] [nio-9988-exec-1] o.s.jdbc.core.JdbcTemplate               : Executing prepared SQL statement [select k.id, k.user_id, k.secret_hash, k.status, k.total_quota, k.used_quota, k.expires_at,
       u.username, u.role_code, coalesce(w.balance, 0) as balance
from api_keys k
join users u on u.id = k.user_id and u.deleted = 0
left join wallets w on w.user_id = u.id
where k.access_key = ? and k.deleted = 0
]
2026-04-13T13:54:30.646+08:00 DEBUG 23744 --- [ai-gateway] [nio-9988-exec-2] o.s.jdbc.core.JdbcTemplate               : Executing prepared SQL query
2026-04-13T13:54:30.653+08:00 DEBUG 23744 --- [ai-gateway] [nio-9988-exec-2] o.s.jdbc.core.JdbcTemplate               : Executing prepared SQL statement [select k.id, k.user_id, k.secret_hash, k.status, k.total_quota, k.used_quota, k.expires_at,
       u.username, u.role_code, coalesce(w.balance, 0) as balance
from api_keys k
join users u on u.id = k.user_id and u.deleted = 0
left join wallets w on w.user_id = u.id
where k.access_key = ? and k.deleted = 0
]
2026-04-13T13:54:30.823+08:00 DEBUG 23744 --- [ai-gateway] [nio-9988-exec-1] o.s.jdbc.core.JdbcTemplate               : Executing prepared SQL update
2026-04-13T13:54:30.826+08:00 DEBUG 23744 --- [ai-gateway] [nio-9988-exec-1] o.s.jdbc.core.JdbcTemplate               : Executing prepared SQL statement [update api_keys set last_used_at = now(), updated_at = now() where id = ?]
2026-04-13T13:54:30.836+08:00 DEBUG 23744 --- [ai-gateway] [nio-9988-exec-2] o.s.jdbc.core.JdbcTemplate               : Executing prepared SQL update
2026-04-13T13:54:30.838+08:00 DEBUG 23744 --- [ai-gateway] [nio-9988-exec-2] o.s.jdbc.core.JdbcTemplate               : Executing prepared SQL statement [update api_keys set last_used_at = now(), updated_at = now() where id = ?]
2026-04-13T13:54:30.867+08:00 DEBUG 23744 --- [ai-gateway] [nio-9988-exec-1] o.s.jdbc.core.JdbcTemplate               : Executing prepared SQL query
2026-04-13T13:54:30.867+08:00 DEBUG 23744 --- [ai-gateway] [nio-9988-exec-2] o.s.jdbc.core.JdbcTemplate               : Executing prepared SQL query
2026-04-13T13:54:30.868+08:00 DEBUG 23744 --- [ai-gateway] [nio-9988-exec-1] o.s.jdbc.core.JdbcTemplate               : Executing prepared SQL statement [select m.id as model_id, m.model_code, m.model_name, m.prompt_price, m.completion_price,
       m.request_price, m.multiplier, p.id as provider_id, p.provider_name, p.base_url, p.provider_type,
       p.timeout_ms, r.upstream_model, t.id as provider_token_id, t.token_value_encrypted
from models m
join model_routes r on r.model_id = m.id and r.status = 'ACTIVE'
join providers p on p.id = r.provider_id and p.deleted = 0 and p.status = 'ACTIVE'
join provider_tokens t on t.provider_id = p.id and t.deleted = 0 and t.status = 'ACTIVE'
where m.model_code = ? and m.deleted = 0 and m.status = 'ACTIVE'
order by r.priority_no asc, t.weight_no desc, t.id asc
limit 1
]
2026-04-13T13:54:30.869+08:00 DEBUG 23744 --- [ai-gateway] [nio-9988-exec-2] o.s.jdbc.core.JdbcTemplate               : Executing prepared SQL statement [select m.id as model_id, m.model_code, m.model_name, m.prompt_price, m.completion_price,
       m.request_price, m.multiplier, p.id as provider_id, p.provider_name, p.base_url, p.provider_type,
       p.timeout_ms, r.upstream_model, t.id as provider_token_id, t.token_value_encrypted
from models m
join model_routes r on r.model_id = m.id and r.status = 'ACTIVE'
join providers p on p.id = r.provider_id and p.deleted = 0 and p.status = 'ACTIVE'
join provider_tokens t on t.provider_id = p.id and t.deleted = 0 and t.status = 'ACTIVE'
where m.model_code = ? and m.deleted = 0 and m.status = 'ACTIVE'
order by r.priority_no asc, t.weight_no desc, t.id asc
limit 1
]
2026-04-13T13:54:30.883+08:00 DEBUG 23744 --- [ai-gateway] [nio-9988-exec-2] o.s.jdbc.core.JdbcTemplate               : Executing prepared SQL query
2026-04-13T13:54:30.885+08:00 DEBUG 23744 --- [ai-gateway] [nio-9988-exec-2] o.s.jdbc.core.JdbcTemplate               : Executing prepared SQL statement [select id, session_key, workspace_root, summary_text, summary_message_id
from agent_sessions
where session_key = ? and user_id = ?
limit 1
]
2026-04-13T13:54:30.892+08:00 DEBUG 23744 --- [ai-gateway] [nio-9988-exec-2] o.s.jdbc.core.JdbcTemplate               : Executing prepared SQL update
2026-04-13T13:54:30.894+08:00 DEBUG 23744 --- [ai-gateway] [nio-9988-exec-2] o.s.jdbc.core.JdbcTemplate               : Executing prepared SQL statement [insert into agent_sessions (session_key, user_id, api_key_id, model_code, workspace_root, created_at, updated_at)
values (?, ?, ?, ?, ?, now(), now())
]
2026-04-13T13:54:30.900+08:00 DEBUG 23744 --- [ai-gateway] [nio-9988-exec-2] o.s.jdbc.core.JdbcTemplate               : Executing prepared SQL query
2026-04-13T13:54:30.901+08:00 DEBUG 23744 --- [ai-gateway] [nio-9988-exec-2] o.s.jdbc.core.JdbcTemplate               : Executing prepared SQL statement [select id from agent_sessions where session_key = ?]
2026-04-13T13:54:30.906+08:00 DEBUG 23744 --- [ai-gateway] [nio-9988-exec-2] o.s.jdbc.core.JdbcTemplate               : Executing prepared SQL query
2026-04-13T13:54:30.908+08:00 DEBUG 23744 --- [ai-gateway] [nio-9988-exec-2] o.s.jdbc.core.JdbcTemplate               : Executing prepared SQL statement [select id, role_code, source_type, content_text, tool_name
from agent_messages
where session_id = ? and id > ?
order by id asc
]
2026-04-13T13:54:30.915+08:00 DEBUG 23744 --- [ai-gateway] [nio-9988-exec-2] o.s.jdbc.core.JdbcTemplate               : Executing prepared SQL query
2026-04-13T13:54:30.916+08:00 DEBUG 23744 --- [ai-gateway] [nio-9988-exec-2] o.s.jdbc.core.JdbcTemplate               : Executing prepared SQL statement [select id, role_code, source_type, content_text, tool_name
from agent_messages
where session_id = ? and id > ?
order by id asc
]
2026-04-13T13:54:30.918+08:00 DEBUG 23744 --- [ai-gateway] [nio-9988-exec-2] o.s.jdbc.core.JdbcTemplate               : Executing prepared SQL update
2026-04-13T13:54:30.919+08:00 DEBUG 23744 --- [ai-gateway] [nio-9988-exec-2] o.s.jdbc.core.JdbcTemplate               : Executing prepared SQL statement [insert into agent_messages (session_id, response_id, role_code, source_type, content_text, created_at)
values (?, ?, ?, ?, ?, now())
]
2026-04-13T13:54:32.901+08:00 DEBUG 23744 --- [ai-gateway] [nio-9988-exec-1] o.s.jdbc.core.JdbcTemplate               : Executing prepared SQL update
2026-04-13T13:54:32.902+08:00 DEBUG 23744 --- [ai-gateway] [nio-9988-exec-1] o.s.jdbc.core.JdbcTemplate               : Executing prepared SQL statement [insert into request_logs (request_id, user_id, api_key_id, model_code, provider_id, provider_token_id, upstream_model,
                          request_path, request_method, request_ip, request_body_json, response_body_json,
                          prompt_tokens, completion_tokens, total_tokens, user_amount, cost_amount, latency_ms,
                          success, status_code, error_message, request_date, created_at)
values (?, ?, ?, ?, ?, ?, ?, ?, ?, ?, cast(? as json), cast(? as json), ?, ?, ?, ?, ?, ?, ?, ?, ?, ?, now())
]
2026-04-13T13:54:32.926+08:00 DEBUG 23744 --- [ai-gateway] [nio-9988-exec-1] o.s.jdbc.core.StatementCreatorUtils      : JDBC getParameterType call failed - using fallback method instead: java.sql.SQLException: Parameter metadata not available for the given statement
2026-04-13T13:54:32.951+08:00 DEBUG 23744 --- [ai-gateway] [nio-9988-exec-1] o.s.jdbc.core.JdbcTemplate               : Executing prepared SQL update
2026-04-13T13:54:32.953+08:00 DEBUG 23744 --- [ai-gateway] [nio-9988-exec-1] o.s.jdbc.core.JdbcTemplate               : Executing prepared SQL statement [update wallets
set balance = balance - ?, total_consume = total_consume + ?, updated_at = now()
where user_id = ?
]
2026-04-13T13:54:32.960+08:00 DEBUG 23744 --- [ai-gateway] [nio-9988-exec-1] o.s.jdbc.core.JdbcTemplate               : SQLWarning ignored: SQL state '01000', error code '1265', message [Data truncated for column 'balance' at row 1]
2026-04-13T13:54:32.962+08:00 DEBUG 23744 --- [ai-gateway] [nio-9988-exec-1] o.s.jdbc.core.JdbcTemplate               : SQLWarning ignored: SQL state '01000', error code '1265', message [Data truncated for column 'total_consume' at row 1]
2026-04-13T13:54:32.964+08:00 DEBUG 23744 --- [ai-gateway] [nio-9988-exec-1] o.s.jdbc.core.JdbcTemplate               : Executing prepared SQL query
2026-04-13T13:54:32.965+08:00 DEBUG 23744 --- [ai-gateway] [nio-9988-exec-1] o.s.jdbc.core.JdbcTemplate               : Executing prepared SQL statement [select id from wallets where user_id = ?]
2026-04-13T13:54:32.969+08:00 DEBUG 23744 --- [ai-gateway] [nio-9988-exec-1] o.s.jdbc.core.JdbcTemplate               : Executing prepared SQL query
2026-04-13T13:54:32.971+08:00 DEBUG 23744 --- [ai-gateway] [nio-9988-exec-1] o.s.jdbc.core.JdbcTemplate               : Executing prepared SQL statement [select balance from wallets where user_id = ?]
2026-04-13T13:54:32.992+08:00 DEBUG 23744 --- [ai-gateway] [nio-9988-exec-1] o.s.jdbc.core.JdbcTemplate               : Executing prepared SQL update
2026-04-13T13:54:32.993+08:00 DEBUG 23744 --- [ai-gateway] [nio-9988-exec-1] o.s.jdbc.core.JdbcTemplate               : Executing prepared SQL statement [insert into transactions (user_id, wallet_id, order_no, transaction_type, direction, amount,
                          balance_before, balance_after, status, description_text, transaction_date)
values (?, ?, ?, 'CONSUME', 'OUT', ?, ?, ?, 'SUCCESS', ?, curdate())
]
2026-04-13T13:54:33.016+08:00 DEBUG 23744 --- [ai-gateway] [nio-9988-exec-1] o.s.jdbc.core.JdbcTemplate               : SQLWarning ignored: SQL state '01000', error code '1265', message [Data truncated for column 'amount' at row 1]
2026-04-13T13:54:33.017+08:00 DEBUG 23744 --- [ai-gateway] [nio-9988-exec-1] o.s.jdbc.core.JdbcTemplate               : SQLWarning ignored: SQL state '01000', error code '1265', message [Data truncated for column 'balance_before' at row 1]
2026-04-13T13:54:33.036+08:00 DEBUG 23744 --- [ai-gateway] [nio-9988-exec-1] o.s.jdbc.core.JdbcTemplate               : Executing prepared SQL update
2026-04-13T13:54:33.037+08:00 DEBUG 23744 --- [ai-gateway] [nio-9988-exec-1] o.s.jdbc.core.JdbcTemplate               : Executing prepared SQL statement [update api_keys
set used_quota = used_quota + ?, updated_at = now()
where id = ?
]
2026-04-13T13:54:33.043+08:00 DEBUG 23744 --- [ai-gateway] [nio-9988-exec-1] o.s.jdbc.core.JdbcTemplate               : SQLWarning ignored: SQL state '01000', error code '1265', message [Data truncated for column 'used_quota' at row 1]
2026-04-13T13:54:33.044+08:00 DEBUG 23744 --- [ai-gateway] [nio-9988-exec-2] o.s.jdbc.core.JdbcTemplate               : Executing prepared SQL update
2026-04-13T13:54:33.045+08:00 DEBUG 23744 --- [ai-gateway] [nio-9988-exec-1] o.s.jdbc.core.JdbcTemplate               : Executing prepared SQL update
2026-04-13T13:54:33.046+08:00 DEBUG 23744 --- [ai-gateway] [nio-9988-exec-2] o.s.jdbc.core.JdbcTemplate               : Executing prepared SQL statement [insert into agent_tool_logs (session_id, response_id, step_no, tool_name, title, success, arguments_json, result_json, file_previews_json, created_at)
values (?, ?, ?, ?, ?, ?, cast(? as json), cast(? as json), cast(? as json), now())
]
2026-04-13T13:54:33.047+08:00 DEBUG 23744 --- [ai-gateway] [nio-9988-exec-1] o.s.jdbc.core.JdbcTemplate               : Executing prepared SQL statement [insert into usage_daily (stat_date, user_id, model_code, provider_id, request_count, success_count, total_tokens, user_amount, cost_amount)
values (?, ?, ?, ?, 1, ?, ?, ?, ?)
on duplicate key update
    request_count = request_count + 1,
    success_count = success_count + values(success_count),
    total_tokens = total_tokens + values(total_tokens),
    user_amount = user_amount + values(user_amount),
    cost_amount = cost_amount + values(cost_amount),
    updated_at = now()
]
2026-04-13T13:54:33.054+08:00 DEBUG 23744 --- [ai-gateway] [nio-9988-exec-1] o.s.jdbc.core.JdbcTemplate               : SQLWarning ignored: SQL state 'HY000', error code '1287', message ['VALUES function' is deprecated and will be removed in a future release. Please use an alias (INSERT INTO ... VALUES (...) AS alias) and replace VALUES(col) in the ON DUPLICATE KEY UPDATE clause with alias.col instead]
2026-04-13T13:54:33.056+08:00 DEBUG 23744 --- [ai-gateway] [nio-9988-exec-1] o.s.jdbc.core.JdbcTemplate               : SQLWarning ignored: SQL state 'HY000', error code '1287', message ['VALUES function' is deprecated and will be removed in a future release. Please use an alias (INSERT INTO ... VALUES (...) AS alias) and replace VALUES(col) in the ON DUPLICATE KEY UPDATE clause with alias.col instead]
2026-04-13T13:54:33.058+08:00 DEBUG 23744 --- [ai-gateway] [nio-9988-exec-1] o.s.jdbc.core.JdbcTemplate               : SQLWarning ignored: SQL state 'HY000', error code '1287', message ['VALUES function' is deprecated and will be removed in a future release. Please use an alias (INSERT INTO ... VALUES (...) AS alias) and replace VALUES(col) in the ON DUPLICATE KEY UPDATE clause with alias.col instead]
2026-04-13T13:54:33.059+08:00 DEBUG 23744 --- [ai-gateway] [nio-9988-exec-2] o.s.jdbc.core.JdbcTemplate               : Executing prepared SQL update
2026-04-13T13:54:33.060+08:00 DEBUG 23744 --- [ai-gateway] [nio-9988-exec-1] o.s.jdbc.core.JdbcTemplate               : SQLWarning ignored: SQL state 'HY000', error code '1287', message ['VALUES function' is deprecated and will be removed in a future release. Please use an alias (INSERT INTO ... VALUES (...) AS alias) and replace VALUES(col) in the ON DUPLICATE KEY UPDATE clause with alias.col instead]
2026-04-13T13:54:33.061+08:00 DEBUG 23744 --- [ai-gateway] [nio-9988-exec-2] o.s.jdbc.core.JdbcTemplate               : Executing prepared SQL statement [insert into agent_messages (session_id, response_id, role_code, source_type, content_text, tool_name, tool_payload_json, created_at)
values (?, ?, 'assistant', 'tool_call', ?, ?, cast(? as json), now())
]
2026-04-13T13:54:33.071+08:00 DEBUG 23744 --- [ai-gateway] [nio-9988-exec-2] o.s.jdbc.core.JdbcTemplate               : Executing prepared SQL update
2026-04-13T13:54:33.074+08:00 DEBUG 23744 --- [ai-gateway] [nio-9988-exec-2] o.s.jdbc.core.JdbcTemplate               : Executing prepared SQL statement [insert into agent_messages (session_id, response_id, role_code, source_type, content_text, tool_name, tool_payload_json, created_at)
values (?, ?, 'user', 'tool_result', ?, ?, cast(? as json), now())
]
2026-04-13T13:54:33.080+08:00 DEBUG 23744 --- [ai-gateway] [nio-9988-exec-1] o.s.w.s.m.m.a.HttpEntityMethodProcessor  : Found 'Content-Type:application/json' in response
2026-04-13T13:54:33.084+08:00 DEBUG 23744 --- [ai-gateway] [nio-9988-exec-1] o.s.w.s.m.m.a.HttpEntityMethodProcessor  : Writing ["{"id":"resp_0158445551cae8c50169dc85190118819183fc3b789f913b1a","object":"chat.completion","created" (truncated)..."]
2026-04-13T13:54:33.084+08:00 DEBUG 23744 --- [ai-gateway] [nio-9988-exec-2] o.s.jdbc.core.JdbcTemplate               : Executing prepared SQL update
2026-04-13T13:54:33.085+08:00 DEBUG 23744 --- [ai-gateway] [nio-9988-exec-2] o.s.jdbc.core.JdbcTemplate               : Executing prepared SQL statement [insert into agent_messages (session_id, response_id, role_code, source_type, content_text, created_at)
values (?, ?, 'assistant', 'response', ?, now())
]
2026-04-13T13:54:33.089+08:00 DEBUG 23744 --- [ai-gateway] [nio-9988-exec-2] o.s.jdbc.core.JdbcTemplate               : Executing prepared SQL update
2026-04-13T13:54:33.090+08:00 DEBUG 23744 --- [ai-gateway] [nio-9988-exec-2] o.s.jdbc.core.JdbcTemplate               : Executing prepared SQL statement [update agent_sessions
set last_response_id = ?, updated_at = now()
where id = ?
]
2026-04-13T13:54:33.092+08:00 DEBUG 23744 --- [ai-gateway] [nio-9988-exec-1] o.s.web.servlet.DispatcherServlet        : Completed 200 OK
2026-04-13T13:54:33.095+08:00 DEBUG 23744 --- [ai-gateway] [nio-9988-exec-2] o.s.jdbc.core.JdbcTemplate               : Executing prepared SQL query
2026-04-13T13:54:33.096+08:00 DEBUG 23744 --- [ai-gateway] [nio-9988-exec-2] o.s.jdbc.core.JdbcTemplate               : Executing prepared SQL statement [select id, role_code, source_type, content_text, tool_name
from agent_messages
where session_id = ? and id > ?
order by id asc
]
2026-04-13T13:54:33.114+08:00 DEBUG 23744 --- [ai-gateway] [nio-9988-exec-2] o.s.jdbc.core.JdbcTemplate               : Executing prepared SQL update
2026-04-13T13:54:33.115+08:00 DEBUG 23744 --- [ai-gateway] [nio-9988-exec-2] o.s.jdbc.core.JdbcTemplate               : Executing prepared SQL statement [insert into request_logs (request_id, user_id, api_key_id, model_code, provider_id, provider_token_id, upstream_model,
                          request_path, request_method, request_ip, request_body_json, response_body_json,
                          prompt_tokens, completion_tokens, total_tokens, user_amount, cost_amount, latency_ms,
                          success, status_code, error_message, request_date, created_at)
values (?, ?, ?, ?, ?, ?, ?, ?, ?, ?, cast(? as json), cast(? as json), ?, ?, ?, ?, ?, ?, ?, ?, ?, ?, now())
]
2026-04-13T13:54:33.119+08:00 DEBUG 23744 --- [ai-gateway] [nio-9988-exec-2] o.s.jdbc.core.StatementCreatorUtils      : JDBC getParameterType call failed - using fallback method instead: java.sql.SQLException: Parameter metadata not available for the given statement
2026-04-13T13:54:33.134+08:00 DEBUG 23744 --- [ai-gateway] [nio-9988-exec-2] o.s.jdbc.core.JdbcTemplate               : Executing prepared SQL update
2026-04-13T13:54:33.136+08:00 DEBUG 23744 --- [ai-gateway] [nio-9988-exec-2] o.s.jdbc.core.JdbcTemplate               : Executing prepared SQL statement [update wallets
set balance = balance - ?, total_consume = total_consume + ?, updated_at = now()
where user_id = ?
]
2026-04-13T13:54:33.141+08:00 DEBUG 23744 --- [ai-gateway] [nio-9988-exec-2] o.s.jdbc.core.JdbcTemplate               : SQLWarning ignored: SQL state '01000', error code '1265', message [Data truncated for column 'balance' at row 1]
2026-04-13T13:54:33.143+08:00 DEBUG 23744 --- [ai-gateway] [nio-9988-exec-2] o.s.jdbc.core.JdbcTemplate               : SQLWarning ignored: SQL state '01000', error code '1265', message [Data truncated for column 'total_consume' at row 1]
2026-04-13T13:54:33.145+08:00 DEBUG 23744 --- [ai-gateway] [nio-9988-exec-2] o.s.jdbc.core.JdbcTemplate               : Executing prepared SQL query
2026-04-13T13:54:33.146+08:00 DEBUG 23744 --- [ai-gateway] [nio-9988-exec-2] o.s.jdbc.core.JdbcTemplate               : Executing prepared SQL statement [select id from wallets where user_id = ?]
2026-04-13T13:54:33.150+08:00 DEBUG 23744 --- [ai-gateway] [nio-9988-exec-2] o.s.jdbc.core.JdbcTemplate               : Executing prepared SQL query
2026-04-13T13:54:33.150+08:00 DEBUG 23744 --- [ai-gateway] [nio-9988-exec-2] o.s.jdbc.core.JdbcTemplate               : Executing prepared SQL statement [select balance from wallets where user_id = ?]
2026-04-13T13:54:33.153+08:00 DEBUG 23744 --- [ai-gateway] [nio-9988-exec-2] o.s.jdbc.core.JdbcTemplate               : Executing prepared SQL update
2026-04-13T13:54:33.154+08:00 DEBUG 23744 --- [ai-gateway] [nio-9988-exec-2] o.s.jdbc.core.JdbcTemplate               : Executing prepared SQL statement [insert into transactions (user_id, wallet_id, order_no, transaction_type, direction, amount,
                          balance_before, balance_after, status, description_text, transaction_date)
values (?, ?, ?, 'CONSUME', 'OUT', ?, ?, ?, 'SUCCESS', ?, curdate())
]
2026-04-13T13:54:33.162+08:00 DEBUG 23744 --- [ai-gateway] [nio-9988-exec-2] o.s.jdbc.core.JdbcTemplate               : SQLWarning ignored: SQL state '01000', error code '1265', message [Data truncated for column 'amount' at row 1]
2026-04-13T13:54:33.164+08:00 DEBUG 23744 --- [ai-gateway] [nio-9988-exec-2] o.s.jdbc.core.JdbcTemplate               : SQLWarning ignored: SQL state '01000', error code '1265', message [Data truncated for column 'balance_before' at row 1]
2026-04-13T13:54:33.165+08:00 DEBUG 23744 --- [ai-gateway] [nio-9988-exec-2] o.s.jdbc.core.JdbcTemplate               : Executing prepared SQL update
2026-04-13T13:54:33.167+08:00 DEBUG 23744 --- [ai-gateway] [nio-9988-exec-2] o.s.jdbc.core.JdbcTemplate               : Executing prepared SQL statement [update api_keys
set used_quota = used_quota + ?, updated_at = now()
where id = ?
]
2026-04-13T13:54:33.174+08:00 DEBUG 23744 --- [ai-gateway] [nio-9988-exec-2] o.s.jdbc.core.JdbcTemplate               : SQLWarning ignored: SQL state '01000', error code '1265', message [Data truncated for column 'used_quota' at row 1]
2026-04-13T13:54:33.175+08:00 DEBUG 23744 --- [ai-gateway] [nio-9988-exec-2] o.s.jdbc.core.JdbcTemplate               : Executing prepared SQL update
2026-04-13T13:54:33.176+08:00 DEBUG 23744 --- [ai-gateway] [nio-9988-exec-2] o.s.jdbc.core.JdbcTemplate               : Executing prepared SQL statement [insert into usage_daily (stat_date, user_id, model_code, provider_id, request_count, success_count, total_tokens, user_amount, cost_amount)
values (?, ?, ?, ?, 1, ?, ?, ?, ?)
on duplicate key update
    request_count = request_count + 1,
    success_count = success_count + values(success_count),
    total_tokens = total_tokens + values(total_tokens),
    user_amount = user_amount + values(user_amount),
    cost_amount = cost_amount + values(cost_amount),
    updated_at = now()
]
2026-04-13T13:54:33.181+08:00 DEBUG 23744 --- [ai-gateway] [nio-9988-exec-2] o.s.jdbc.core.JdbcTemplate               : SQLWarning ignored: SQL state 'HY000', error code '1287', message ['VALUES function' is deprecated and will be removed in a future release. Please use an alias (INSERT INTO ... VALUES (...) AS alias) and replace VALUES(col) in the ON DUPLICATE KEY UPDATE clause with alias.col instead]
2026-04-13T13:54:33.182+08:00 DEBUG 23744 --- [ai-gateway] [nio-9988-exec-2] o.s.jdbc.core.JdbcTemplate               : SQLWarning ignored: SQL state 'HY000', error code '1287', message ['VALUES function' is deprecated and will be removed in a future release. Please use an alias (INSERT INTO ... VALUES (...) AS alias) and replace VALUES(col) in the ON DUPLICATE KEY UPDATE clause with alias.col instead]
2026-04-13T13:54:33.182+08:00 DEBUG 23744 --- [ai-gateway] [nio-9988-exec-2] o.s.jdbc.core.JdbcTemplate               : SQLWarning ignored: SQL state 'HY000', error code '1287', message ['VALUES function' is deprecated and will be removed in a future release. Please use an alias (INSERT INTO ... VALUES (...) AS alias) and replace VALUES(col) in the ON DUPLICATE KEY UPDATE clause with alias.col instead]
2026-04-13T13:54:33.183+08:00 DEBUG 23744 --- [ai-gateway] [nio-9988-exec-2] o.s.jdbc.core.JdbcTemplate               : SQLWarning ignored: SQL state 'HY000', error code '1287', message ['VALUES function' is deprecated and will be removed in a future release. Please use an alias (INSERT INTO ... VALUES (...) AS alias) and replace VALUES(col) in the ON DUPLICATE KEY UPDATE clause with alias.col instead]
2026-04-13T13:54:33.185+08:00 DEBUG 23744 --- [ai-gateway] [nio-9988-exec-2] o.s.w.s.m.m.a.HttpEntityMethodProcessor  : Found 'Content-Type:text/event-stream;charset=UTF-8' in response
2026-04-13T13:54:33.187+08:00 DEBUG 23744 --- [ai-gateway] [nio-9988-exec-2] o.s.w.s.m.m.a.HttpEntityMethodProcessor  : Writing ["data: {"type":"response.created","response":{"id":"req_fe29277997dc4d73b9f865ad7dfb746f","object":"r (truncated)..."]
2026-04-13T13:54:33.193+08:00 DEBUG 23744 --- [ai-gateway] [nio-9988-exec-2] o.s.web.servlet.DispatcherServlet        : Completed 200 OK
2026-04-13T13:56:32.007+08:00 DEBUG 23744 --- [ai-gateway] [nio-9988-exec-3] o.s.web.servlet.DispatcherServlet        : GET "/console/index.html", parameters={}
2026-04-13T13:56:32.076+08:00 DEBUG 23744 --- [ai-gateway] [nio-9988-exec-3] o.s.w.s.handler.SimpleUrlHandlerMapping  : Mapped to ResourceHttpRequestHandler [classpath [META-INF/resources/], classpath [resources/], classpath [static/], classpath [public/], ServletContext [/]]
2026-04-13T13:56:32.086+08:00 DEBUG 23744 --- [ai-gateway] [nio-9988-exec-3] o.s.web.servlet.DispatcherServlet        : Completed 200 OK
2026-04-13T13:56:32.092+08:00 DEBUG 23744 --- [ai-gateway] [nio-9988-exec-6] o.s.web.servlet.DispatcherServlet        : GET "/console/styles.css", parameters={}
2026-04-13T13:56:32.092+08:00 DEBUG 23744 --- [ai-gateway] [nio-9988-exec-8] o.s.web.servlet.DispatcherServlet        : GET "/console/app.js", parameters={}
2026-04-13T13:56:32.095+08:00 DEBUG 23744 --- [ai-gateway] [nio-9988-exec-6] o.s.w.s.handler.SimpleUrlHandlerMapping  : Mapped to ResourceHttpRequestHandler [classpath [META-INF/resources/], classpath [resources/], classpath [static/], classpath [public/], ServletContext [/]]
2026-04-13T13:56:32.096+08:00 DEBUG 23744 --- [ai-gateway] [nio-9988-exec-8] o.s.w.s.handler.SimpleUrlHandlerMapping  : Mapped to ResourceHttpRequestHandler [classpath [META-INF/resources/], classpath [resources/], classpath [static/], classpath [public/], ServletContext [/]]
2026-04-13T13:56:32.100+08:00 DEBUG 23744 --- [ai-gateway] [nio-9988-exec-6] o.s.web.servlet.DispatcherServlet        : Completed 200 OK
2026-04-13T13:56:32.100+08:00 DEBUG 23744 --- [ai-gateway] [nio-9988-exec-8] o.s.web.servlet.DispatcherServlet        : Completed 200 OK
2026-04-13T14:34:18.858+08:00 DEBUG 23744 --- [ai-gateway] [nio-9988-exec-9] o.s.web.servlet.DispatcherServlet        : GET "/console/index.html", parameters={}
2026-04-13T14:34:18.948+08:00 DEBUG 23744 --- [ai-gateway] [nio-9988-exec-9] o.s.w.s.handler.SimpleUrlHandlerMapping  : Mapped to ResourceHttpRequestHandler [classpath [META-INF/resources/], classpath [resources/], classpath [static/], classpath [public/], ServletContext [/]]
2026-04-13T14:34:18.963+08:00 DEBUG 23744 --- [ai-gateway] [nio-9988-exec-9] o.s.web.servlet.DispatcherServlet        : Completed 304 NOT_MODIFIED
2026-04-13T14:34:18.976+08:00 DEBUG 23744 --- [ai-gateway] [nio-9988-exec-1] o.s.web.servlet.DispatcherServlet        : GET "/console/styles.css", parameters={}
2026-04-13T14:34:18.976+08:00 DEBUG 23744 --- [ai-gateway] [nio-9988-exec-2] o.s.web.servlet.DispatcherServlet        : GET "/console/app.js", parameters={}
2026-04-13T14:34:18.978+08:00 DEBUG 23744 --- [ai-gateway] [nio-9988-exec-2] o.s.w.s.handler.SimpleUrlHandlerMapping  : Mapped to ResourceHttpRequestHandler [classpath [META-INF/resources/], classpath [resources/], classpath [static/], classpath [public/], ServletContext [/]]
2026-04-13T14:34:18.978+08:00 DEBUG 23744 --- [ai-gateway] [nio-9988-exec-1] o.s.w.s.handler.SimpleUrlHandlerMapping  : Mapped to ResourceHttpRequestHandler [classpath [META-INF/resources/], classpath [resources/], classpath [static/], classpath [public/], ServletContext [/]]
2026-04-13T14:34:18.980+08:00 DEBUG 23744 --- [ai-gateway] [nio-9988-exec-2] o.s.web.servlet.DispatcherServlet        : Completed 304 NOT_MODIFIED
2026-04-13T14:34:18.980+08:00 DEBUG 23744 --- [ai-gateway] [nio-9988-exec-1] o.s.web.servlet.DispatcherServlet        : Completed 304 NOT_MODIFIED
