
  .   ____          _            __ _ _
 /\\ / ___'_ __ _ _(_)_ __  __ _ \ \ \ \
( ( )\___ | '_ | '_| | '_ \/ _` | \ \ \ \
 \\/  ___)| |_)| | | | | || (_| |  ) ) ) )
  '  |____| .__|_| |_|_| |_\__, | / / / /
 =========|_|==============|___/=/_/_/_/

 :: Spring Boot ::               (v3.5.13)

2026-04-15T18:38:38.499+08:00  INFO 15660 --- [ai-gateway] [           main] com.zxw.TestApplication                  : Starting TestApplication v0.0.1-SNAPSHOT using Java 17 with PID 15660 (E:\project-ai\Test\target\Test-0.0.1-SNAPSHOT.jar started by EDY in E:\project-ai\Test)
2026-04-15T18:38:38.510+08:00  INFO 15660 --- [ai-gateway] [           main] com.zxw.TestApplication                  : No active profile set, falling back to 1 default profile: "default"
2026-04-15T18:38:38.512+08:00 DEBUG 15660 --- [ai-gateway] [           main] o.s.boot.SpringApplication               : Loading source class com.zxw.TestApplication
2026-04-15T18:38:38.689+08:00 DEBUG 15660 --- [ai-gateway] [           main] ConfigServletWebServerApplicationContext : Refreshing org.springframework.boot.web.servlet.context.AnnotationConfigServletWebServerApplicationContext@38831718
2026-04-15T18:38:42.386+08:00 DEBUG 15660 --- [ai-gateway] [           main] .s.b.w.e.t.TomcatServletWebServerFactory : Code archive: E:\project-ai\Test\target\Test-0.0.1-SNAPSHOT.jar
2026-04-15T18:38:42.388+08:00 DEBUG 15660 --- [ai-gateway] [           main] .s.b.w.e.t.TomcatServletWebServerFactory : Code archive: E:\project-ai\Test\target\Test-0.0.1-SNAPSHOT.jar
2026-04-15T18:38:42.390+08:00 DEBUG 15660 --- [ai-gateway] [           main] .s.b.w.e.t.TomcatServletWebServerFactory : None of the document roots [src/main/webapp, public, static] point to a directory and will be ignored.
2026-04-15T18:38:42.441+08:00  INFO 15660 --- [ai-gateway] [           main] o.s.b.w.embedded.tomcat.TomcatWebServer  : Tomcat initialized with port 9988 (http)
2026-04-15T18:38:42.467+08:00  INFO 15660 --- [ai-gateway] [           main] o.apache.catalina.core.StandardService   : Starting service [Tomcat]
2026-04-15T18:38:42.470+08:00  INFO 15660 --- [ai-gateway] [           main] o.apache.catalina.core.StandardEngine    : Starting Servlet engine: [Apache Tomcat/10.1.53]
2026-04-15T18:38:42.551+08:00  INFO 15660 --- [ai-gateway] [           main] o.a.c.c.C.[Tomcat].[localhost].[/]       : Initializing Spring embedded WebApplicationContext
2026-04-15T18:38:42.552+08:00 DEBUG 15660 --- [ai-gateway] [           main] w.s.c.ServletWebServerApplicationContext : Published root WebApplicationContext as ServletContext attribute with name [org.springframework.web.context.WebApplicationContext.ROOT]
2026-04-15T18:38:42.557+08:00  INFO 15660 --- [ai-gateway] [           main] w.s.c.ServletWebServerApplicationContext : Root WebApplicationContext: initialization completed in 3865 ms
2026-04-15T18:38:42.601+08:00 DEBUG 15660 --- [ai-gateway] [           main] o.s.b.w.s.ServletContextInitializerBeans : Mapping filters: characterEncodingFilter urls=[/*] order=-2147483648, formContentFilter urls=[/*] order=-9900, requestContextFilter urls=[/*] order=-105
2026-04-15T18:38:42.603+08:00 DEBUG 15660 --- [ai-gateway] [           main] o.s.b.w.s.ServletContextInitializerBeans : Mapping servlets: dispatcherServlet urls=[/]
2026-04-15T18:38:42.661+08:00 DEBUG 15660 --- [ai-gateway] [           main] o.s.b.w.s.f.OrderedRequestContextFilter  : Filter 'requestContextFilter' configured for use
2026-04-15T18:38:42.672+08:00 DEBUG 15660 --- [ai-gateway] [           main] s.b.w.s.f.OrderedCharacterEncodingFilter : Filter 'characterEncodingFilter' configured for use
2026-04-15T18:38:42.675+08:00 DEBUG 15660 --- [ai-gateway] [           main] o.s.b.w.s.f.OrderedFormContentFilter     : Filter 'formContentFilter' configured for use
2026-04-15T18:38:42.781+08:00 DEBUG 15660 --- [ai-gateway] [           main] o.s.b.a.AutoConfigurationPackages        : @EnableAutoConfiguration was declared on a class in the package 'com.zxw'. Automatic @Repository and @Entity scanning is enabled.
2026-04-15T18:38:43.032+08:00  INFO 15660 --- [ai-gateway] [           main] com.zaxxer.hikari.HikariDataSource       : HikariPool-1 - Starting...
2026-04-15T18:38:44.182+08:00  INFO 15660 --- [ai-gateway] [           main] com.zaxxer.hikari.pool.HikariPool        : HikariPool-1 - Added connection com.mysql.cj.jdbc.ConnectionImpl@2fe2965c
2026-04-15T18:38:44.188+08:00  INFO 15660 --- [ai-gateway] [           main] com.zaxxer.hikari.HikariDataSource       : HikariPool-1 - Start completed.
2026-04-15T18:38:45.564+08:00 DEBUG 15660 --- [ai-gateway] [           main] o.s.jdbc.core.JdbcTemplate               : Executing SQL statement [create table if not exists agent_sessions (
    id bigint primary key auto_increment,
    session_key varchar(96) not null,
    user_id bigint not null,
    api_key_id bigint not null,
    model_code varchar(64) not null,
    workspace_root varchar(512) null,
    summary_text longtext null,
    summary_message_id bigint not null default 0,
    last_response_id varchar(96) null,
    created_at datetime not null default current_timestamp,
    updated_at datetime not null default current_timestamp on update current_timestamp,
    unique key uk_agent_sessions_key (session_key),
    key idx_agent_sessions_user (user_id, updated_at)
) engine=InnoDB default charset=utf8mb4 collate=utf8mb4_unicode_ci
]
2026-04-15T18:38:45.677+08:00 DEBUG 15660 --- [ai-gateway] [           main] o.s.jdbc.core.JdbcTemplate               : SQLWarning ignored: SQL state '42S01', error code '1050', message [Table 'agent_sessions' already exists]
2026-04-15T18:38:45.703+08:00 DEBUG 15660 --- [ai-gateway] [           main] o.s.jdbc.core.JdbcTemplate               : Executing prepared SQL query
2026-04-15T18:38:45.707+08:00 DEBUG 15660 --- [ai-gateway] [           main] o.s.jdbc.core.JdbcTemplate               : Executing prepared SQL statement [select count(*)
from information_schema.columns
where table_schema = database()
  and table_name = ?
  and column_name = ?
]
2026-04-15T18:38:45.883+08:00 DEBUG 15660 --- [ai-gateway] [           main] o.s.jdbc.core.JdbcTemplate               : Executing prepared SQL query
2026-04-15T18:38:45.885+08:00 DEBUG 15660 --- [ai-gateway] [           main] o.s.jdbc.core.JdbcTemplate               : Executing prepared SQL statement [select count(*)
from information_schema.columns
where table_schema = database()
  and table_name = ?
  and column_name = ?
]
2026-04-15T18:38:45.896+08:00 DEBUG 15660 --- [ai-gateway] [           main] o.s.jdbc.core.JdbcTemplate               : Executing SQL statement [create table if not exists agent_messages (
    id bigint primary key auto_increment,
    session_id bigint not null,
    response_id varchar(96) not null,
    role_code varchar(16) not null,
    source_type varchar(32) not null,
    content_text longtext null,
    tool_name varchar(64) null,
    tool_payload_json json null,
    created_at datetime not null default current_timestamp,
    key idx_agent_messages_session (session_id, id),
    key idx_agent_messages_response (response_id)
) engine=InnoDB default charset=utf8mb4 collate=utf8mb4_unicode_ci
]
2026-04-15T18:38:45.908+08:00 DEBUG 15660 --- [ai-gateway] [           main] o.s.jdbc.core.JdbcTemplate               : SQLWarning ignored: SQL state '42S01', error code '1050', message [Table 'agent_messages' already exists]
2026-04-15T18:38:45.910+08:00 DEBUG 15660 --- [ai-gateway] [           main] o.s.jdbc.core.JdbcTemplate               : Executing SQL statement [create table if not exists agent_tool_logs (
    id bigint primary key auto_increment,
    session_id bigint not null,
    response_id varchar(96) not null,
    step_no int not null,
    tool_name varchar(64) not null,
    title varchar(128) null,
    success tinyint(1) not null default 1,
    arguments_json json null,
    result_json json null,
    file_previews_json json null,
    created_at datetime not null default current_timestamp,
    key idx_agent_tool_logs_session (session_id, id),
    key idx_agent_tool_logs_response (response_id)
) engine=InnoDB default charset=utf8mb4 collate=utf8mb4_unicode_ci
]
2026-04-15T18:38:45.923+08:00 DEBUG 15660 --- [ai-gateway] [           main] o.s.jdbc.core.JdbcTemplate               : SQLWarning ignored: SQL state 'HY000', error code '1681', message [Integer display width is deprecated and will be removed in a future release.]
2026-04-15T18:38:45.925+08:00 DEBUG 15660 --- [ai-gateway] [           main] o.s.jdbc.core.JdbcTemplate               : SQLWarning ignored: SQL state '42S01', error code '1050', message [Table 'agent_tool_logs' already exists]
2026-04-15T18:38:46.696+08:00 DEBUG 15660 --- [ai-gateway] [           main] s.w.s.m.m.a.RequestMappingHandlerMapping : 35 mappings in 'requestMappingHandlerMapping'
2026-04-15T18:38:46.737+08:00 DEBUG 15660 --- [ai-gateway] [           main] o.s.w.s.handler.SimpleUrlHandlerMapping  : Patterns [/, /console, /console/] in 'viewControllerHandlerMapping'
2026-04-15T18:38:46.858+08:00 DEBUG 15660 --- [ai-gateway] [           main] o.s.w.s.handler.SimpleUrlHandlerMapping  : Patterns [/webjars/**, /**] in 'resourceHandlerMapping'
2026-04-15T18:38:46.943+08:00 DEBUG 15660 --- [ai-gateway] [           main] s.w.s.m.m.a.RequestMappingHandlerAdapter : ControllerAdvice beans: 0 @ModelAttribute, 0 @InitBinder, 1 RequestBodyAdvice, 1 ResponseBodyAdvice
2026-04-15T18:38:47.117+08:00 DEBUG 15660 --- [ai-gateway] [           main] .m.m.a.ExceptionHandlerExceptionResolver : ControllerAdvice beans: 1 @ExceptionHandler, 1 ResponseBodyAdvice
2026-04-15T18:38:47.361+08:00  INFO 15660 --- [ai-gateway] [           main] o.s.b.w.embedded.tomcat.TomcatWebServer  : Tomcat started on port 9988 (http) with context path '/'
2026-04-15T18:38:47.414+08:00 DEBUG 15660 --- [ai-gateway] [           main] .s.b.a.l.ConditionEvaluationReportLogger : 


============================
CONDITIONS EVALUATION REPORT
============================


Positive matches:
-----------------

   AopAutoConfiguration matched:
      - @ConditionalOnBooleanProperty (spring.aop.auto=true) matched (OnPropertyCondition)

   AopAutoConfiguration.ClassProxyingConfiguration matched:
      - @ConditionalOnMissingClass did not find unwanted class 'org.aspectj.weaver.Advice' (OnClassCondition)
      - @ConditionalOnBooleanProperty (spring.aop.proxy-target-class=true) matched (OnPropertyCondition)

   ApplicationAvailabilityAutoConfiguration#applicationAvailability matched:
      - @ConditionalOnMissingBean (types: org.springframework.boot.availability.ApplicationAvailability; SearchStrategy: all) did not find any beans (OnBeanCondition)

   DataSourceAutoConfiguration matched:
      - @ConditionalOnClass found required classes 'javax.sql.DataSource', 'org.springframework.jdbc.datasource.embedded.EmbeddedDatabaseType' (OnClassCondition)
      - @ConditionalOnMissingBean (types: io.r2dbc.spi.ConnectionFactory; SearchStrategy: all) did not find any beans (OnBeanCondition)

   DataSourceAutoConfiguration.PooledDataSourceConfiguration matched:
      - AnyNestedCondition 1 matched 1 did not; NestedCondition on DataSourceAutoConfiguration.PooledDataSourceCondition.PooledDataSourceAvailable PooledDataSource found supported DataSource; NestedCondition on DataSourceAutoConfiguration.PooledDataSourceCondition.ExplicitType @ConditionalOnProperty (spring.datasource.type) did not find property 'spring.datasource.type' (DataSourceAutoConfiguration.PooledDataSourceCondition)
      - @ConditionalOnMissingBean (types: javax.sql.DataSource,javax.sql.XADataSource; SearchStrategy: all) did not find any beans (OnBeanCondition)

   DataSourceAutoConfiguration.PooledDataSourceConfiguration#jdbcConnectionDetails matched:
      - @ConditionalOnMissingBean (types: org.springframework.boot.autoconfigure.jdbc.JdbcConnectionDetails; SearchStrategy: all) did not find any beans (OnBeanCondition)

   DataSourceConfiguration.Hikari matched:
      - @ConditionalOnClass found required class 'com.zaxxer.hikari.HikariDataSource' (OnClassCondition)
      - @ConditionalOnProperty (spring.datasource.type=com.zaxxer.hikari.HikariDataSource) matched (OnPropertyCondition)
      - @ConditionalOnMissingBean (types: javax.sql.DataSource; SearchStrategy: all) did not find any beans (OnBeanCondition)

   DataSourceInitializationConfiguration matched:
      - @ConditionalOnClass found required class 'org.springframework.jdbc.datasource.init.DatabasePopulator' (OnClassCondition)
      - @ConditionalOnSingleCandidate (types: javax.sql.DataSource; SearchStrategy: all) found a single bean 'dataSource'; @ConditionalOnMissingBean (types: org.springframework.boot.autoconfigure.sql.init.SqlDataSourceScriptDatabaseInitializer,org.springframework.boot.autoconfigure.sql.init.SqlR2dbcScriptDatabaseInitializer; SearchStrategy: all) did not find any beans (OnBeanCondition)

   DataSourcePoolMetadataProvidersConfiguration.HikariPoolDataSourceMetadataProviderConfiguration matched:
      - @ConditionalOnClass found required class 'com.zaxxer.hikari.HikariDataSource' (OnClassCondition)

   DataSourceTransactionManagerAutoConfiguration matched:
      - @ConditionalOnClass found required classes 'javax.sql.DataSource', 'org.springframework.jdbc.core.JdbcTemplate', 'org.springframework.transaction.TransactionManager' (OnClassCondition)

   DataSourceTransactionManagerAutoConfiguration.JdbcTransactionManagerConfiguration matched:
      - @ConditionalOnSingleCandidate (types: javax.sql.DataSource; SearchStrategy: all) found a single bean 'dataSource' (OnBeanCondition)

   DataSourceTransactionManagerAutoConfiguration.JdbcTransactionManagerConfiguration#transactionManager matched:
      - @ConditionalOnMissingBean (types: org.springframework.transaction.TransactionManager; SearchStrategy: all) did not find any beans (OnBeanCondition)

   DispatcherServletAutoConfiguration matched:
      - @ConditionalOnClass found required class 'org.springframework.web.servlet.DispatcherServlet' (OnClassCondition)
      - found 'session' scope (OnWebApplicationCondition)

   DispatcherServletAutoConfiguration.DispatcherServletConfiguration matched:
      - @ConditionalOnClass found required class 'jakarta.servlet.ServletRegistration' (OnClassCondition)
      - Default DispatcherServlet did not find dispatcher servlet beans (DispatcherServletAutoConfiguration.DefaultDispatcherServletCondition)

   DispatcherServletAutoConfiguration.DispatcherServletRegistrationConfiguration matched:
      - @ConditionalOnClass found required class 'jakarta.servlet.ServletRegistration' (OnClassCondition)
      - DispatcherServlet Registration did not find servlet registration bean (DispatcherServletAutoConfiguration.DispatcherServletRegistrationCondition)

   DispatcherServletAutoConfiguration.DispatcherServletRegistrationConfiguration#dispatcherServletRegistration matched:
      - @ConditionalOnBean (names: dispatcherServlet types: org.springframework.web.servlet.DispatcherServlet; SearchStrategy: all) found bean 'dispatcherServlet' (OnBeanCondition)

   EmbeddedWebServerFactoryCustomizerAutoConfiguration matched:
      - @ConditionalOnWebApplication (required) found 'session' scope (OnWebApplicationCondition)
      - @ConditionalOnWarDeployment the application is not deployed as a WAR file. (OnWarDeploymentCondition)

   EmbeddedWebServerFactoryCustomizerAutoConfiguration.TomcatWebServerFactoryCustomizerConfiguration matched:
      - @ConditionalOnClass found required classes 'org.apache.catalina.startup.Tomcat', 'org.apache.coyote.UpgradeProtocol' (OnClassCondition)

   ErrorMvcAutoConfiguration matched:
      - @ConditionalOnClass found required classes 'jakarta.servlet.Servlet', 'org.springframework.web.servlet.DispatcherServlet' (OnClassCondition)
      - found 'session' scope (OnWebApplicationCondition)

   ErrorMvcAutoConfiguration#basicErrorController matched:
      - @ConditionalOnMissingBean (types: org.springframework.boot.web.servlet.error.ErrorController; SearchStrategy: current) did not find any beans (OnBeanCondition)

   ErrorMvcAutoConfiguration#errorAttributes matched:
      - @ConditionalOnMissingBean (types: org.springframework.boot.web.servlet.error.ErrorAttributes; SearchStrategy: current) did not find any beans (OnBeanCondition)

   ErrorMvcAutoConfiguration.DefaultErrorViewResolverConfiguration#conventionErrorViewResolver matched:
      - @ConditionalOnBean (types: org.springframework.web.servlet.DispatcherServlet; SearchStrategy: all) found bean 'dispatcherServlet'; @ConditionalOnMissingBean (types: org.springframework.boot.autoconfigure.web.servlet.error.ErrorViewResolver; SearchStrategy: all) did not find any beans (OnBeanCondition)

   ErrorMvcAutoConfiguration.WhitelabelErrorViewConfiguration matched:
      - @ConditionalOnBooleanProperty (server.error.whitelabel.enabled=true) matched (OnPropertyCondition)
      - ErrorTemplate Missing did not find error template view (ErrorMvcAutoConfiguration.ErrorTemplateMissingCondition)

   ErrorMvcAutoConfiguration.WhitelabelErrorViewConfiguration#beanNameViewResolver matched:
      - @ConditionalOnMissingBean (types: org.springframework.web.servlet.view.BeanNameViewResolver; SearchStrategy: all) did not find any beans (OnBeanCondition)

   ErrorMvcAutoConfiguration.WhitelabelErrorViewConfiguration#defaultErrorView matched:
      - @ConditionalOnMissingBean (names: error; SearchStrategy: all) did not find any beans (OnBeanCondition)

   GenericCacheConfiguration matched:
      - Cache org.springframework.boot.autoconfigure.cache.GenericCacheConfiguration automatic cache type (CacheCondition)

   HttpClientAutoConfiguration matched:
      - @ConditionalOnClass found required class 'org.springframework.http.client.ClientHttpRequestFactory' (OnClassCondition)
      - NoneNestedConditions 0 matched 1 did not; NestedCondition on NotReactiveWebApplicationCondition.ReactiveWebApplication did not find reactive web application classes (NotReactiveWebApplicationCondition)

   HttpClientAutoConfiguration#clientHttpRequestFactoryBuilder matched:
      - @ConditionalOnMissingBean (types: org.springframework.boot.http.client.ClientHttpRequestFactoryBuilder<?>; SearchStrategy: all) did not find any beans (OnBeanCondition)

   HttpClientAutoConfiguration#clientHttpRequestFactorySettings matched:
      - @ConditionalOnMissingBean (types: org.springframework.boot.http.client.ClientHttpRequestFactorySettings; SearchStrategy: all) did not find any beans (OnBeanCondition)

   HttpEncodingAutoConfiguration matched:
      - @ConditionalOnClass found required class 'org.springframework.web.filter.CharacterEncodingFilter' (OnClassCondition)
      - found 'session' scope (OnWebApplicationCondition)
      - @ConditionalOnBooleanProperty (server.servlet.encoding.enabled=true) matched (OnPropertyCondition)

   HttpEncodingAutoConfiguration#characterEncodingFilter matched:
      - @ConditionalOnMissingBean (types: org.springframework.web.filter.CharacterEncodingFilter; SearchStrategy: all) did not find any beans (OnBeanCondition)

   HttpMessageConvertersAutoConfiguration matched:
      - @ConditionalOnClass found required class 'org.springframework.http.converter.HttpMessageConverter' (OnClassCondition)
      - NoneNestedConditions 0 matched 1 did not; NestedCondition on HttpMessageConvertersAutoConfiguration.NotReactiveWebApplicationCondition.ReactiveWebApplication did not find reactive web application classes (HttpMessageConvertersAutoConfiguration.NotReactiveWebApplicationCondition)

   HttpMessageConvertersAutoConfiguration#messageConverters matched:
      - @ConditionalOnMissingBean (types: org.springframework.boot.autoconfigure.http.HttpMessageConverters; SearchStrategy: all) did not find any beans (OnBeanCondition)

   HttpMessageConvertersAutoConfiguration.StringHttpMessageConverterConfiguration matched:
      - @ConditionalOnClass found required class 'org.springframework.http.converter.StringHttpMessageConverter' (OnClassCondition)

   HttpMessageConvertersAutoConfiguration.StringHttpMessageConverterConfiguration#stringHttpMessageConverter matched:
      - @ConditionalOnMissingBean (types: org.springframework.http.converter.StringHttpMessageConverter; SearchStrategy: all) did not find any beans (OnBeanCondition)

   JacksonAutoConfiguration matched:
      - @ConditionalOnClass found required class 'com.fasterxml.jackson.databind.ObjectMapper' (OnClassCondition)

   JacksonAutoConfiguration.Jackson2ObjectMapperBuilderCustomizerConfiguration matched:
      - @ConditionalOnClass found required class 'org.springframework.http.converter.json.Jackson2ObjectMapperBuilder' (OnClassCondition)

   JacksonAutoConfiguration.JacksonObjectMapperBuilderConfiguration matched:
      - @ConditionalOnClass found required class 'org.springframework.http.converter.json.Jackson2ObjectMapperBuilder' (OnClassCondition)

   JacksonAutoConfiguration.JacksonObjectMapperBuilderConfiguration#jacksonObjectMapperBuilder matched:
      - @ConditionalOnMissingBean (types: org.springframework.http.converter.json.Jackson2ObjectMapperBuilder; SearchStrategy: all) did not find any beans (OnBeanCondition)

   JacksonAutoConfiguration.JacksonObjectMapperConfiguration matched:
      - @ConditionalOnClass found required class 'org.springframework.http.converter.json.Jackson2ObjectMapperBuilder' (OnClassCondition)

   JacksonAutoConfiguration.JacksonObjectMapperConfiguration#jacksonObjectMapper matched:
      - @ConditionalOnMissingBean (types: com.fasterxml.jackson.databind.ObjectMapper; SearchStrategy: all) did not find any beans (OnBeanCondition)

   JacksonAutoConfiguration.ParameterNamesModuleConfiguration matched:
      - @ConditionalOnClass found required class 'com.fasterxml.jackson.module.paramnames.ParameterNamesModule' (OnClassCondition)

   JacksonAutoConfiguration.ParameterNamesModuleConfiguration#parameterNamesModule matched:
      - @ConditionalOnMissingBean (types: com.fasterxml.jackson.module.paramnames.ParameterNamesModule; SearchStrategy: all) did not find any beans (OnBeanCondition)

   JacksonHttpMessageConvertersConfiguration.MappingJackson2HttpMessageConverterConfiguration matched:
      - @ConditionalOnClass found required class 'com.fasterxml.jackson.databind.ObjectMapper' (OnClassCondition)
      - @ConditionalOnPreferredJsonMapper JACKSON no property was configured and Jackson is the default (OnPreferredJsonMapperCondition)
      - @ConditionalOnBean (types: com.fasterxml.jackson.databind.ObjectMapper; SearchStrategy: all) found bean 'jacksonObjectMapper' (OnBeanCondition)

   JacksonHttpMessageConvertersConfiguration.MappingJackson2HttpMessageConverterConfiguration#mappingJackson2HttpMessageConverter matched:
      - @ConditionalOnMissingBean (types: org.springframework.http.converter.json.MappingJackson2HttpMessageConverter ignored: org.springframework.hateoas.server.mvc.TypeConstrainedMappingJackson2HttpMessageConverter,org.springframework.data.rest.webmvc.alps.AlpsJsonHttpMessageConverter; SearchStrategy: all) did not find any beans (OnBeanCondition)

   JdbcClientAutoConfiguration matched:
      - @ConditionalOnSingleCandidate (types: org.springframework.jdbc.core.namedparam.NamedParameterJdbcTemplate; SearchStrategy: all) found a single bean 'namedParameterJdbcTemplate'; @ConditionalOnMissingBean (types: org.springframework.jdbc.core.simple.JdbcClient; SearchStrategy: all) did not find any beans (OnBeanCondition)

   JdbcTemplateAutoConfiguration matched:
      - @ConditionalOnClass found required classes 'javax.sql.DataSource', 'org.springframework.jdbc.core.JdbcTemplate' (OnClassCondition)
      - @ConditionalOnSingleCandidate (types: javax.sql.DataSource; SearchStrategy: all) found a single bean 'dataSource' (OnBeanCondition)

   JdbcTemplateConfiguration matched:
      - @ConditionalOnMissingBean (types: org.springframework.jdbc.core.JdbcOperations; SearchStrategy: all) did not find any beans (OnBeanCondition)

   LifecycleAutoConfiguration#defaultLifecycleProcessor matched:
      - @ConditionalOnMissingBean (names: lifecycleProcessor; SearchStrategy: current) did not find any beans (OnBeanCondition)

   MultipartAutoConfiguration matched:
      - @ConditionalOnClass found required classes 'jakarta.servlet.Servlet', 'org.springframework.web.multipart.support.StandardServletMultipartResolver', 'jakarta.servlet.MultipartConfigElement' (OnClassCondition)
      - found 'session' scope (OnWebApplicationCondition)
      - @ConditionalOnBooleanProperty (spring.servlet.multipart.enabled=true) matched (OnPropertyCondition)

   MultipartAutoConfiguration#multipartConfigElement matched:
      - @ConditionalOnMissingBean (types: jakarta.servlet.MultipartConfigElement; SearchStrategy: all) did not find any beans (OnBeanCondition)

   MultipartAutoConfiguration#multipartResolver matched:
      - @ConditionalOnMissingBean (types: org.springframework.web.multipart.MultipartResolver; SearchStrategy: all) did not find any beans (OnBeanCondition)

   NamedParameterJdbcTemplateConfiguration matched:
      - @ConditionalOnSingleCandidate (types: org.springframework.jdbc.core.JdbcTemplate; SearchStrategy: all) found a single bean 'jdbcTemplate'; @ConditionalOnMissingBean (types: org.springframework.jdbc.core.namedparam.NamedParameterJdbcOperations; SearchStrategy: all) did not find any beans (OnBeanCondition)

   NoOpCacheConfiguration matched:
      - Cache org.springframework.boot.autoconfigure.cache.NoOpCacheConfiguration automatic cache type (CacheCondition)

   PersistenceExceptionTranslationAutoConfiguration matched:
      - @ConditionalOnClass found required class 'org.springframework.dao.annotation.PersistenceExceptionTranslationPostProcessor' (OnClassCondition)

   PersistenceExceptionTranslationAutoConfiguration#persistenceExceptionTranslationPostProcessor matched:
      - @ConditionalOnBooleanProperty (spring.dao.exceptiontranslation.enabled=true) matched (OnPropertyCondition)
      - @ConditionalOnMissingBean (types: org.springframework.dao.annotation.PersistenceExceptionTranslationPostProcessor; SearchStrategy: all) did not find any beans (OnBeanCondition)

   PropertyPlaceholderAutoConfiguration#propertySourcesPlaceholderConfigurer matched:
      - @ConditionalOnMissingBean (types: org.springframework.context.support.PropertySourcesPlaceholderConfigurer; SearchStrategy: current) did not find any beans (OnBeanCondition)

   RestClientAutoConfiguration matched:
      - @ConditionalOnClass found required class 'org.springframework.web.client.RestClient' (OnClassCondition)
      - AnyNestedCondition 1 matched 1 did not; NestedCondition on NotReactiveWebApplicationOrVirtualThreadsExecutorEnabledCondition.VirtualThreadsExecutorEnabled found non-matching nested conditions @ConditionalOnThreading did not find VIRTUAL; NestedCondition on NotReactiveWebApplicationOrVirtualThreadsExecutorEnabledCondition.NotReactiveWebApplication NoneNestedConditions 0 matched 1 did not; NestedCondition on NotReactiveWebApplicationCondition.ReactiveWebApplication did not find reactive web application classes (NotReactiveWebApplicationOrVirtualThreadsExecutorEnabledCondition)

   RestClientAutoConfiguration#httpMessageConvertersRestClientCustomizer matched:
      - @ConditionalOnMissingBean (types: org.springframework.boot.autoconfigure.web.client.HttpMessageConvertersRestClientCustomizer; SearchStrategy: all) did not find any beans (OnBeanCondition)

   RestClientAutoConfiguration#restClientBuilder matched:
      - @ConditionalOnMissingBean (types: org.springframework.web.client.RestClient$Builder; SearchStrategy: all) did not find any beans (OnBeanCondition)

   RestClientAutoConfiguration#restClientBuilderConfigurer matched:
      - @ConditionalOnMissingBean (types: org.springframework.boot.autoconfigure.web.client.RestClientBuilderConfigurer; SearchStrategy: all) did not find any beans (OnBeanCondition)

   RestClientAutoConfiguration#restClientSsl matched:
      - @ConditionalOnBean (types: org.springframework.boot.ssl.SslBundles; SearchStrategy: all) found bean 'sslBundleRegistry'; @ConditionalOnMissingBean (types: org.springframework.boot.autoconfigure.web.client.RestClientSsl; SearchStrategy: all) did not find any beans (OnBeanCondition)

   RestTemplateAutoConfiguration matched:
      - @ConditionalOnClass found required class 'org.springframework.web.client.RestTemplate' (OnClassCondition)
      - NoneNestedConditions 0 matched 1 did not; NestedCondition on NotReactiveWebApplicationCondition.ReactiveWebApplication did not find reactive web application classes (NotReactiveWebApplicationCondition)

   RestTemplateAutoConfiguration#restTemplateBuilder matched:
      - @ConditionalOnMissingBean (types: org.springframework.boot.web.client.RestTemplateBuilder; SearchStrategy: all) did not find any beans (OnBeanCondition)

   ServletWebServerFactoryAutoConfiguration matched:
      - @ConditionalOnClass found required class 'jakarta.servlet.ServletRequest' (OnClassCondition)
      - found 'session' scope (OnWebApplicationCondition)

   ServletWebServerFactoryAutoConfiguration.TomcatConfiguration matched:
      - @ConditionalOnClass found required class 'org.apache.catalina.startup.Tomcat' (OnClassCondition)

   ServletWebServerFactoryConfiguration.EmbeddedTomcat matched:
      - @ConditionalOnClass found required classes 'jakarta.servlet.Servlet', 'org.apache.catalina.startup.Tomcat', 'org.apache.coyote.UpgradeProtocol' (OnClassCondition)
      - @ConditionalOnMissingBean (types: org.springframework.boot.web.servlet.server.ServletWebServerFactory; SearchStrategy: current) did not find any beans (OnBeanCondition)

   SimpleCacheConfiguration matched:
      - Cache org.springframework.boot.autoconfigure.cache.SimpleCacheConfiguration automatic cache type (CacheCondition)

   SqlInitializationAutoConfiguration matched:
      - @ConditionalOnBooleanProperty (spring.sql.init.enabled=true) matched (OnPropertyCondition)
      - NoneNestedConditions 0 matched 1 did not; NestedCondition on SqlInitializationAutoConfiguration.SqlInitializationModeCondition.ModeIsNever @ConditionalOnProperty (spring.sql.init.mode=never) found different value in property 'spring.sql.init.mode' (SqlInitializationAutoConfiguration.SqlInitializationModeCondition)

   SslAutoConfiguration#sslBundleRegistry matched:
      - @ConditionalOnMissingBean (types: org.springframework.boot.ssl.SslBundleRegistry,org.springframework.boot.ssl.SslBundles; SearchStrategy: all) did not find any beans (OnBeanCondition)

   TaskExecutionAutoConfiguration matched:
      - @ConditionalOnClass found required class 'org.springframework.scheduling.concurrent.ThreadPoolTaskExecutor' (OnClassCondition)

   TaskExecutorConfigurations.AsyncConfigurerConfiguration matched:
      - @ConditionalOnMissingBean (types: org.springframework.scheduling.annotation.AsyncConfigurer; SearchStrategy: all) did not find any beans (OnBeanCondition)

   TaskExecutorConfigurations.AsyncConfigurerConfiguration#applicationTaskExecutorAsyncConfigurer matched:
      - @ConditionalOnMissingBean (types: org.springframework.scheduling.annotation.AsyncConfigurer; SearchStrategy: all) did not find any beans (OnBeanCondition)

   TaskExecutorConfigurations.SimpleAsyncTaskExecutorBuilderConfiguration#simpleAsyncTaskExecutorBuilder matched:
      - @ConditionalOnMissingBean (types: org.springframework.boot.task.SimpleAsyncTaskExecutorBuilder; SearchStrategy: all) did not find any beans (OnBeanCondition)
      - @ConditionalOnThreading found PLATFORM (OnThreadingCondition)

   TaskExecutorConfigurations.TaskExecutorConfiguration matched:
      - AnyNestedCondition 1 matched 1 did not; NestedCondition on TaskExecutorConfigurations.OnExecutorCondition.ModelCondition @ConditionalOnProperty (spring.task.execution.mode=force) did not find property 'spring.task.execution.mode'; NestedCondition on TaskExecutorConfigurations.OnExecutorCondition.ExecutorBeanCondition @ConditionalOnMissingBean (types: java.util.concurrent.Executor; SearchStrategy: all) did not find any beans (TaskExecutorConfigurations.OnExecutorCondition)

   TaskExecutorConfigurations.TaskExecutorConfiguration#applicationTaskExecutor matched:
      - @ConditionalOnThreading found PLATFORM (OnThreadingCondition)

   TaskExecutorConfigurations.ThreadPoolTaskExecutorBuilderConfiguration#threadPoolTaskExecutorBuilder matched:
      - @ConditionalOnMissingBean (types: org.springframework.boot.task.ThreadPoolTaskExecutorBuilder; SearchStrategy: all) did not find any beans (OnBeanCondition)

   TaskSchedulingAutoConfiguration matched:
      - @ConditionalOnClass found required class 'org.springframework.scheduling.concurrent.ThreadPoolTaskScheduler' (OnClassCondition)

   TaskSchedulingConfigurations.SimpleAsyncTaskSchedulerBuilderConfiguration#simpleAsyncTaskSchedulerBuilder matched:
      - @ConditionalOnMissingBean (types: org.springframework.boot.task.SimpleAsyncTaskSchedulerBuilder; SearchStrategy: all) did not find any beans (OnBeanCondition)
      - @ConditionalOnThreading found PLATFORM (OnThreadingCondition)

   TaskSchedulingConfigurations.ThreadPoolTaskSchedulerBuilderConfiguration#threadPoolTaskSchedulerBuilder matched:
      - @ConditionalOnMissingBean (types: org.springframework.boot.task.ThreadPoolTaskSchedulerBuilder; SearchStrategy: all) did not find any beans (OnBeanCondition)

   TransactionAutoConfiguration matched:
      - @ConditionalOnClass found required class 'org.springframework.transaction.PlatformTransactionManager' (OnClassCondition)

   TransactionAutoConfiguration.EnableTransactionManagementConfiguration matched:
      - @ConditionalOnBean (types: org.springframework.transaction.TransactionManager; SearchStrategy: all) found bean 'transactionManager'; @ConditionalOnMissingBean (types: org.springframework.transaction.annotation.AbstractTransactionManagementConfiguration; SearchStrategy: all) did not find any beans (OnBeanCondition)

   TransactionAutoConfiguration.EnableTransactionManagementConfiguration.CglibAutoProxyConfiguration matched:
      - @ConditionalOnBooleanProperty (spring.aop.proxy-target-class=true) matched (OnPropertyCondition)

   TransactionAutoConfiguration.TransactionTemplateConfiguration matched:
      - @ConditionalOnSingleCandidate (types: org.springframework.transaction.PlatformTransactionManager; SearchStrategy: all) found a single bean 'transactionManager' (OnBeanCondition)

   TransactionAutoConfiguration.TransactionTemplateConfiguration#transactionTemplate matched:
      - @ConditionalOnMissingBean (types: org.springframework.transaction.support.TransactionOperations; SearchStrategy: all) did not find any beans (OnBeanCondition)

   TransactionManagerCustomizationAutoConfiguration matched:
      - @ConditionalOnClass found required class 'org.springframework.transaction.PlatformTransactionManager' (OnClassCondition)

   TransactionManagerCustomizationAutoConfiguration#platformTransactionManagerCustomizers matched:
      - @ConditionalOnMissingBean (types: org.springframework.boot.autoconfigure.transaction.TransactionManagerCustomizers; SearchStrategy: all) did not find any beans (OnBeanCondition)

   ValidationAutoConfiguration matched:
      - @ConditionalOnClass found required class 'jakarta.validation.executable.ExecutableValidator' (OnClassCondition)
      - @ConditionalOnResource found location classpath:META-INF/services/jakarta.validation.spi.ValidationProvider (OnResourceCondition)

   ValidationAutoConfiguration#defaultValidator matched:
      - @ConditionalOnMissingBean (types: jakarta.validation.Validator; SearchStrategy: all) did not find any beans (OnBeanCondition)

   ValidationAutoConfiguration#methodValidationPostProcessor matched:
      - @ConditionalOnMissingBean (types: org.springframework.validation.beanvalidation.MethodValidationPostProcessor; SearchStrategy: current) did not find any beans (OnBeanCondition)

   WebMvcAutoConfiguration matched:
      - @ConditionalOnClass found required classes 'jakarta.servlet.Servlet', 'org.springframework.web.servlet.DispatcherServlet', 'org.springframework.web.servlet.config.annotation.WebMvcConfigurer' (OnClassCondition)
      - found 'session' scope (OnWebApplicationCondition)
      - @ConditionalOnMissingBean (types: org.springframework.web.servlet.config.annotation.WebMvcConfigurationSupport; SearchStrategy: all) did not find any beans (OnBeanCondition)

   WebMvcAutoConfiguration#formContentFilter matched:
      - @ConditionalOnBooleanProperty (spring.mvc.formcontent.filter.enabled=true) matched (OnPropertyCondition)
      - @ConditionalOnMissingBean (types: org.springframework.web.filter.FormContentFilter; SearchStrategy: all) did not find any beans (OnBeanCondition)

   WebMvcAutoConfiguration.EnableWebMvcConfiguration#flashMapManager matched:
      - @ConditionalOnMissingBean (names: flashMapManager; SearchStrategy: all) did not find any beans (OnBeanCondition)

   WebMvcAutoConfiguration.EnableWebMvcConfiguration#localeResolver matched:
      - @ConditionalOnMissingBean (names: localeResolver; SearchStrategy: all) did not find any beans (OnBeanCondition)

   WebMvcAutoConfiguration.EnableWebMvcConfiguration#themeResolver matched:
      - @ConditionalOnMissingBean (names: themeResolver; SearchStrategy: all) did not find any beans (OnBeanCondition)

   WebMvcAutoConfiguration.EnableWebMvcConfiguration#viewNameTranslator matched:
      - @ConditionalOnMissingBean (names: viewNameTranslator; SearchStrategy: all) did not find any beans (OnBeanCondition)

   WebMvcAutoConfiguration.WebMvcAutoConfigurationAdapter#defaultViewResolver matched:
      - @ConditionalOnMissingBean (types: org.springframework.web.servlet.view.InternalResourceViewResolver; SearchStrategy: all) did not find any beans (OnBeanCondition)

   WebMvcAutoConfiguration.WebMvcAutoConfigurationAdapter#requestContextFilter matched:
      - @ConditionalOnMissingBean (types: org.springframework.web.context.request.RequestContextListener,org.springframework.web.filter.RequestContextFilter; SearchStrategy: all) did not find any beans (OnBeanCondition)

   WebMvcAutoConfiguration.WebMvcAutoConfigurationAdapter#viewResolver matched:
      - @ConditionalOnBean (types: org.springframework.web.servlet.ViewResolver; SearchStrategy: all) found beans 'defaultViewResolver', 'beanNameViewResolver', 'mvcViewResolver'; @ConditionalOnMissingBean (names: viewResolver types: org.springframework.web.servlet.view.ContentNegotiatingViewResolver; SearchStrategy: all) did not find any beans (OnBeanCondition)

   WebSocketServletAutoConfiguration matched:
      - @ConditionalOnClass found required classes 'jakarta.servlet.Servlet', 'jakarta.websocket.server.ServerContainer' (OnClassCondition)
      - found 'session' scope (OnWebApplicationCondition)

   WebSocketServletAutoConfiguration.TomcatWebSocketConfiguration matched:
      - @ConditionalOnClass found required classes 'org.apache.catalina.startup.Tomcat', 'org.apache.tomcat.websocket.server.WsSci' (OnClassCondition)

   WebSocketServletAutoConfiguration.TomcatWebSocketConfiguration#websocketServletWebServerCustomizer matched:
      - @ConditionalOnMissingBean (names: websocketServletWebServerCustomizer; SearchStrategy: all) did not find any beans (OnBeanCondition)


Negative matches:
-----------------

   ActiveMQAutoConfiguration:
      Did not match:
         - @ConditionalOnClass did not find required class 'jakarta.jms.ConnectionFactory' (OnClassCondition)

   AopAutoConfiguration.AspectJAutoProxyingConfiguration:
      Did not match:
         - @ConditionalOnClass did not find required class 'org.aspectj.weaver.Advice' (OnClassCondition)

   ArtemisAutoConfiguration:
      Did not match:
         - @ConditionalOnClass did not find required class 'jakarta.jms.ConnectionFactory' (OnClassCondition)

   BatchAutoConfiguration:
      Did not match:
         - @ConditionalOnClass did not find required class 'org.springframework.batch.core.launch.JobLauncher' (OnClassCondition)

   BootstrapDataInitializer:
      Did not match:
         - @ConditionalOnBean (types: org.springframework.jdbc.core.JdbcTemplate; SearchStrategy: all) did not find any beans of type org.springframework.jdbc.core.JdbcTemplate (OnBeanCondition)

   Cache2kCacheConfiguration:
      Did not match:
         - @ConditionalOnClass did not find required class 'org.cache2k.Cache2kBuilder' (OnClassCondition)

   CacheAutoConfiguration:
      Did not match:
         - @ConditionalOnBean (types: org.springframework.cache.interceptor.CacheAspectSupport; SearchStrategy: all) did not find any beans of type org.springframework.cache.interceptor.CacheAspectSupport (OnBeanCondition)
      Matched:
         - @ConditionalOnClass found required class 'org.springframework.cache.CacheManager' (OnClassCondition)

   CacheAutoConfiguration.CacheManagerEntityManagerFactoryDependsOnPostProcessor:
      Did not match:
         - @ConditionalOnClass did not find required class 'org.springframework.orm.jpa.LocalContainerEntityManagerFactoryBean' (OnClassCondition)
         - Ancestor org.springframework.boot.autoconfigure.cache.CacheAutoConfiguration did not match (ConditionEvaluationReport.AncestorsMatchedCondition)

   CaffeineCacheConfiguration:
      Did not match:
         - @ConditionalOnClass did not find required class 'com.github.benmanes.caffeine.cache.Caffeine' (OnClassCondition)

   CassandraAutoConfiguration:
      Did not match:
         - @ConditionalOnClass did not find required class 'com.datastax.oss.driver.api.core.CqlSession' (OnClassCondition)

   CassandraDataAutoConfiguration:
      Did not match:
         - @ConditionalOnClass did not find required class 'com.datastax.oss.driver.api.core.CqlSession' (OnClassCondition)

   CassandraReactiveDataAutoConfiguration:
      Did not match:
         - @ConditionalOnClass did not find required class 'com.datastax.oss.driver.api.core.CqlSession' (OnClassCondition)

   CassandraReactiveRepositoriesAutoConfiguration:
      Did not match:
         - @ConditionalOnClass did not find required class 'org.springframework.data.cassandra.ReactiveSession' (OnClassCondition)

   CassandraRepositoriesAutoConfiguration:
      Did not match:
         - @ConditionalOnClass did not find required class 'com.datastax.oss.driver.api.core.CqlSession' (OnClassCondition)

   org.springframework.boot.autoconfigure.http.client.reactive.ClientHttpConnectorAutoConfiguration:
      Did not match:
         - @ConditionalOnClass did not find required class 'reactor.core.publisher.Mono' (OnClassCondition)

   org.springframework.boot.autoconfigure.web.reactive.function.client.ClientHttpConnectorAutoConfiguration:
      Did not match:
         - @ConditionalOnClass did not find required class 'org.springframework.web.reactive.function.client.WebClient' (OnClassCondition)

   CodecsAutoConfiguration:
      Did not match:
         - @ConditionalOnClass did not find required class 'org.springframework.web.reactive.function.client.WebClient' (OnClassCondition)

   CouchbaseAutoConfiguration:
      Did not match:
         - @ConditionalOnClass did not find required class 'com.couchbase.client.java.Cluster' (OnClassCondition)

   CouchbaseCacheConfiguration:
      Did not match:
         - @ConditionalOnClass did not find required class 'com.couchbase.client.java.Cluster' (OnClassCondition)

   CouchbaseDataAutoConfiguration:
      Did not match:
         - @ConditionalOnClass did not find required class 'com.couchbase.client.java.Bucket' (OnClassCondition)

   CouchbaseReactiveDataAutoConfiguration:
      Did not match:
         - @ConditionalOnClass did not find required class 'com.couchbase.client.java.Cluster' (OnClassCondition)

   CouchbaseReactiveRepositoriesAutoConfiguration:
      Did not match:
         - @ConditionalOnClass did not find required class 'com.couchbase.client.java.Cluster' (OnClassCondition)

   CouchbaseRepositoriesAutoConfiguration:
      Did not match:
         - @ConditionalOnClass did not find required class 'com.couchbase.client.java.Bucket' (OnClassCondition)

   DataSourceAutoConfiguration.EmbeddedDatabaseConfiguration:
      Did not match:
         - EmbeddedDataSource spring.datasource.url is set (DataSourceAutoConfiguration.EmbeddedDatabaseCondition)

   DataSourceCheckpointRestoreConfiguration:
      Did not match:
         - @ConditionalOnClass did not find required class 'org.crac.Resource' (OnClassCondition)

   DataSourceConfiguration.Dbcp2:
      Did not match:
         - @ConditionalOnClass did not find required class 'org.apache.commons.dbcp2.BasicDataSource' (OnClassCondition)

   DataSourceConfiguration.Generic:
      Did not match:
         - @ConditionalOnProperty (spring.datasource.type) did not find property 'spring.datasource.type' (OnPropertyCondition)

   DataSourceConfiguration.OracleUcp:
      Did not match:
         - @ConditionalOnClass did not find required classes 'oracle.ucp.jdbc.PoolDataSourceImpl', 'oracle.jdbc.OracleConnection' (OnClassCondition)

   DataSourceConfiguration.Tomcat:
      Did not match:
         - @ConditionalOnClass did not find required class 'org.apache.tomcat.jdbc.pool.DataSource' (OnClassCondition)

   DataSourceJmxConfiguration:
      Did not match:
         - @ConditionalOnBooleanProperty (spring.jmx.enabled=true) did not find property 'spring.jmx.enabled' (OnPropertyCondition)

   DataSourcePoolMetadataProvidersConfiguration.CommonsDbcp2PoolDataSourceMetadataProviderConfiguration:
      Did not match:
         - @ConditionalOnClass did not find required class 'org.apache.commons.dbcp2.BasicDataSource' (OnClassCondition)

   DataSourcePoolMetadataProvidersConfiguration.OracleUcpPoolDataSourceMetadataProviderConfiguration:
      Did not match:
         - @ConditionalOnClass did not find required classes 'oracle.ucp.jdbc.PoolDataSource', 'oracle.jdbc.OracleConnection' (OnClassCondition)

   DataSourcePoolMetadataProvidersConfiguration.TomcatDataSourcePoolMetadataProviderConfiguration:
      Did not match:
         - @ConditionalOnClass did not find required class 'org.apache.tomcat.jdbc.pool.DataSource' (OnClassCondition)

   DispatcherServletAutoConfiguration.DispatcherServletConfiguration#multipartResolver:
      Did not match:
         - @ConditionalOnBean (types: org.springframework.web.multipart.MultipartResolver; SearchStrategy: all) did not find any beans of type org.springframework.web.multipart.MultipartResolver (OnBeanCondition)

   ElasticsearchClientAutoConfiguration:
      Did not match:
         - @ConditionalOnClass did not find required class 'co.elastic.clients.elasticsearch.ElasticsearchClient' (OnClassCondition)

   ElasticsearchDataAutoConfiguration:
      Did not match:
         - @ConditionalOnClass did not find required class 'org.springframework.data.elasticsearch.client.elc.ElasticsearchTemplate' (OnClassCondition)

   ElasticsearchRepositoriesAutoConfiguration:
      Did not match:
         - @ConditionalOnClass did not find required class 'org.springframework.data.elasticsearch.repository.ElasticsearchRepository' (OnClassCondition)

   ElasticsearchRestClientAutoConfiguration:
      Did not match:
         - @ConditionalOnClass did not find required class 'org.elasticsearch.client.RestClientBuilder' (OnClassCondition)

   EmbeddedLdapAutoConfiguration:
      Did not match:
         - @ConditionalOnClass did not find required class 'com.unboundid.ldap.listener.InMemoryDirectoryServer' (OnClassCondition)

   EmbeddedWebServerFactoryCustomizerAutoConfiguration.JettyWebServerFactoryCustomizerConfiguration:
      Did not match:
         - @ConditionalOnClass did not find required classes 'org.eclipse.jetty.server.Server', 'org.eclipse.jetty.util.Loader', 'org.eclipse.jetty.ee10.webapp.WebAppContext' (OnClassCondition)

   EmbeddedWebServerFactoryCustomizerAutoConfiguration.NettyWebServerFactoryCustomizerConfiguration:
      Did not match:
         - @ConditionalOnClass did not find required class 'reactor.netty.http.server.HttpServer' (OnClassCondition)

   EmbeddedWebServerFactoryCustomizerAutoConfiguration.TomcatWebServerFactoryCustomizerConfiguration#tomcatVirtualThreadsProtocolHandlerCustomizer:
      Did not match:
         - @ConditionalOnThreading did not find VIRTUAL (OnThreadingCondition)

   EmbeddedWebServerFactoryCustomizerAutoConfiguration.UndertowWebServerFactoryCustomizerConfiguration:
      Did not match:
         - @ConditionalOnClass did not find required classes 'io.undertow.Undertow', 'org.xnio.SslClientAuthMode' (OnClassCondition)

   ErrorWebFluxAutoConfiguration:
      Did not match:
         - @ConditionalOnClass did not find required class 'org.springframework.web.reactive.config.WebFluxConfigurer' (OnClassCondition)

   FlywayAutoConfiguration:
      Did not match:
         - @ConditionalOnClass did not find required class 'org.flywaydb.core.Flyway' (OnClassCondition)

   FreeMarkerAutoConfiguration:
      Did not match:
         - @ConditionalOnClass did not find required class 'freemarker.template.Configuration' (OnClassCondition)

   GraphQlAutoConfiguration:
      Did not match:
         - @ConditionalOnClass did not find required class 'graphql.GraphQL' (OnClassCondition)

   GraphQlQueryByExampleAutoConfiguration:
      Did not match:
         - @ConditionalOnClass did not find required class 'graphql.GraphQL' (OnClassCondition)

   GraphQlQuerydslAutoConfiguration:
      Did not match:
         - @ConditionalOnClass did not find required class 'com.querydsl.core.Query' (OnClassCondition)

   GraphQlRSocketAutoConfiguration:
      Did not match:
         - @ConditionalOnClass did not find required class 'graphql.GraphQL' (OnClassCondition)

   GraphQlReactiveQueryByExampleAutoConfiguration:
      Did not match:
         - @ConditionalOnClass did not find required class 'graphql.GraphQL' (OnClassCondition)

   GraphQlReactiveQuerydslAutoConfiguration:
      Did not match:
         - @ConditionalOnClass did not find required class 'com.querydsl.core.Query' (OnClassCondition)

   GraphQlWebFluxAutoConfiguration:
      Did not match:
         - @ConditionalOnClass did not find required class 'graphql.GraphQL' (OnClassCondition)

   GraphQlWebFluxSecurityAutoConfiguration:
      Did not match:
         - @ConditionalOnClass did not find required class 'graphql.GraphQL' (OnClassCondition)

   GraphQlWebMvcAutoConfiguration:
      Did not match:
         - @ConditionalOnClass did not find required class 'graphql.GraphQL' (OnClassCondition)

   GraphQlWebMvcSecurityAutoConfiguration:
      Did not match:
         - @ConditionalOnClass did not find required class 'graphql.GraphQL' (OnClassCondition)

   GroovyTemplateAutoConfiguration:
      Did not match:
         - @ConditionalOnClass did not find required class 'groovy.text.markup.MarkupTemplateEngine' (OnClassCondition)

   GsonAutoConfiguration:
      Did not match:
         - @ConditionalOnClass did not find required class 'com.google.gson.Gson' (OnClassCondition)

   GsonHttpMessageConvertersConfiguration:
      Did not match:
         - @ConditionalOnClass did not find required class 'com.google.gson.Gson' (OnClassCondition)

   H2ConsoleAutoConfiguration:
      Did not match:
         - @ConditionalOnClass did not find required class 'org.h2.server.web.JakartaWebServlet' (OnClassCondition)

   HazelcastAutoConfiguration:
      Did not match:
         - @ConditionalOnClass did not find required class 'com.hazelcast.core.HazelcastInstance' (OnClassCondition)

   HazelcastCacheConfiguration:
      Did not match:
         - @ConditionalOnClass did not find required class 'com.hazelcast.core.HazelcastInstance' (OnClassCondition)

   HazelcastJpaDependencyAutoConfiguration:
      Did not match:
         - @ConditionalOnClass did not find required class 'com.hazelcast.core.HazelcastInstance' (OnClassCondition)

   HibernateJpaAutoConfiguration:
      Did not match:
         - @ConditionalOnClass did not find required class 'jakarta.persistence.EntityManager' (OnClassCondition)

   HttpHandlerAutoConfiguration:
      Did not match:
         - @ConditionalOnClass did not find required class 'org.springframework.web.reactive.DispatcherHandler' (OnClassCondition)

   HypermediaAutoConfiguration:
      Did not match:
         - @ConditionalOnClass did not find required class 'org.springframework.hateoas.EntityModel' (OnClassCondition)

   InfinispanCacheConfiguration:
      Did not match:
         - @ConditionalOnClass did not find required class 'org.infinispan.spring.embedded.provider.SpringEmbeddedCacheManager' (OnClassCondition)

   IntegrationAutoConfiguration:
      Did not match:
         - @ConditionalOnClass did not find required class 'org.springframework.integration.config.EnableIntegration' (OnClassCondition)

   JCacheCacheConfiguration:
      Did not match:
         - @ConditionalOnClass did not find required class 'javax.cache.Caching' (OnClassCondition)

   JacksonHttpMessageConvertersConfiguration.MappingJackson2XmlHttpMessageConverterConfiguration:
      Did not match:
         - @ConditionalOnClass did not find required class 'com.fasterxml.jackson.dataformat.xml.XmlMapper' (OnClassCondition)

   JdbcRepositoriesAutoConfiguration:
      Did not match:
         - @ConditionalOnClass did not find required class 'org.springframework.data.jdbc.repository.config.AbstractJdbcConfiguration' (OnClassCondition)

   JerseyAutoConfiguration:
      Did not match:
         - @ConditionalOnClass did not find required class 'org.glassfish.jersey.server.spring.SpringComponentProvider' (OnClassCondition)

   JmsAutoConfiguration:
      Did not match:
         - @ConditionalOnClass did not find required class 'jakarta.jms.Message' (OnClassCondition)

   JmxAutoConfiguration:
      Did not match:
         - @ConditionalOnBooleanProperty (spring.jmx.enabled=true) did not find property 'spring.jmx.enabled' (OnPropertyCondition)
      Matched:
         - @ConditionalOnClass found required class 'org.springframework.jmx.export.MBeanExporter' (OnClassCondition)

   JndiConnectionFactoryAutoConfiguration:
      Did not match:
         - @ConditionalOnClass did not find required class 'org.springframework.jms.core.JmsTemplate' (OnClassCondition)

   JndiDataSourceAutoConfiguration:
      Did not match:
         - @ConditionalOnProperty (spring.datasource.jndi-name) did not find property 'spring.datasource.jndi-name' (OnPropertyCondition)
      Matched:
         - @ConditionalOnClass found required classes 'javax.sql.DataSource', 'org.springframework.jdbc.datasource.embedded.EmbeddedDatabaseType' (OnClassCondition)

   JooqAutoConfiguration:
      Did not match:
         - @ConditionalOnClass did not find required class 'org.jooq.DSLContext' (OnClassCondition)

   JpaRepositoriesAutoConfiguration:
      Did not match:
         - @ConditionalOnClass did not find required class 'org.springframework.data.jpa.repository.JpaRepository' (OnClassCondition)

   JsonbAutoConfiguration:
      Did not match:
         - @ConditionalOnClass did not find required class 'jakarta.json.bind.Jsonb' (OnClassCondition)

   JsonbHttpMessageConvertersConfiguration:
      Did not match:
         - @ConditionalOnClass did not find required class 'jakarta.json.bind.Jsonb' (OnClassCondition)

   JtaAutoConfiguration:
      Did not match:
         - @ConditionalOnClass did not find required class 'jakarta.transaction.Transaction' (OnClassCondition)

   KafkaAutoConfiguration:
      Did not match:
         - @ConditionalOnClass did not find required class 'org.springframework.kafka.core.KafkaTemplate' (OnClassCondition)

   LdapAutoConfiguration:
      Did not match:
         - @ConditionalOnClass did not find required class 'org.springframework.ldap.core.ContextSource' (OnClassCondition)

   LdapRepositoriesAutoConfiguration:
      Did not match:
         - @ConditionalOnClass did not find required class 'org.springframework.data.ldap.repository.LdapRepository' (OnClassCondition)

   LiquibaseAutoConfiguration:
      Did not match:
         - @ConditionalOnClass did not find required class 'liquibase.change.DatabaseChange' (OnClassCondition)

   MailSenderAutoConfiguration:
      Did not match:
         - @ConditionalOnClass did not find required class 'jakarta.activation.MimeType' (OnClassCondition)

   MailSenderValidatorAutoConfiguration:
      Did not match:
         - @ConditionalOnSingleCandidate did not find required type 'org.springframework.mail.javamail.JavaMailSenderImpl' (OnBeanCondition)

   MessageSourceAutoConfiguration:
      Did not match:
         - ResourceBundle did not find bundle with basename messages (MessageSourceAutoConfiguration.ResourceBundleCondition)

   MongoAutoConfiguration:
      Did not match:
         - @ConditionalOnClass did not find required class 'com.mongodb.client.MongoClient' (OnClassCondition)

   MongoDataAutoConfiguration:
      Did not match:
         - @ConditionalOnClass did not find required class 'com.mongodb.client.MongoClient' (OnClassCondition)

   MongoReactiveAutoConfiguration:
      Did not match:
         - @ConditionalOnClass did not find required class 'com.mongodb.reactivestreams.client.MongoClient' (OnClassCondition)

   MongoReactiveDataAutoConfiguration:
      Did not match:
         - @ConditionalOnClass did not find required class 'com.mongodb.reactivestreams.client.MongoClient' (OnClassCondition)

   MongoReactiveRepositoriesAutoConfiguration:
      Did not match:
         - @ConditionalOnClass did not find required class 'com.mongodb.reactivestreams.client.MongoClient' (OnClassCondition)

   MongoRepositoriesAutoConfiguration:
      Did not match:
         - @ConditionalOnClass did not find required class 'com.mongodb.client.MongoClient' (OnClassCondition)

   MustacheAutoConfiguration:
      Did not match:
         - @ConditionalOnClass did not find required class 'com.samskivert.mustache.Mustache' (OnClassCondition)

   Neo4jAutoConfiguration:
      Did not match:
         - @ConditionalOnClass did not find required class 'org.neo4j.driver.Driver' (OnClassCondition)

   Neo4jDataAutoConfiguration:
      Did not match:
         - @ConditionalOnClass did not find required class 'org.neo4j.driver.Driver' (OnClassCondition)

   Neo4jReactiveDataAutoConfiguration:
      Did not match:
         - @ConditionalOnClass did not find required class 'org.neo4j.driver.Driver' (OnClassCondition)

   Neo4jReactiveRepositoriesAutoConfiguration:
      Did not match:
         - @ConditionalOnClass did not find required class 'org.neo4j.driver.Driver' (OnClassCondition)

   Neo4jRepositoriesAutoConfiguration:
      Did not match:
         - @ConditionalOnClass did not find required class 'org.neo4j.driver.Driver' (OnClassCondition)

   NettyAutoConfiguration:
      Did not match:
         - @ConditionalOnClass did not find required class 'io.netty.util.NettyRuntime' (OnClassCondition)

   OAuth2AuthorizationServerAutoConfiguration:
      Did not match:
         - @ConditionalOnClass did not find required class 'org.springframework.security.oauth2.server.authorization.OAuth2Authorization' (OnClassCondition)

   OAuth2AuthorizationServerJwtAutoConfiguration:
      Did not match:
         - @ConditionalOnClass did not find required class 'com.nimbusds.jose.jwk.source.JWKSource' (OnClassCondition)

   OAuth2ClientAutoConfiguration:
      Did not match:
         - @ConditionalOnClass did not find required class 'org.springframework.security.oauth2.client.registration.ClientRegistration' (OnClassCondition)

   OAuth2ClientWebSecurityAutoConfiguration:
      Did not match:
         - @ConditionalOnClass did not find required class 'org.springframework.security.config.annotation.web.configuration.EnableWebSecurity' (OnClassCondition)

   OAuth2ResourceServerAutoConfiguration:
      Did not match:
         - @ConditionalOnClass did not find required class 'org.springframework.security.oauth2.server.resource.authentication.BearerTokenAuthenticationToken' (OnClassCondition)

   ProjectInfoAutoConfiguration#buildProperties:
      Did not match:
         - @ConditionalOnResource did not find resource '${spring.info.build.location:classpath:META-INF/build-info.properties}' (OnResourceCondition)

   ProjectInfoAutoConfiguration#gitProperties:
      Did not match:
         - GitResource did not find git info at classpath:git.properties (ProjectInfoAutoConfiguration.GitResourceAvailableCondition)

   PulsarAutoConfiguration:
      Did not match:
         - @ConditionalOnClass did not find required class 'org.apache.pulsar.client.api.PulsarClient' (OnClassCondition)

   PulsarReactiveAutoConfiguration:
      Did not match:
         - @ConditionalOnClass did not find required class 'org.apache.pulsar.client.api.PulsarClient' (OnClassCondition)

   QuartzAutoConfiguration:
      Did not match:
         - @ConditionalOnClass did not find required class 'org.quartz.Scheduler' (OnClassCondition)

   R2dbcAutoConfiguration:
      Did not match:
         - @ConditionalOnClass did not find required class 'io.r2dbc.spi.ConnectionFactory' (OnClassCondition)

   R2dbcDataAutoConfiguration:
      Did not match:
         - @ConditionalOnClass did not find required class 'org.springframework.data.r2dbc.core.R2dbcEntityTemplate' (OnClassCondition)

   R2dbcInitializationConfiguration:
      Did not match:
         - @ConditionalOnClass did not find required classes 'io.r2dbc.spi.ConnectionFactory', 'org.springframework.r2dbc.connection.init.DatabasePopulator' (OnClassCondition)

   R2dbcProxyAutoConfiguration:
      Did not match:
         - @ConditionalOnClass did not find required class 'io.r2dbc.proxy.ProxyConnectionFactory' (OnClassCondition)

   R2dbcRepositoriesAutoConfiguration:
      Did not match:
         - @ConditionalOnClass did not find required class 'io.r2dbc.spi.ConnectionFactory' (OnClassCondition)

   R2dbcTransactionManagerAutoConfiguration:
      Did not match:
         - @ConditionalOnClass did not find required class 'org.springframework.r2dbc.connection.R2dbcTransactionManager' (OnClassCondition)

   RSocketGraphQlClientAutoConfiguration:
      Did not match:
         - @ConditionalOnClass did not find required class 'graphql.GraphQL' (OnClassCondition)

   RSocketMessagingAutoConfiguration:
      Did not match:
         - @ConditionalOnClass did not find required class 'io.rsocket.RSocket' (OnClassCondition)

   RSocketRequesterAutoConfiguration:
      Did not match:
         - @ConditionalOnClass did not find required class 'io.rsocket.RSocket' (OnClassCondition)

   RSocketSecurityAutoConfiguration:
      Did not match:
         - @ConditionalOnClass did not find required class 'org.springframework.security.rsocket.core.SecuritySocketAcceptorInterceptor' (OnClassCondition)

   RSocketServerAutoConfiguration:
      Did not match:
         - @ConditionalOnClass did not find required class 'io.rsocket.core.RSocketServer' (OnClassCondition)

   RSocketStrategiesAutoConfiguration:
      Did not match:
         - @ConditionalOnClass did not find required class 'io.netty.buffer.PooledByteBufAllocator' (OnClassCondition)

   RabbitAutoConfiguration:
      Did not match:
         - @ConditionalOnClass did not find required class 'com.rabbitmq.client.Channel' (OnClassCondition)

   ReactiveElasticsearchClientAutoConfiguration:
      Did not match:
         - @ConditionalOnClass did not find required class 'co.elastic.clients.transport.ElasticsearchTransport' (OnClassCondition)

   ReactiveElasticsearchRepositoriesAutoConfiguration:
      Did not match:
         - @ConditionalOnClass did not find required class 'reactor.core.publisher.Mono' (OnClassCondition)

   ReactiveMultipartAutoConfiguration:
      Did not match:
         - @ConditionalOnClass did not find required class 'org.springframework.web.reactive.config.WebFluxConfigurer' (OnClassCondition)

   ReactiveOAuth2ClientAutoConfiguration:
      Did not match:
         - @ConditionalOnClass did not find required class 'reactor.core.publisher.Flux' (OnClassCondition)

   ReactiveOAuth2ClientWebSecurityAutoConfiguration:
      Did not match:
         - @ConditionalOnClass did not find required class 'reactor.core.publisher.Flux' (OnClassCondition)

   ReactiveOAuth2ResourceServerAutoConfiguration:
      Did not match:
         - @ConditionalOnClass did not find required class 'org.springframework.security.config.annotation.web.reactive.EnableWebFluxSecurity' (OnClassCondition)

   ReactiveSecurityAutoConfiguration:
      Did not match:
         - @ConditionalOnClass did not find required class 'reactor.core.publisher.Flux' (OnClassCondition)

   ReactiveUserDetailsServiceAutoConfiguration:
      Did not match:
         - @ConditionalOnClass did not find required class 'org.springframework.security.authentication.ReactiveAuthenticationManager' (OnClassCondition)

   ReactiveWebServerFactoryAutoConfiguration:
      Did not match:
         - @ConditionalOnWebApplication did not find reactive web application classes (OnWebApplicationCondition)

   ReactorAutoConfiguration:
      Did not match:
         - @ConditionalOnClass did not find required class 'reactor.core.publisher.Hooks' (OnClassCondition)

   RedisAutoConfiguration:
      Did not match:
         - @ConditionalOnClass did not find required class 'org.springframework.data.redis.core.RedisOperations' (OnClassCondition)

   RedisCacheConfiguration:
      Did not match:
         - @ConditionalOnClass did not find required class 'org.springframework.data.redis.connection.RedisConnectionFactory' (OnClassCondition)

   RedisReactiveAutoConfiguration:
      Did not match:
         - @ConditionalOnClass did not find required class 'reactor.core.publisher.Flux' (OnClassCondition)

   RedisRepositoriesAutoConfiguration:
      Did not match:
         - @ConditionalOnClass did not find required class 'org.springframework.data.redis.repository.configuration.EnableRedisRepositories' (OnClassCondition)

   RepositoryRestMvcAutoConfiguration:
      Did not match:
         - @ConditionalOnClass did not find required class 'org.springframework.data.rest.webmvc.config.RepositoryRestMvcConfiguration' (OnClassCondition)

   Saml2RelyingPartyAutoConfiguration:
      Did not match:
         - @ConditionalOnClass did not find required class 'org.springframework.security.saml2.provider.service.registration.RelyingPartyRegistrationRepository' (OnClassCondition)

   SecurityAutoConfiguration:
      Did not match:
         - @ConditionalOnClass did not find required class 'org.springframework.security.authentication.DefaultAuthenticationEventPublisher' (OnClassCondition)

   SecurityFilterAutoConfiguration:
      Did not match:
         - @ConditionalOnClass did not find required class 'org.springframework.security.config.http.SessionCreationPolicy' (OnClassCondition)

   SendGridAutoConfiguration:
      Did not match:
         - @ConditionalOnClass did not find required class 'com.sendgrid.SendGrid' (OnClassCondition)

   ServletWebServerFactoryAutoConfiguration.ForwardedHeaderFilterConfiguration:
      Did not match:
         - @ConditionalOnProperty (server.forward-headers-strategy=framework) did not find property 'server.forward-headers-strategy' (OnPropertyCondition)

   ServletWebServerFactoryConfiguration.EmbeddedJetty:
      Did not match:
         - @ConditionalOnClass did not find required classes 'org.eclipse.jetty.server.Server', 'org.eclipse.jetty.util.Loader', 'org.eclipse.jetty.ee10.webapp.WebAppContext' (OnClassCondition)

   ServletWebServerFactoryConfiguration.EmbeddedUndertow:
      Did not match:
         - @ConditionalOnClass did not find required classes 'io.undertow.Undertow', 'org.xnio.SslClientAuthMode' (OnClassCondition)

   SessionAutoConfiguration:
      Did not match:
         - @ConditionalOnClass did not find required class 'org.springframework.session.Session' (OnClassCondition)

   SpringApplicationAdminJmxAutoConfiguration:
      Did not match:
         - @ConditionalOnBooleanProperty (spring.application.admin.enabled=true) did not find property 'spring.application.admin.enabled' (OnPropertyCondition)

   SpringDataWebAutoConfiguration:
      Did not match:
         - @ConditionalOnClass did not find required class 'org.springframework.data.web.PageableHandlerMethodArgumentResolver' (OnClassCondition)

   TaskExecutorConfigurations.SimpleAsyncTaskExecutorBuilderConfiguration#simpleAsyncTaskExecutorBuilderVirtualThreads:
      Did not match:
         - @ConditionalOnMissingBean (types: org.springframework.boot.task.SimpleAsyncTaskExecutorBuilder; SearchStrategy: all) found beans of type 'org.springframework.boot.task.SimpleAsyncTaskExecutorBuilder' simpleAsyncTaskExecutorBuilder (OnBeanCondition)

   TaskExecutorConfigurations.TaskExecutorConfiguration#applicationTaskExecutorVirtualThreads:
      Did not match:
         - @ConditionalOnThreading did not find VIRTUAL (OnThreadingCondition)

   TaskSchedulingAutoConfiguration#scheduledBeanLazyInitializationExcludeFilter:
      Did not match:
         - @ConditionalOnBean (names: org.springframework.context.annotation.internalScheduledAnnotationProcessor; SearchStrategy: all) did not find any beans named org.springframework.context.annotation.internalScheduledAnnotationProcessor (OnBeanCondition)

   TaskSchedulingConfigurations.SimpleAsyncTaskSchedulerBuilderConfiguration#simpleAsyncTaskSchedulerBuilderVirtualThreads:
      Did not match:
         - @ConditionalOnMissingBean (types: org.springframework.boot.task.SimpleAsyncTaskSchedulerBuilder; SearchStrategy: all) found beans of type 'org.springframework.boot.task.SimpleAsyncTaskSchedulerBuilder' simpleAsyncTaskSchedulerBuilder (OnBeanCondition)

   TaskSchedulingConfigurations.TaskSchedulerConfiguration:
      Did not match:
         - @ConditionalOnBean (names: org.springframework.context.annotation.internalScheduledAnnotationProcessor; SearchStrategy: all) did not find any beans named org.springframework.context.annotation.internalScheduledAnnotationProcessor (OnBeanCondition)

   ThymeleafAutoConfiguration:
      Did not match:
         - @ConditionalOnClass did not find required class 'org.thymeleaf.spring6.SpringTemplateEngine' (OnClassCondition)

   TransactionAutoConfiguration#transactionalOperator:
      Did not match:
         - @ConditionalOnSingleCandidate (types: org.springframework.transaction.ReactiveTransactionManager; SearchStrategy: all) did not find any beans (OnBeanCondition)

   TransactionAutoConfiguration.AspectJTransactionManagementConfiguration:
      Did not match:
         - @ConditionalOnBean did not find required type 'org.springframework.transaction.aspectj.AbstractTransactionAspect' (OnBeanCondition)
         - @ConditionalOnBean (types: org.springframework.transaction.aspectj.AbstractTransactionAspect; SearchStrategy: all) did not find any beans of type org.springframework.transaction.aspectj.AbstractTransactionAspect (OnBeanCondition)

   TransactionAutoConfiguration.EnableTransactionManagementConfiguration.JdkDynamicAutoProxyConfiguration:
      Did not match:
         - @ConditionalOnBooleanProperty (spring.aop.proxy-target-class=false) did not find property 'spring.aop.proxy-target-class' (OnPropertyCondition)

   UserDetailsServiceAutoConfiguration:
      Did not match:
         - @ConditionalOnClass did not find required class 'org.springframework.security.authentication.AuthenticationManager' (OnClassCondition)

   WebClientAutoConfiguration:
      Did not match:
         - @ConditionalOnClass did not find required class 'org.springframework.web.reactive.function.client.WebClient' (OnClassCondition)

   WebFluxAutoConfiguration:
      Did not match:
         - @ConditionalOnClass did not find required class 'org.springframework.web.reactive.config.WebFluxConfigurer' (OnClassCondition)

   WebMvcAutoConfiguration#hiddenHttpMethodFilter:
      Did not match:
         - @ConditionalOnBooleanProperty (spring.mvc.hiddenmethod.filter.enabled=true) did not find property 'spring.mvc.hiddenmethod.filter.enabled' (OnPropertyCondition)

   WebMvcAutoConfiguration.ProblemDetailsErrorHandlingConfiguration:
      Did not match:
         - @ConditionalOnBooleanProperty (spring.mvc.problemdetails.enabled=true) did not find property 'spring.mvc.problemdetails.enabled' (OnPropertyCondition)

   WebMvcAutoConfiguration.ResourceChainCustomizerConfiguration:
      Did not match:
         - @ConditionalOnEnabledResourceChain did not find class org.webjars.WebJarVersionLocator (OnEnabledResourceChainCondition)

   WebMvcAutoConfiguration.WebMvcAutoConfigurationAdapter#beanNameViewResolver:
      Did not match:
         - @ConditionalOnMissingBean (types: org.springframework.web.servlet.view.BeanNameViewResolver; SearchStrategy: all) found beans of type 'org.springframework.web.servlet.view.BeanNameViewResolver' beanNameViewResolver (OnBeanCondition)

   WebServiceTemplateAutoConfiguration:
      Did not match:
         - @ConditionalOnClass did not find required class 'org.springframework.oxm.Marshaller' (OnClassCondition)

   WebServicesAutoConfiguration:
      Did not match:
         - @ConditionalOnClass did not find required class 'org.springframework.ws.transport.http.MessageDispatcherServlet' (OnClassCondition)

   WebSessionIdResolverAutoConfiguration:
      Did not match:
         - @ConditionalOnClass did not find required class 'reactor.core.publisher.Mono' (OnClassCondition)

   WebSocketMessagingAutoConfiguration:
      Did not match:
         - @ConditionalOnClass did not find required class 'org.springframework.web.socket.config.annotation.DelegatingWebSocketMessageBrokerConfiguration' (OnClassCondition)

   WebSocketReactiveAutoConfiguration:
      Did not match:
         - @ConditionalOnWebApplication did not find reactive web application classes (OnWebApplicationCondition)

   WebSocketServletAutoConfiguration.JettyWebSocketConfiguration:
      Did not match:
         - @ConditionalOnClass did not find required class 'org.eclipse.jetty.ee10.websocket.jakarta.server.config.JakartaWebSocketServletContainerInitializer' (OnClassCondition)

   WebSocketServletAutoConfiguration.UndertowWebSocketConfiguration:
      Did not match:
         - @ConditionalOnClass did not find required class 'io.undertow.websockets.jsr.Bootstrap' (OnClassCondition)

   XADataSourceAutoConfiguration:
      Did not match:
         - @ConditionalOnClass did not find required class 'jakarta.transaction.TransactionManager' (OnClassCondition)


Exclusions:
-----------

    None


Unconditional classes:
----------------------

    org.springframework.boot.autoconfigure.context.ConfigurationPropertiesAutoConfiguration

    org.springframework.boot.autoconfigure.ssl.SslAutoConfiguration

    org.springframework.boot.autoconfigure.context.LifecycleAutoConfiguration

    org.springframework.boot.autoconfigure.context.PropertyPlaceholderAutoConfiguration

    org.springframework.boot.autoconfigure.availability.ApplicationAvailabilityAutoConfiguration

    org.springframework.boot.autoconfigure.info.ProjectInfoAutoConfiguration



2026-04-15T18:38:47.454+08:00  INFO 15660 --- [ai-gateway] [           main] com.zxw.TestApplication                  : Started TestApplication in 10.633 seconds (process running for 11.465)
2026-04-15T18:38:47.459+08:00 DEBUG 15660 --- [ai-gateway] [           main] o.s.b.a.ApplicationAvailabilityBean      : Application availability state LivenessState changed to CORRECT
2026-04-15T18:38:47.466+08:00 DEBUG 15660 --- [ai-gateway] [           main] o.s.b.a.ApplicationAvailabilityBean      : Application availability state ReadinessState changed to ACCEPTING_TRAFFIC
2026-04-15T18:38:51.186+08:00  INFO 15660 --- [ai-gateway] [nio-9988-exec-1] o.a.c.c.C.[Tomcat].[localhost].[/]       : Initializing Spring DispatcherServlet 'dispatcherServlet'
2026-04-15T18:38:51.187+08:00  INFO 15660 --- [ai-gateway] [nio-9988-exec-1] o.s.web.servlet.DispatcherServlet        : Initializing Servlet 'dispatcherServlet'
2026-04-15T18:38:51.188+08:00 DEBUG 15660 --- [ai-gateway] [nio-9988-exec-1] o.s.web.servlet.DispatcherServlet        : Detected StandardServletMultipartResolver
2026-04-15T18:38:51.190+08:00 DEBUG 15660 --- [ai-gateway] [nio-9988-exec-1] o.s.web.servlet.DispatcherServlet        : Detected AcceptHeaderLocaleResolver
2026-04-15T18:38:51.191+08:00 DEBUG 15660 --- [ai-gateway] [nio-9988-exec-1] o.s.web.servlet.DispatcherServlet        : Detected FixedThemeResolver
2026-04-15T18:38:51.193+08:00 DEBUG 15660 --- [ai-gateway] [nio-9988-exec-1] o.s.web.servlet.DispatcherServlet        : Detected org.springframework.web.servlet.view.DefaultRequestToViewNameTranslator@4de63430
2026-04-15T18:38:51.195+08:00 DEBUG 15660 --- [ai-gateway] [nio-9988-exec-1] o.s.web.servlet.DispatcherServlet        : Detected org.springframework.web.servlet.support.SessionFlashMapManager@1871bf6d
2026-04-15T18:38:51.196+08:00 DEBUG 15660 --- [ai-gateway] [nio-9988-exec-1] o.s.web.servlet.DispatcherServlet        : enableLoggingRequestDetails='false': request parameters and headers will be masked to prevent unsafe logging of potentially sensitive data
2026-04-15T18:38:51.197+08:00  INFO 15660 --- [ai-gateway] [nio-9988-exec-1] o.s.web.servlet.DispatcherServlet        : Completed initialization in 9 ms
2026-04-15T18:38:51.217+08:00 DEBUG 15660 --- [ai-gateway] [nio-9988-exec-1] o.s.web.servlet.DispatcherServlet        : GET "/admin/request-logs?limit=50", parameters={masked}
2026-04-15T18:38:51.238+08:00 DEBUG 15660 --- [ai-gateway] [nio-9988-exec-1] s.w.s.m.m.a.RequestMappingHandlerMapping : Mapped to com.zxw.modules.request.controller.AdminRequestLogController#list(int)
2026-04-15T18:38:51.579+08:00 DEBUG 15660 --- [ai-gateway] [nio-9988-exec-1] o.s.jdbc.core.JdbcTemplate               : Executing prepared SQL query
2026-04-15T18:38:51.580+08:00 DEBUG 15660 --- [ai-gateway] [nio-9988-exec-1] o.s.jdbc.core.JdbcTemplate               : Executing prepared SQL statement [select l.request_id, u.username, l.model_code, l.upstream_model, l.status_code,
       l.latency_ms, l.total_tokens, l.user_amount, l.cost_amount, l.success, l.created_at
from request_logs l
left join users u on u.id = l.user_id
where l.user_id = ?
order by l.id desc
limit ?
]
2026-04-15T18:38:51.686+08:00 DEBUG 15660 --- [ai-gateway] [nio-9988-exec-1] m.m.a.RequestResponseBodyMethodProcessor : Using 'application/json', given [*/*] and supported [application/json, application/*+json]
2026-04-15T18:38:51.716+08:00 DEBUG 15660 --- [ai-gateway] [nio-9988-exec-1] m.m.a.RequestResponseBodyMethodProcessor : Writing [ApiResponse[success=true, message=OK, data=[RequestLogItemResponse[requestId=req_f138434232ef452db8a (truncated)...]
2026-04-15T18:38:51.775+08:00 DEBUG 15660 --- [ai-gateway] [nio-9988-exec-1] o.s.web.servlet.DispatcherServlet        : Completed 200 OK
2026-04-15T18:38:51.826+08:00 DEBUG 15660 --- [ai-gateway] [nio-9988-exec-2] o.s.web.servlet.DispatcherServlet        : GET "/admin/request-logs?limit=50", parameters={masked}
2026-04-15T18:38:51.827+08:00 DEBUG 15660 --- [ai-gateway] [nio-9988-exec-2] s.w.s.m.m.a.RequestMappingHandlerMapping : Mapped to com.zxw.modules.request.controller.AdminRequestLogController#list(int)
2026-04-15T18:38:51.829+08:00 DEBUG 15660 --- [ai-gateway] [nio-9988-exec-2] o.s.jdbc.core.JdbcTemplate               : Executing prepared SQL query
2026-04-15T18:38:51.830+08:00 DEBUG 15660 --- [ai-gateway] [nio-9988-exec-2] o.s.jdbc.core.JdbcTemplate               : Executing prepared SQL statement [select l.request_id, u.username, l.model_code, l.upstream_model, l.status_code,
       l.latency_ms, l.total_tokens, l.user_amount, l.cost_amount, l.success, l.created_at
from request_logs l
left join users u on u.id = l.user_id
where l.user_id = ?
order by l.id desc
limit ?
]
2026-04-15T18:38:51.843+08:00 DEBUG 15660 --- [ai-gateway] [nio-9988-exec-2] m.m.a.RequestResponseBodyMethodProcessor : Using 'application/json', given [*/*] and supported [application/json, application/*+json]
2026-04-15T18:38:51.846+08:00 DEBUG 15660 --- [ai-gateway] [nio-9988-exec-2] m.m.a.RequestResponseBodyMethodProcessor : Writing [ApiResponse[success=true, message=OK, data=[RequestLogItemResponse[requestId=req_f138434232ef452db8a (truncated)...]
2026-04-15T18:38:51.851+08:00 DEBUG 15660 --- [ai-gateway] [nio-9988-exec-2] o.s.web.servlet.DispatcherServlet        : Completed 200 OK
2026-04-15T18:38:51.885+08:00 DEBUG 15660 --- [ai-gateway] [nio-9988-exec-3] o.s.web.servlet.DispatcherServlet        : GET "/admin/request-logs?limit=50", parameters={masked}
2026-04-15T18:38:51.888+08:00 DEBUG 15660 --- [ai-gateway] [nio-9988-exec-3] s.w.s.m.m.a.RequestMappingHandlerMapping : Mapped to com.zxw.modules.request.controller.AdminRequestLogController#list(int)
2026-04-15T18:38:51.896+08:00 DEBUG 15660 --- [ai-gateway] [nio-9988-exec-3] o.s.jdbc.core.JdbcTemplate               : Executing prepared SQL query
2026-04-15T18:38:51.897+08:00 DEBUG 15660 --- [ai-gateway] [nio-9988-exec-3] o.s.jdbc.core.JdbcTemplate               : Executing prepared SQL statement [select l.request_id, u.username, l.model_code, l.upstream_model, l.status_code,
       l.latency_ms, l.total_tokens, l.user_amount, l.cost_amount, l.success, l.created_at
from request_logs l
left join users u on u.id = l.user_id
where l.user_id = ?
order by l.id desc
limit ?
]
2026-04-15T18:38:51.914+08:00 DEBUG 15660 --- [ai-gateway] [nio-9988-exec-3] m.m.a.RequestResponseBodyMethodProcessor : Using 'application/json', given [*/*] and supported [application/json, application/*+json]
2026-04-15T18:38:51.920+08:00 DEBUG 15660 --- [ai-gateway] [nio-9988-exec-3] m.m.a.RequestResponseBodyMethodProcessor : Writing [ApiResponse[success=true, message=OK, data=[RequestLogItemResponse[requestId=req_f138434232ef452db8a (truncated)...]
2026-04-15T18:38:51.926+08:00 DEBUG 15660 --- [ai-gateway] [nio-9988-exec-3] o.s.web.servlet.DispatcherServlet        : Completed 200 OK
2026-04-15T18:38:52.008+08:00 DEBUG 15660 --- [ai-gateway] [nio-9988-exec-4] o.s.web.servlet.DispatcherServlet        : GET "/admin/request-logs?limit=50", parameters={masked}
2026-04-15T18:38:52.010+08:00 DEBUG 15660 --- [ai-gateway] [nio-9988-exec-4] s.w.s.m.m.a.RequestMappingHandlerMapping : Mapped to com.zxw.modules.request.controller.AdminRequestLogController#list(int)
2026-04-15T18:38:52.015+08:00 DEBUG 15660 --- [ai-gateway] [nio-9988-exec-4] o.s.jdbc.core.JdbcTemplate               : Executing prepared SQL query
2026-04-15T18:38:52.018+08:00 DEBUG 15660 --- [ai-gateway] [nio-9988-exec-4] o.s.jdbc.core.JdbcTemplate               : Executing prepared SQL statement [select l.request_id, u.username, l.model_code, l.upstream_model, l.status_code,
       l.latency_ms, l.total_tokens, l.user_amount, l.cost_amount, l.success, l.created_at
from request_logs l
left join users u on u.id = l.user_id
where l.user_id = ?
order by l.id desc
limit ?
]
2026-04-15T18:38:52.028+08:00 DEBUG 15660 --- [ai-gateway] [nio-9988-exec-4] m.m.a.RequestResponseBodyMethodProcessor : Using 'application/json', given [*/*] and supported [application/json, application/*+json]
2026-04-15T18:38:52.031+08:00 DEBUG 15660 --- [ai-gateway] [nio-9988-exec-4] m.m.a.RequestResponseBodyMethodProcessor : Writing [ApiResponse[success=true, message=OK, data=[RequestLogItemResponse[requestId=req_f138434232ef452db8a (truncated)...]
2026-04-15T18:38:52.038+08:00 DEBUG 15660 --- [ai-gateway] [nio-9988-exec-4] o.s.web.servlet.DispatcherServlet        : Completed 200 OK
2026-04-15T18:38:52.207+08:00 DEBUG 15660 --- [ai-gateway] [nio-9988-exec-5] o.s.web.servlet.DispatcherServlet        : GET "/admin/request-logs?limit=50", parameters={masked}
2026-04-15T18:38:52.210+08:00 DEBUG 15660 --- [ai-gateway] [nio-9988-exec-5] s.w.s.m.m.a.RequestMappingHandlerMapping : Mapped to com.zxw.modules.request.controller.AdminRequestLogController#list(int)
2026-04-15T18:38:52.215+08:00 DEBUG 15660 --- [ai-gateway] [nio-9988-exec-5] o.s.jdbc.core.JdbcTemplate               : Executing prepared SQL query
2026-04-15T18:38:52.217+08:00 DEBUG 15660 --- [ai-gateway] [nio-9988-exec-5] o.s.jdbc.core.JdbcTemplate               : Executing prepared SQL statement [select l.request_id, u.username, l.model_code, l.upstream_model, l.status_code,
       l.latency_ms, l.total_tokens, l.user_amount, l.cost_amount, l.success, l.created_at
from request_logs l
left join users u on u.id = l.user_id
where l.user_id = ?
order by l.id desc
limit ?
]
2026-04-15T18:38:52.228+08:00 DEBUG 15660 --- [ai-gateway] [nio-9988-exec-5] m.m.a.RequestResponseBodyMethodProcessor : Using 'application/json', given [*/*] and supported [application/json, application/*+json]
2026-04-15T18:38:52.232+08:00 DEBUG 15660 --- [ai-gateway] [nio-9988-exec-5] m.m.a.RequestResponseBodyMethodProcessor : Writing [ApiResponse[success=true, message=OK, data=[RequestLogItemResponse[requestId=req_f138434232ef452db8a (truncated)...]
2026-04-15T18:38:52.238+08:00 DEBUG 15660 --- [ai-gateway] [nio-9988-exec-5] o.s.web.servlet.DispatcherServlet        : Completed 200 OK
2026-04-15T18:38:52.298+08:00 DEBUG 15660 --- [ai-gateway] [nio-9988-exec-6] o.s.web.servlet.DispatcherServlet        : GET "/admin/request-logs?limit=50", parameters={masked}
2026-04-15T18:38:52.298+08:00 DEBUG 15660 --- [ai-gateway] [nio-9988-exec-6] s.w.s.m.m.a.RequestMappingHandlerMapping : Mapped to com.zxw.modules.request.controller.AdminRequestLogController#list(int)
2026-04-15T18:38:52.302+08:00 DEBUG 15660 --- [ai-gateway] [nio-9988-exec-6] o.s.jdbc.core.JdbcTemplate               : Executing prepared SQL query
2026-04-15T18:38:52.303+08:00 DEBUG 15660 --- [ai-gateway] [nio-9988-exec-6] o.s.jdbc.core.JdbcTemplate               : Executing prepared SQL statement [select l.request_id, u.username, l.model_code, l.upstream_model, l.status_code,
       l.latency_ms, l.total_tokens, l.user_amount, l.cost_amount, l.success, l.created_at
from request_logs l
left join users u on u.id = l.user_id
where l.user_id = ?
order by l.id desc
limit ?
]
2026-04-15T18:38:52.309+08:00 DEBUG 15660 --- [ai-gateway] [nio-9988-exec-6] m.m.a.RequestResponseBodyMethodProcessor : Using 'application/json', given [*/*] and supported [application/json, application/*+json]
2026-04-15T18:38:52.311+08:00 DEBUG 15660 --- [ai-gateway] [nio-9988-exec-6] m.m.a.RequestResponseBodyMethodProcessor : Writing [ApiResponse[success=true, message=OK, data=[RequestLogItemResponse[requestId=req_f138434232ef452db8a (truncated)...]
2026-04-15T18:38:52.314+08:00 DEBUG 15660 --- [ai-gateway] [nio-9988-exec-6] o.s.web.servlet.DispatcherServlet        : Completed 200 OK
2026-04-15T18:44:34.591+08:00 DEBUG 15660 --- [ai-gateway] [nio-9988-exec-9] o.s.web.servlet.DispatcherServlet        : GET "/", parameters={}
2026-04-15T18:44:34.749+08:00 DEBUG 15660 --- [ai-gateway] [nio-9988-exec-9] o.s.w.s.handler.SimpleUrlHandlerMapping  : Mapped to ParameterizableViewController [view=org.springframework.web.servlet.view.RedirectView: [RedirectView]; URL [/console/index.html]]
2026-04-15T18:44:34.785+08:00 DEBUG 15660 --- [ai-gateway] [nio-9988-exec-9] o.s.web.servlet.view.RedirectView        : View [RedirectView], model {}
2026-04-15T18:44:34.806+08:00 DEBUG 15660 --- [ai-gateway] [nio-9988-exec-9] o.s.web.servlet.DispatcherServlet        : Completed 302 FOUND
2026-04-15T18:44:34.823+08:00 DEBUG 15660 --- [ai-gateway] [io-9988-exec-10] o.s.web.servlet.DispatcherServlet        : GET "/console/index.html", parameters={}
2026-04-15T18:44:34.858+08:00 DEBUG 15660 --- [ai-gateway] [io-9988-exec-10] o.s.w.s.handler.SimpleUrlHandlerMapping  : Mapped to ResourceHttpRequestHandler [classpath [META-INF/resources/], classpath [resources/], classpath [static/], classpath [public/], ServletContext [/]]
2026-04-15T18:44:34.898+08:00 DEBUG 15660 --- [ai-gateway] [io-9988-exec-10] o.s.web.servlet.DispatcherServlet        : Completed 200 OK
2026-04-15T19:16:14.308+08:00 DEBUG 15660 --- [ai-gateway] [nio-9988-exec-2] o.s.web.servlet.DispatcherServlet        : GET "/admin/request-logs?limit=50", parameters={masked}
2026-04-15T19:16:14.410+08:00 DEBUG 15660 --- [ai-gateway] [nio-9988-exec-2] s.w.s.m.m.a.RequestMappingHandlerMapping : Mapped to com.zxw.modules.request.controller.AdminRequestLogController#list(int)
2026-04-15T19:16:14.644+08:00 DEBUG 15660 --- [ai-gateway] [nio-9988-exec-2] o.s.jdbc.core.JdbcTemplate               : Executing prepared SQL query
2026-04-15T19:16:14.648+08:00 DEBUG 15660 --- [ai-gateway] [nio-9988-exec-2] o.s.jdbc.core.JdbcTemplate               : Executing prepared SQL statement [select l.request_id, u.username, l.model_code, l.upstream_model, l.status_code,
       l.latency_ms, l.total_tokens, l.user_amount, l.cost_amount, l.success, l.created_at
from request_logs l
left join users u on u.id = l.user_id
where l.user_id = ?
order by l.id desc
limit ?
]
2026-04-15T19:16:14.704+08:00 DEBUG 15660 --- [ai-gateway] [nio-9988-exec-2] m.m.a.RequestResponseBodyMethodProcessor : Using 'application/json', given [*/*] and supported [application/json, application/*+json]
2026-04-15T19:16:14.709+08:00 DEBUG 15660 --- [ai-gateway] [nio-9988-exec-2] m.m.a.RequestResponseBodyMethodProcessor : Writing [ApiResponse[success=true, message=OK, data=[RequestLogItemResponse[requestId=req_f138434232ef452db8a (truncated)...]
2026-04-15T19:16:14.723+08:00 DEBUG 15660 --- [ai-gateway] [nio-9988-exec-2] o.s.web.servlet.DispatcherServlet        : Completed 200 OK
2026-04-15T19:16:14.771+08:00 DEBUG 15660 --- [ai-gateway] [nio-9988-exec-3] o.s.web.servlet.DispatcherServlet        : GET "/admin/request-logs?limit=50", parameters={masked}
2026-04-15T19:16:14.775+08:00 DEBUG 15660 --- [ai-gateway] [nio-9988-exec-3] s.w.s.m.m.a.RequestMappingHandlerMapping : Mapped to com.zxw.modules.request.controller.AdminRequestLogController#list(int)
2026-04-15T19:16:14.786+08:00 DEBUG 15660 --- [ai-gateway] [nio-9988-exec-3] o.s.jdbc.core.JdbcTemplate               : Executing prepared SQL query
2026-04-15T19:16:14.789+08:00 DEBUG 15660 --- [ai-gateway] [nio-9988-exec-3] o.s.jdbc.core.JdbcTemplate               : Executing prepared SQL statement [select l.request_id, u.username, l.model_code, l.upstream_model, l.status_code,
       l.latency_ms, l.total_tokens, l.user_amount, l.cost_amount, l.success, l.created_at
from request_logs l
left join users u on u.id = l.user_id
where l.user_id = ?
order by l.id desc
limit ?
]
2026-04-15T19:16:14.803+08:00 DEBUG 15660 --- [ai-gateway] [nio-9988-exec-3] m.m.a.RequestResponseBodyMethodProcessor : Using 'application/json', given [*/*] and supported [application/json, application/*+json]
2026-04-15T19:16:14.808+08:00 DEBUG 15660 --- [ai-gateway] [nio-9988-exec-3] m.m.a.RequestResponseBodyMethodProcessor : Writing [ApiResponse[success=true, message=OK, data=[RequestLogItemResponse[requestId=req_f138434232ef452db8a (truncated)...]
2026-04-15T19:16:14.814+08:00 DEBUG 15660 --- [ai-gateway] [nio-9988-exec-3] o.s.web.servlet.DispatcherServlet        : Completed 200 OK
2026-04-15T19:16:15.045+08:00 DEBUG 15660 --- [ai-gateway] [nio-9988-exec-4] o.s.web.servlet.DispatcherServlet        : GET "/admin/request-logs?limit=50", parameters={masked}
2026-04-15T19:16:15.047+08:00 DEBUG 15660 --- [ai-gateway] [nio-9988-exec-4] s.w.s.m.m.a.RequestMappingHandlerMapping : Mapped to com.zxw.modules.request.controller.AdminRequestLogController#list(int)
2026-04-15T19:16:15.053+08:00 DEBUG 15660 --- [ai-gateway] [nio-9988-exec-4] o.s.jdbc.core.JdbcTemplate               : Executing prepared SQL query
2026-04-15T19:16:15.053+08:00 DEBUG 15660 --- [ai-gateway] [nio-9988-exec-4] o.s.jdbc.core.JdbcTemplate               : Executing prepared SQL statement [select l.request_id, u.username, l.model_code, l.upstream_model, l.status_code,
       l.latency_ms, l.total_tokens, l.user_amount, l.cost_amount, l.success, l.created_at
from request_logs l
left join users u on u.id = l.user_id
where l.user_id = ?
order by l.id desc
limit ?
]
2026-04-15T19:16:15.061+08:00 DEBUG 15660 --- [ai-gateway] [nio-9988-exec-4] m.m.a.RequestResponseBodyMethodProcessor : Using 'application/json', given [*/*] and supported [application/json, application/*+json]
2026-04-15T19:16:15.065+08:00 DEBUG 15660 --- [ai-gateway] [nio-9988-exec-4] m.m.a.RequestResponseBodyMethodProcessor : Writing [ApiResponse[success=true, message=OK, data=[RequestLogItemResponse[requestId=req_f138434232ef452db8a (truncated)...]
2026-04-15T19:16:15.068+08:00 DEBUG 15660 --- [ai-gateway] [nio-9988-exec-4] o.s.web.servlet.DispatcherServlet        : Completed 200 OK
2026-04-15T19:16:15.393+08:00 DEBUG 15660 --- [ai-gateway] [nio-9988-exec-5] o.s.web.servlet.DispatcherServlet        : GET "/admin/request-logs?limit=50", parameters={masked}
2026-04-15T19:16:15.395+08:00 DEBUG 15660 --- [ai-gateway] [nio-9988-exec-5] s.w.s.m.m.a.RequestMappingHandlerMapping : Mapped to com.zxw.modules.request.controller.AdminRequestLogController#list(int)
2026-04-15T19:16:15.399+08:00 DEBUG 15660 --- [ai-gateway] [nio-9988-exec-5] o.s.jdbc.core.JdbcTemplate               : Executing prepared SQL query
2026-04-15T19:16:15.400+08:00 DEBUG 15660 --- [ai-gateway] [nio-9988-exec-5] o.s.jdbc.core.JdbcTemplate               : Executing prepared SQL statement [select l.request_id, u.username, l.model_code, l.upstream_model, l.status_code,
       l.latency_ms, l.total_tokens, l.user_amount, l.cost_amount, l.success, l.created_at
from request_logs l
left join users u on u.id = l.user_id
where l.user_id = ?
order by l.id desc
limit ?
]
2026-04-15T19:16:15.407+08:00 DEBUG 15660 --- [ai-gateway] [nio-9988-exec-5] m.m.a.RequestResponseBodyMethodProcessor : Using 'application/json', given [*/*] and supported [application/json, application/*+json]
2026-04-15T19:16:15.411+08:00 DEBUG 15660 --- [ai-gateway] [nio-9988-exec-5] m.m.a.RequestResponseBodyMethodProcessor : Writing [ApiResponse[success=true, message=OK, data=[RequestLogItemResponse[requestId=req_f138434232ef452db8a (truncated)...]
2026-04-15T19:16:15.423+08:00 DEBUG 15660 --- [ai-gateway] [nio-9988-exec-5] o.s.web.servlet.DispatcherServlet        : Completed 200 OK
2026-04-15T19:16:15.584+08:00 DEBUG 15660 --- [ai-gateway] [nio-9988-exec-6] o.s.web.servlet.DispatcherServlet        : GET "/admin/request-logs?limit=50", parameters={masked}
2026-04-15T19:16:15.588+08:00 DEBUG 15660 --- [ai-gateway] [nio-9988-exec-6] s.w.s.m.m.a.RequestMappingHandlerMapping : Mapped to com.zxw.modules.request.controller.AdminRequestLogController#list(int)
2026-04-15T19:16:15.592+08:00 DEBUG 15660 --- [ai-gateway] [nio-9988-exec-6] o.s.jdbc.core.JdbcTemplate               : Executing prepared SQL query
2026-04-15T19:16:15.593+08:00 DEBUG 15660 --- [ai-gateway] [nio-9988-exec-6] o.s.jdbc.core.JdbcTemplate               : Executing prepared SQL statement [select l.request_id, u.username, l.model_code, l.upstream_model, l.status_code,
       l.latency_ms, l.total_tokens, l.user_amount, l.cost_amount, l.success, l.created_at
from request_logs l
left join users u on u.id = l.user_id
where l.user_id = ?
order by l.id desc
limit ?
]
2026-04-15T19:16:15.608+08:00 DEBUG 15660 --- [ai-gateway] [nio-9988-exec-6] m.m.a.RequestResponseBodyMethodProcessor : Using 'application/json', given [*/*] and supported [application/json, application/*+json]
2026-04-15T19:16:15.613+08:00 DEBUG 15660 --- [ai-gateway] [nio-9988-exec-6] m.m.a.RequestResponseBodyMethodProcessor : Writing [ApiResponse[success=true, message=OK, data=[RequestLogItemResponse[requestId=req_f138434232ef452db8a (truncated)...]
2026-04-15T19:16:15.619+08:00 DEBUG 15660 --- [ai-gateway] [nio-9988-exec-6] o.s.web.servlet.DispatcherServlet        : Completed 200 OK
2026-04-15T19:16:15.714+08:00 DEBUG 15660 --- [ai-gateway] [nio-9988-exec-7] o.s.web.servlet.DispatcherServlet        : GET "/admin/request-logs?limit=50", parameters={masked}
2026-04-15T19:16:15.725+08:00 DEBUG 15660 --- [ai-gateway] [nio-9988-exec-7] s.w.s.m.m.a.RequestMappingHandlerMapping : Mapped to com.zxw.modules.request.controller.AdminRequestLogController#list(int)
2026-04-15T19:16:15.729+08:00 DEBUG 15660 --- [ai-gateway] [nio-9988-exec-7] o.s.jdbc.core.JdbcTemplate               : Executing prepared SQL query
2026-04-15T19:16:15.730+08:00 DEBUG 15660 --- [ai-gateway] [nio-9988-exec-7] o.s.jdbc.core.JdbcTemplate               : Executing prepared SQL statement [select l.request_id, u.username, l.model_code, l.upstream_model, l.status_code,
       l.latency_ms, l.total_tokens, l.user_amount, l.cost_amount, l.success, l.created_at
from request_logs l
left join users u on u.id = l.user_id
where l.user_id = ?
order by l.id desc
limit ?
]
2026-04-15T19:16:15.744+08:00 DEBUG 15660 --- [ai-gateway] [nio-9988-exec-7] m.m.a.RequestResponseBodyMethodProcessor : Using 'application/json', given [*/*] and supported [application/json, application/*+json]
2026-04-15T19:16:15.747+08:00 DEBUG 15660 --- [ai-gateway] [nio-9988-exec-7] m.m.a.RequestResponseBodyMethodProcessor : Writing [ApiResponse[success=true, message=OK, data=[RequestLogItemResponse[requestId=req_f138434232ef452db8a (truncated)...]
2026-04-15T19:16:15.757+08:00 DEBUG 15660 --- [ai-gateway] [nio-9988-exec-7] o.s.web.servlet.DispatcherServlet        : Completed 200 OK
2026-04-15T19:16:15.862+08:00 DEBUG 15660 --- [ai-gateway] [nio-9988-exec-8] o.s.web.servlet.DispatcherServlet        : GET "/admin/request-logs?limit=50", parameters={masked}
2026-04-15T19:16:15.865+08:00 DEBUG 15660 --- [ai-gateway] [nio-9988-exec-8] s.w.s.m.m.a.RequestMappingHandlerMapping : Mapped to com.zxw.modules.request.controller.AdminRequestLogController#list(int)
2026-04-15T19:16:15.868+08:00 DEBUG 15660 --- [ai-gateway] [nio-9988-exec-8] o.s.jdbc.core.JdbcTemplate               : Executing prepared SQL query
2026-04-15T19:16:15.869+08:00 DEBUG 15660 --- [ai-gateway] [nio-9988-exec-8] o.s.jdbc.core.JdbcTemplate               : Executing prepared SQL statement [select l.request_id, u.username, l.model_code, l.upstream_model, l.status_code,
       l.latency_ms, l.total_tokens, l.user_amount, l.cost_amount, l.success, l.created_at
from request_logs l
left join users u on u.id = l.user_id
where l.user_id = ?
order by l.id desc
limit ?
]
2026-04-15T19:16:15.877+08:00 DEBUG 15660 --- [ai-gateway] [nio-9988-exec-8] m.m.a.RequestResponseBodyMethodProcessor : Using 'application/json', given [*/*] and supported [application/json, application/*+json]
2026-04-15T19:16:15.879+08:00 DEBUG 15660 --- [ai-gateway] [nio-9988-exec-8] m.m.a.RequestResponseBodyMethodProcessor : Writing [ApiResponse[success=true, message=OK, data=[RequestLogItemResponse[requestId=req_f138434232ef452db8a (truncated)...]
2026-04-15T19:16:15.883+08:00 DEBUG 15660 --- [ai-gateway] [nio-9988-exec-8] o.s.web.servlet.DispatcherServlet        : Completed 200 OK
2026-04-15T19:16:16.006+08:00 DEBUG 15660 --- [ai-gateway] [nio-9988-exec-9] o.s.web.servlet.DispatcherServlet        : GET "/admin/request-logs?limit=50", parameters={masked}
2026-04-15T19:16:16.008+08:00 DEBUG 15660 --- [ai-gateway] [nio-9988-exec-9] s.w.s.m.m.a.RequestMappingHandlerMapping : Mapped to com.zxw.modules.request.controller.AdminRequestLogController#list(int)
2026-04-15T19:16:16.013+08:00 DEBUG 15660 --- [ai-gateway] [nio-9988-exec-9] o.s.jdbc.core.JdbcTemplate               : Executing prepared SQL query
2026-04-15T19:16:16.014+08:00 DEBUG 15660 --- [ai-gateway] [nio-9988-exec-9] o.s.jdbc.core.JdbcTemplate               : Executing prepared SQL statement [select l.request_id, u.username, l.model_code, l.upstream_model, l.status_code,
       l.latency_ms, l.total_tokens, l.user_amount, l.cost_amount, l.success, l.created_at
from request_logs l
left join users u on u.id = l.user_id
where l.user_id = ?
order by l.id desc
limit ?
]
2026-04-15T19:16:16.019+08:00 DEBUG 15660 --- [ai-gateway] [nio-9988-exec-9] m.m.a.RequestResponseBodyMethodProcessor : Using 'application/json', given [*/*] and supported [application/json, application/*+json]
2026-04-15T19:16:16.021+08:00 DEBUG 15660 --- [ai-gateway] [nio-9988-exec-9] m.m.a.RequestResponseBodyMethodProcessor : Writing [ApiResponse[success=true, message=OK, data=[RequestLogItemResponse[requestId=req_f138434232ef452db8a (truncated)...]
2026-04-15T19:16:16.024+08:00 DEBUG 15660 --- [ai-gateway] [nio-9988-exec-9] o.s.web.servlet.DispatcherServlet        : Completed 200 OK
2026-04-15T19:16:16.347+08:00 DEBUG 15660 --- [ai-gateway] [io-9988-exec-10] o.s.web.servlet.DispatcherServlet        : GET "/admin/request-logs?limit=50", parameters={masked}
2026-04-15T19:16:16.349+08:00 DEBUG 15660 --- [ai-gateway] [io-9988-exec-10] s.w.s.m.m.a.RequestMappingHandlerMapping : Mapped to com.zxw.modules.request.controller.AdminRequestLogController#list(int)
2026-04-15T19:16:16.352+08:00 DEBUG 15660 --- [ai-gateway] [io-9988-exec-10] o.s.jdbc.core.JdbcTemplate               : Executing prepared SQL query
2026-04-15T19:16:16.353+08:00 DEBUG 15660 --- [ai-gateway] [io-9988-exec-10] o.s.jdbc.core.JdbcTemplate               : Executing prepared SQL statement [select l.request_id, u.username, l.model_code, l.upstream_model, l.status_code,
       l.latency_ms, l.total_tokens, l.user_amount, l.cost_amount, l.success, l.created_at
from request_logs l
left join users u on u.id = l.user_id
where l.user_id = ?
order by l.id desc
limit ?
]
2026-04-15T19:16:16.358+08:00 DEBUG 15660 --- [ai-gateway] [io-9988-exec-10] m.m.a.RequestResponseBodyMethodProcessor : Using 'application/json', given [*/*] and supported [application/json, application/*+json]
2026-04-15T19:16:16.359+08:00 DEBUG 15660 --- [ai-gateway] [io-9988-exec-10] m.m.a.RequestResponseBodyMethodProcessor : Writing [ApiResponse[success=true, message=OK, data=[RequestLogItemResponse[requestId=req_f138434232ef452db8a (truncated)...]
2026-04-15T19:16:16.363+08:00 DEBUG 15660 --- [ai-gateway] [io-9988-exec-10] o.s.web.servlet.DispatcherServlet        : Completed 200 OK
2026-04-15T19:16:16.467+08:00 DEBUG 15660 --- [ai-gateway] [nio-9988-exec-1] o.s.web.servlet.DispatcherServlet        : GET "/admin/request-logs?limit=50", parameters={masked}
2026-04-15T19:16:16.476+08:00 DEBUG 15660 --- [ai-gateway] [nio-9988-exec-1] s.w.s.m.m.a.RequestMappingHandlerMapping : Mapped to com.zxw.modules.request.controller.AdminRequestLogController#list(int)
2026-04-15T19:16:16.482+08:00 DEBUG 15660 --- [ai-gateway] [nio-9988-exec-1] o.s.jdbc.core.JdbcTemplate               : Executing prepared SQL query
2026-04-15T19:16:16.483+08:00 DEBUG 15660 --- [ai-gateway] [nio-9988-exec-1] o.s.jdbc.core.JdbcTemplate               : Executing prepared SQL statement [select l.request_id, u.username, l.model_code, l.upstream_model, l.status_code,
       l.latency_ms, l.total_tokens, l.user_amount, l.cost_amount, l.success, l.created_at
from request_logs l
left join users u on u.id = l.user_id
where l.user_id = ?
order by l.id desc
limit ?
]
2026-04-15T19:16:16.489+08:00 DEBUG 15660 --- [ai-gateway] [nio-9988-exec-1] m.m.a.RequestResponseBodyMethodProcessor : Using 'application/json', given [*/*] and supported [application/json, application/*+json]
2026-04-15T19:16:16.492+08:00 DEBUG 15660 --- [ai-gateway] [nio-9988-exec-1] m.m.a.RequestResponseBodyMethodProcessor : Writing [ApiResponse[success=true, message=OK, data=[RequestLogItemResponse[requestId=req_f138434232ef452db8a (truncated)...]
2026-04-15T19:16:16.502+08:00 DEBUG 15660 --- [ai-gateway] [nio-9988-exec-1] o.s.web.servlet.DispatcherServlet        : Completed 200 OK
2026-04-15T19:16:16.618+08:00 DEBUG 15660 --- [ai-gateway] [nio-9988-exec-2] o.s.web.servlet.DispatcherServlet        : GET "/admin/request-logs?limit=50", parameters={masked}
2026-04-15T19:16:16.619+08:00 DEBUG 15660 --- [ai-gateway] [nio-9988-exec-2] s.w.s.m.m.a.RequestMappingHandlerMapping : Mapped to com.zxw.modules.request.controller.AdminRequestLogController#list(int)
2026-04-15T19:16:16.623+08:00 DEBUG 15660 --- [ai-gateway] [nio-9988-exec-2] o.s.jdbc.core.JdbcTemplate               : Executing prepared SQL query
2026-04-15T19:16:16.624+08:00 DEBUG 15660 --- [ai-gateway] [nio-9988-exec-2] o.s.jdbc.core.JdbcTemplate               : Executing prepared SQL statement [select l.request_id, u.username, l.model_code, l.upstream_model, l.status_code,
       l.latency_ms, l.total_tokens, l.user_amount, l.cost_amount, l.success, l.created_at
from request_logs l
left join users u on u.id = l.user_id
where l.user_id = ?
order by l.id desc
limit ?
]
2026-04-15T19:16:16.628+08:00 DEBUG 15660 --- [ai-gateway] [nio-9988-exec-2] m.m.a.RequestResponseBodyMethodProcessor : Using 'application/json', given [*/*] and supported [application/json, application/*+json]
2026-04-15T19:16:16.630+08:00 DEBUG 15660 --- [ai-gateway] [nio-9988-exec-2] m.m.a.RequestResponseBodyMethodProcessor : Writing [ApiResponse[success=true, message=OK, data=[RequestLogItemResponse[requestId=req_f138434232ef452db8a (truncated)...]
2026-04-15T19:16:16.634+08:00 DEBUG 15660 --- [ai-gateway] [nio-9988-exec-2] o.s.web.servlet.DispatcherServlet        : Completed 200 OK
2026-04-15T19:16:16.760+08:00 DEBUG 15660 --- [ai-gateway] [nio-9988-exec-4] o.s.web.servlet.DispatcherServlet        : GET "/admin/request-logs?limit=50", parameters={masked}
2026-04-15T19:16:16.762+08:00 DEBUG 15660 --- [ai-gateway] [nio-9988-exec-4] s.w.s.m.m.a.RequestMappingHandlerMapping : Mapped to com.zxw.modules.request.controller.AdminRequestLogController#list(int)
2026-04-15T19:16:16.766+08:00 DEBUG 15660 --- [ai-gateway] [nio-9988-exec-4] o.s.jdbc.core.JdbcTemplate               : Executing prepared SQL query
2026-04-15T19:16:16.768+08:00 DEBUG 15660 --- [ai-gateway] [nio-9988-exec-4] o.s.jdbc.core.JdbcTemplate               : Executing prepared SQL statement [select l.request_id, u.username, l.model_code, l.upstream_model, l.status_code,
       l.latency_ms, l.total_tokens, l.user_amount, l.cost_amount, l.success, l.created_at
from request_logs l
left join users u on u.id = l.user_id
where l.user_id = ?
order by l.id desc
limit ?
]
2026-04-15T19:16:16.774+08:00 DEBUG 15660 --- [ai-gateway] [nio-9988-exec-4] m.m.a.RequestResponseBodyMethodProcessor : Using 'application/json', given [*/*] and supported [application/json, application/*+json]
2026-04-15T19:16:16.777+08:00 DEBUG 15660 --- [ai-gateway] [nio-9988-exec-4] m.m.a.RequestResponseBodyMethodProcessor : Writing [ApiResponse[success=true, message=OK, data=[RequestLogItemResponse[requestId=req_f138434232ef452db8a (truncated)...]
2026-04-15T19:16:16.781+08:00 DEBUG 15660 --- [ai-gateway] [nio-9988-exec-4] o.s.web.servlet.DispatcherServlet        : Completed 200 OK
2026-04-15T19:16:16.914+08:00 DEBUG 15660 --- [ai-gateway] [nio-9988-exec-5] o.s.web.servlet.DispatcherServlet        : GET "/admin/request-logs?limit=50", parameters={masked}
2026-04-15T19:16:16.915+08:00 DEBUG 15660 --- [ai-gateway] [nio-9988-exec-5] s.w.s.m.m.a.RequestMappingHandlerMapping : Mapped to com.zxw.modules.request.controller.AdminRequestLogController#list(int)
2026-04-15T19:16:16.918+08:00 DEBUG 15660 --- [ai-gateway] [nio-9988-exec-5] o.s.jdbc.core.JdbcTemplate               : Executing prepared SQL query
2026-04-15T19:16:16.919+08:00 DEBUG 15660 --- [ai-gateway] [nio-9988-exec-5] o.s.jdbc.core.JdbcTemplate               : Executing prepared SQL statement [select l.request_id, u.username, l.model_code, l.upstream_model, l.status_code,
       l.latency_ms, l.total_tokens, l.user_amount, l.cost_amount, l.success, l.created_at
from request_logs l
left join users u on u.id = l.user_id
where l.user_id = ?
order by l.id desc
limit ?
]
2026-04-15T19:16:16.925+08:00 DEBUG 15660 --- [ai-gateway] [nio-9988-exec-5] m.m.a.RequestResponseBodyMethodProcessor : Using 'application/json', given [*/*] and supported [application/json, application/*+json]
2026-04-15T19:16:16.927+08:00 DEBUG 15660 --- [ai-gateway] [nio-9988-exec-5] m.m.a.RequestResponseBodyMethodProcessor : Writing [ApiResponse[success=true, message=OK, data=[RequestLogItemResponse[requestId=req_f138434232ef452db8a (truncated)...]
2026-04-15T19:16:16.930+08:00 DEBUG 15660 --- [ai-gateway] [nio-9988-exec-5] o.s.web.servlet.DispatcherServlet        : Completed 200 OK
2026-04-15T19:16:17.069+08:00 DEBUG 15660 --- [ai-gateway] [nio-9988-exec-6] o.s.web.servlet.DispatcherServlet        : GET "/admin/request-logs?limit=50", parameters={masked}
2026-04-15T19:16:17.070+08:00 DEBUG 15660 --- [ai-gateway] [nio-9988-exec-6] s.w.s.m.m.a.RequestMappingHandlerMapping : Mapped to com.zxw.modules.request.controller.AdminRequestLogController#list(int)
2026-04-15T19:16:17.073+08:00 DEBUG 15660 --- [ai-gateway] [nio-9988-exec-6] o.s.jdbc.core.JdbcTemplate               : Executing prepared SQL query
2026-04-15T19:16:17.075+08:00 DEBUG 15660 --- [ai-gateway] [nio-9988-exec-6] o.s.jdbc.core.JdbcTemplate               : Executing prepared SQL statement [select l.request_id, u.username, l.model_code, l.upstream_model, l.status_code,
       l.latency_ms, l.total_tokens, l.user_amount, l.cost_amount, l.success, l.created_at
from request_logs l
left join users u on u.id = l.user_id
where l.user_id = ?
order by l.id desc
limit ?
]
2026-04-15T19:16:17.082+08:00 DEBUG 15660 --- [ai-gateway] [nio-9988-exec-6] m.m.a.RequestResponseBodyMethodProcessor : Using 'application/json', given [*/*] and supported [application/json, application/*+json]
2026-04-15T19:16:17.084+08:00 DEBUG 15660 --- [ai-gateway] [nio-9988-exec-6] m.m.a.RequestResponseBodyMethodProcessor : Writing [ApiResponse[success=true, message=OK, data=[RequestLogItemResponse[requestId=req_f138434232ef452db8a (truncated)...]
2026-04-15T19:16:17.088+08:00 DEBUG 15660 --- [ai-gateway] [nio-9988-exec-6] o.s.web.servlet.DispatcherServlet        : Completed 200 OK
2026-04-15T19:16:17.198+08:00 DEBUG 15660 --- [ai-gateway] [nio-9988-exec-7] o.s.web.servlet.DispatcherServlet        : GET "/admin/request-logs?limit=50", parameters={masked}
2026-04-15T19:16:17.200+08:00 DEBUG 15660 --- [ai-gateway] [nio-9988-exec-7] s.w.s.m.m.a.RequestMappingHandlerMapping : Mapped to com.zxw.modules.request.controller.AdminRequestLogController#list(int)
2026-04-15T19:16:17.203+08:00 DEBUG 15660 --- [ai-gateway] [nio-9988-exec-7] o.s.jdbc.core.JdbcTemplate               : Executing prepared SQL query
2026-04-15T19:16:17.204+08:00 DEBUG 15660 --- [ai-gateway] [nio-9988-exec-7] o.s.jdbc.core.JdbcTemplate               : Executing prepared SQL statement [select l.request_id, u.username, l.model_code, l.upstream_model, l.status_code,
       l.latency_ms, l.total_tokens, l.user_amount, l.cost_amount, l.success, l.created_at
from request_logs l
left join users u on u.id = l.user_id
where l.user_id = ?
order by l.id desc
limit ?
]
2026-04-15T19:16:17.209+08:00 DEBUG 15660 --- [ai-gateway] [nio-9988-exec-7] m.m.a.RequestResponseBodyMethodProcessor : Using 'application/json', given [*/*] and supported [application/json, application/*+json]
2026-04-15T19:16:17.213+08:00 DEBUG 15660 --- [ai-gateway] [nio-9988-exec-7] m.m.a.RequestResponseBodyMethodProcessor : Writing [ApiResponse[success=true, message=OK, data=[RequestLogItemResponse[requestId=req_f138434232ef452db8a (truncated)...]
2026-04-15T19:16:17.217+08:00 DEBUG 15660 --- [ai-gateway] [nio-9988-exec-7] o.s.web.servlet.DispatcherServlet        : Completed 200 OK
2026-04-15T19:16:17.333+08:00 DEBUG 15660 --- [ai-gateway] [nio-9988-exec-8] o.s.web.servlet.DispatcherServlet        : GET "/admin/request-logs?limit=50", parameters={masked}
2026-04-15T19:16:17.334+08:00 DEBUG 15660 --- [ai-gateway] [nio-9988-exec-8] s.w.s.m.m.a.RequestMappingHandlerMapping : Mapped to com.zxw.modules.request.controller.AdminRequestLogController#list(int)
2026-04-15T19:16:17.338+08:00 DEBUG 15660 --- [ai-gateway] [nio-9988-exec-8] o.s.jdbc.core.JdbcTemplate               : Executing prepared SQL query
2026-04-15T19:16:17.339+08:00 DEBUG 15660 --- [ai-gateway] [nio-9988-exec-8] o.s.jdbc.core.JdbcTemplate               : Executing prepared SQL statement [select l.request_id, u.username, l.model_code, l.upstream_model, l.status_code,
       l.latency_ms, l.total_tokens, l.user_amount, l.cost_amount, l.success, l.created_at
from request_logs l
left join users u on u.id = l.user_id
where l.user_id = ?
order by l.id desc
limit ?
]
2026-04-15T19:16:17.344+08:00 DEBUG 15660 --- [ai-gateway] [nio-9988-exec-8] m.m.a.RequestResponseBodyMethodProcessor : Using 'application/json', given [*/*] and supported [application/json, application/*+json]
2026-04-15T19:16:17.347+08:00 DEBUG 15660 --- [ai-gateway] [nio-9988-exec-8] m.m.a.RequestResponseBodyMethodProcessor : Writing [ApiResponse[success=true, message=OK, data=[RequestLogItemResponse[requestId=req_f138434232ef452db8a (truncated)...]
2026-04-15T19:16:17.351+08:00 DEBUG 15660 --- [ai-gateway] [nio-9988-exec-8] o.s.web.servlet.DispatcherServlet        : Completed 200 OK
2026-04-15T19:16:17.521+08:00 DEBUG 15660 --- [ai-gateway] [nio-9988-exec-9] o.s.web.servlet.DispatcherServlet        : GET "/admin/request-logs?limit=50", parameters={masked}
2026-04-15T19:16:17.523+08:00 DEBUG 15660 --- [ai-gateway] [nio-9988-exec-9] s.w.s.m.m.a.RequestMappingHandlerMapping : Mapped to com.zxw.modules.request.controller.AdminRequestLogController#list(int)
2026-04-15T19:16:17.527+08:00 DEBUG 15660 --- [ai-gateway] [nio-9988-exec-9] o.s.jdbc.core.JdbcTemplate               : Executing prepared SQL query
2026-04-15T19:16:17.528+08:00 DEBUG 15660 --- [ai-gateway] [nio-9988-exec-9] o.s.jdbc.core.JdbcTemplate               : Executing prepared SQL statement [select l.request_id, u.username, l.model_code, l.upstream_model, l.status_code,
       l.latency_ms, l.total_tokens, l.user_amount, l.cost_amount, l.success, l.created_at
from request_logs l
left join users u on u.id = l.user_id
where l.user_id = ?
order by l.id desc
limit ?
]
2026-04-15T19:16:17.535+08:00 DEBUG 15660 --- [ai-gateway] [nio-9988-exec-9] m.m.a.RequestResponseBodyMethodProcessor : Using 'application/json', given [*/*] and supported [application/json, application/*+json]
2026-04-15T19:16:17.538+08:00 DEBUG 15660 --- [ai-gateway] [nio-9988-exec-9] m.m.a.RequestResponseBodyMethodProcessor : Writing [ApiResponse[success=true, message=OK, data=[RequestLogItemResponse[requestId=req_f138434232ef452db8a (truncated)...]
2026-04-15T19:16:17.541+08:00 DEBUG 15660 --- [ai-gateway] [nio-9988-exec-9] o.s.web.servlet.DispatcherServlet        : Completed 200 OK
2026-04-15T19:16:18.134+08:00 DEBUG 15660 --- [ai-gateway] [io-9988-exec-10] o.s.web.servlet.DispatcherServlet        : GET "/admin/auth/me", parameters={}
2026-04-15T19:16:18.136+08:00 DEBUG 15660 --- [ai-gateway] [io-9988-exec-10] s.w.s.m.m.a.RequestMappingHandlerMapping : Mapped to com.zxw.modules.auth.controller.AdminAuthController#me()
2026-04-15T19:16:18.167+08:00 DEBUG 15660 --- [ai-gateway] [io-9988-exec-10] o.s.jdbc.core.JdbcTemplate               : Executing prepared SQL query
2026-04-15T19:16:18.169+08:00 DEBUG 15660 --- [ai-gateway] [io-9988-exec-10] o.s.jdbc.core.JdbcTemplate               : Executing prepared SQL statement [select u.id, u.username, u.nickname, u.role_code, coalesce(w.balance, 0) as balance
from users
left join wallets w on w.user_id = u.id
where u.id = ? and u.deleted = 0
]
2026-04-15T19:16:18.349+08:00 DEBUG 15660 --- [ai-gateway] [io-9988-exec-10] .m.m.a.ExceptionHandlerExceptionResolver : Using @ExceptionHandler com.zxw.common.exception.GlobalExceptionHandler#handleOther(Exception, HttpServletRequest)
2026-04-15T19:16:18.385+08:00 DEBUG 15660 --- [ai-gateway] [io-9988-exec-10] o.s.w.s.m.m.a.HttpEntityMethodProcessor  : Found 'Content-Type:application/json' in response
2026-04-15T19:16:18.387+08:00 DEBUG 15660 --- [ai-gateway] [io-9988-exec-10] o.s.w.s.m.m.a.HttpEntityMethodProcessor  : Writing [ApiResponse[success=false, message=PreparedStatementCallback; bad SQL grammar [select u.id, u.userna (truncated)...]
2026-04-15T19:16:18.391+08:00 DEBUG 15660 --- [ai-gateway] [io-9988-exec-10] .m.m.a.ExceptionHandlerExceptionResolver : Resolved [org.springframework.jdbc.BadSqlGrammarException: PreparedStatementCallback; bad SQL grammar [select u.id, u.username, u.nickname, u.role_code, coalesce(w.balance, 0) as balance<EOL>from users<EOL>left join wallets w on w.user_id = u.id<EOL>where u.id = ? and u.deleted = 0<EOL>]]
2026-04-15T19:16:18.392+08:00 DEBUG 15660 --- [ai-gateway] [io-9988-exec-10] o.s.web.servlet.DispatcherServlet        : Completed 500 INTERNAL_SERVER_ERROR
2026-04-15T19:16:18.502+08:00 DEBUG 15660 --- [ai-gateway] [nio-9988-exec-1] o.s.web.servlet.DispatcherServlet        : GET "/admin/auth/me", parameters={}
2026-04-15T19:16:18.506+08:00 DEBUG 15660 --- [ai-gateway] [nio-9988-exec-1] s.w.s.m.m.a.RequestMappingHandlerMapping : Mapped to com.zxw.modules.auth.controller.AdminAuthController#me()
2026-04-15T19:16:18.509+08:00 DEBUG 15660 --- [ai-gateway] [nio-9988-exec-1] o.s.jdbc.core.JdbcTemplate               : Executing prepared SQL query
2026-04-15T19:16:18.510+08:00 DEBUG 15660 --- [ai-gateway] [nio-9988-exec-1] o.s.jdbc.core.JdbcTemplate               : Executing prepared SQL statement [select u.id, u.username, u.nickname, u.role_code, coalesce(w.balance, 0) as balance
from users
left join wallets w on w.user_id = u.id
where u.id = ? and u.deleted = 0
]
2026-04-15T19:16:18.523+08:00 DEBUG 15660 --- [ai-gateway] [nio-9988-exec-1] .m.m.a.ExceptionHandlerExceptionResolver : Using @ExceptionHandler com.zxw.common.exception.GlobalExceptionHandler#handleOther(Exception, HttpServletRequest)
2026-04-15T19:16:18.525+08:00 DEBUG 15660 --- [ai-gateway] [nio-9988-exec-1] o.s.w.s.m.m.a.HttpEntityMethodProcessor  : Found 'Content-Type:application/json' in response
2026-04-15T19:16:18.529+08:00 DEBUG 15660 --- [ai-gateway] [nio-9988-exec-1] o.s.w.s.m.m.a.HttpEntityMethodProcessor  : Writing [ApiResponse[success=false, message=PreparedStatementCallback; bad SQL grammar [select u.id, u.userna (truncated)...]
2026-04-15T19:16:18.533+08:00 DEBUG 15660 --- [ai-gateway] [nio-9988-exec-1] .m.m.a.ExceptionHandlerExceptionResolver : Resolved [org.springframework.jdbc.BadSqlGrammarException: PreparedStatementCallback; bad SQL grammar [select u.id, u.username, u.nickname, u.role_code, coalesce(w.balance, 0) as balance<EOL>from users<EOL>left join wallets w on w.user_id = u.id<EOL>where u.id = ? and u.deleted = 0<EOL>]]
2026-04-15T19:16:18.534+08:00 DEBUG 15660 --- [ai-gateway] [nio-9988-exec-1] o.s.web.servlet.DispatcherServlet        : Completed 500 INTERNAL_SERVER_ERROR
2026-04-15T19:16:18.704+08:00 DEBUG 15660 --- [ai-gateway] [nio-9988-exec-2] o.s.web.servlet.DispatcherServlet        : GET "/admin/auth/me", parameters={}
2026-04-15T19:16:18.706+08:00 DEBUG 15660 --- [ai-gateway] [nio-9988-exec-2] s.w.s.m.m.a.RequestMappingHandlerMapping : Mapped to com.zxw.modules.auth.controller.AdminAuthController#me()
2026-04-15T19:16:18.708+08:00 DEBUG 15660 --- [ai-gateway] [nio-9988-exec-2] o.s.jdbc.core.JdbcTemplate               : Executing prepared SQL query
2026-04-15T19:16:18.709+08:00 DEBUG 15660 --- [ai-gateway] [nio-9988-exec-2] o.s.jdbc.core.JdbcTemplate               : Executing prepared SQL statement [select u.id, u.username, u.nickname, u.role_code, coalesce(w.balance, 0) as balance
from users
left join wallets w on w.user_id = u.id
where u.id = ? and u.deleted = 0
]
2026-04-15T19:16:18.713+08:00 DEBUG 15660 --- [ai-gateway] [nio-9988-exec-2] .m.m.a.ExceptionHandlerExceptionResolver : Using @ExceptionHandler com.zxw.common.exception.GlobalExceptionHandler#handleOther(Exception, HttpServletRequest)
2026-04-15T19:16:18.715+08:00 DEBUG 15660 --- [ai-gateway] [nio-9988-exec-2] o.s.w.s.m.m.a.HttpEntityMethodProcessor  : Found 'Content-Type:application/json' in response
2026-04-15T19:16:18.716+08:00 DEBUG 15660 --- [ai-gateway] [nio-9988-exec-2] o.s.w.s.m.m.a.HttpEntityMethodProcessor  : Writing [ApiResponse[success=false, message=PreparedStatementCallback; bad SQL grammar [select u.id, u.userna (truncated)...]
2026-04-15T19:16:18.719+08:00 DEBUG 15660 --- [ai-gateway] [nio-9988-exec-2] .m.m.a.ExceptionHandlerExceptionResolver : Resolved [org.springframework.jdbc.BadSqlGrammarException: PreparedStatementCallback; bad SQL grammar [select u.id, u.username, u.nickname, u.role_code, coalesce(w.balance, 0) as balance<EOL>from users<EOL>left join wallets w on w.user_id = u.id<EOL>where u.id = ? and u.deleted = 0<EOL>]]
2026-04-15T19:16:18.720+08:00 DEBUG 15660 --- [ai-gateway] [nio-9988-exec-2] o.s.web.servlet.DispatcherServlet        : Completed 500 INTERNAL_SERVER_ERROR
2026-04-15T19:16:19.241+08:00 DEBUG 15660 --- [ai-gateway] [nio-9988-exec-3] o.s.web.servlet.DispatcherServlet        : GET "/admin/auth/me", parameters={}
2026-04-15T19:16:19.243+08:00 DEBUG 15660 --- [ai-gateway] [nio-9988-exec-3] s.w.s.m.m.a.RequestMappingHandlerMapping : Mapped to com.zxw.modules.auth.controller.AdminAuthController#me()
2026-04-15T19:16:19.247+08:00 DEBUG 15660 --- [ai-gateway] [nio-9988-exec-3] o.s.jdbc.core.JdbcTemplate               : Executing prepared SQL query
2026-04-15T19:16:19.248+08:00 DEBUG 15660 --- [ai-gateway] [nio-9988-exec-3] o.s.jdbc.core.JdbcTemplate               : Executing prepared SQL statement [select u.id, u.username, u.nickname, u.role_code, coalesce(w.balance, 0) as balance
from users
left join wallets w on w.user_id = u.id
where u.id = ? and u.deleted = 0
]
2026-04-15T19:16:19.252+08:00 DEBUG 15660 --- [ai-gateway] [nio-9988-exec-3] .m.m.a.ExceptionHandlerExceptionResolver : Using @ExceptionHandler com.zxw.common.exception.GlobalExceptionHandler#handleOther(Exception, HttpServletRequest)
2026-04-15T19:16:19.254+08:00 DEBUG 15660 --- [ai-gateway] [nio-9988-exec-3] o.s.w.s.m.m.a.HttpEntityMethodProcessor  : Found 'Content-Type:application/json' in response
2026-04-15T19:16:19.255+08:00 DEBUG 15660 --- [ai-gateway] [nio-9988-exec-3] o.s.w.s.m.m.a.HttpEntityMethodProcessor  : Writing [ApiResponse[success=false, message=PreparedStatementCallback; bad SQL grammar [select u.id, u.userna (truncated)...]
2026-04-15T19:16:19.258+08:00 DEBUG 15660 --- [ai-gateway] [nio-9988-exec-3] .m.m.a.ExceptionHandlerExceptionResolver : Resolved [org.springframework.jdbc.BadSqlGrammarException: PreparedStatementCallback; bad SQL grammar [select u.id, u.username, u.nickname, u.role_code, coalesce(w.balance, 0) as balance<EOL>from users<EOL>left join wallets w on w.user_id = u.id<EOL>where u.id = ? and u.deleted = 0<EOL>]]
2026-04-15T19:16:19.260+08:00 DEBUG 15660 --- [ai-gateway] [nio-9988-exec-3] o.s.web.servlet.DispatcherServlet        : Completed 500 INTERNAL_SERVER_ERROR
2026-04-15T19:16:19.383+08:00 DEBUG 15660 --- [ai-gateway] [nio-9988-exec-4] o.s.web.servlet.DispatcherServlet        : GET "/admin/auth/me", parameters={}
2026-04-15T19:16:19.384+08:00 DEBUG 15660 --- [ai-gateway] [nio-9988-exec-4] s.w.s.m.m.a.RequestMappingHandlerMapping : Mapped to com.zxw.modules.auth.controller.AdminAuthController#me()
2026-04-15T19:16:19.391+08:00 DEBUG 15660 --- [ai-gateway] [nio-9988-exec-4] o.s.jdbc.core.JdbcTemplate               : Executing prepared SQL query
2026-04-15T19:16:19.393+08:00 DEBUG 15660 --- [ai-gateway] [nio-9988-exec-4] o.s.jdbc.core.JdbcTemplate               : Executing prepared SQL statement [select u.id, u.username, u.nickname, u.role_code, coalesce(w.balance, 0) as balance
from users
left join wallets w on w.user_id = u.id
where u.id = ? and u.deleted = 0
]
2026-04-15T19:16:19.399+08:00 DEBUG 15660 --- [ai-gateway] [nio-9988-exec-4] .m.m.a.ExceptionHandlerExceptionResolver : Using @ExceptionHandler com.zxw.common.exception.GlobalExceptionHandler#handleOther(Exception, HttpServletRequest)
2026-04-15T19:16:19.401+08:00 DEBUG 15660 --- [ai-gateway] [nio-9988-exec-4] o.s.w.s.m.m.a.HttpEntityMethodProcessor  : Found 'Content-Type:application/json' in response
2026-04-15T19:16:19.402+08:00 DEBUG 15660 --- [ai-gateway] [nio-9988-exec-4] o.s.w.s.m.m.a.HttpEntityMethodProcessor  : Writing [ApiResponse[success=false, message=PreparedStatementCallback; bad SQL grammar [select u.id, u.userna (truncated)...]
2026-04-15T19:16:19.406+08:00 DEBUG 15660 --- [ai-gateway] [nio-9988-exec-4] .m.m.a.ExceptionHandlerExceptionResolver : Resolved [org.springframework.jdbc.BadSqlGrammarException: PreparedStatementCallback; bad SQL grammar [select u.id, u.username, u.nickname, u.role_code, coalesce(w.balance, 0) as balance<EOL>from users<EOL>left join wallets w on w.user_id = u.id<EOL>where u.id = ? and u.deleted = 0<EOL>]]
2026-04-15T19:16:19.407+08:00 DEBUG 15660 --- [ai-gateway] [nio-9988-exec-4] o.s.web.servlet.DispatcherServlet        : Completed 500 INTERNAL_SERVER_ERROR
2026-04-15T19:16:19.554+08:00 DEBUG 15660 --- [ai-gateway] [nio-9988-exec-5] o.s.web.servlet.DispatcherServlet        : GET "/admin/auth/me", parameters={}
2026-04-15T19:16:19.556+08:00 DEBUG 15660 --- [ai-gateway] [nio-9988-exec-5] s.w.s.m.m.a.RequestMappingHandlerMapping : Mapped to com.zxw.modules.auth.controller.AdminAuthController#me()
2026-04-15T19:16:19.559+08:00 DEBUG 15660 --- [ai-gateway] [nio-9988-exec-5] o.s.jdbc.core.JdbcTemplate               : Executing prepared SQL query
2026-04-15T19:16:19.560+08:00 DEBUG 15660 --- [ai-gateway] [nio-9988-exec-5] o.s.jdbc.core.JdbcTemplate               : Executing prepared SQL statement [select u.id, u.username, u.nickname, u.role_code, coalesce(w.balance, 0) as balance
from users
left join wallets w on w.user_id = u.id
where u.id = ? and u.deleted = 0
]
2026-04-15T19:16:19.565+08:00 DEBUG 15660 --- [ai-gateway] [nio-9988-exec-5] .m.m.a.ExceptionHandlerExceptionResolver : Using @ExceptionHandler com.zxw.common.exception.GlobalExceptionHandler#handleOther(Exception, HttpServletRequest)
2026-04-15T19:16:19.567+08:00 DEBUG 15660 --- [ai-gateway] [nio-9988-exec-5] o.s.w.s.m.m.a.HttpEntityMethodProcessor  : Found 'Content-Type:application/json' in response
2026-04-15T19:16:19.569+08:00 DEBUG 15660 --- [ai-gateway] [nio-9988-exec-5] o.s.w.s.m.m.a.HttpEntityMethodProcessor  : Writing [ApiResponse[success=false, message=PreparedStatementCallback; bad SQL grammar [select u.id, u.userna (truncated)...]
2026-04-15T19:16:19.573+08:00 DEBUG 15660 --- [ai-gateway] [nio-9988-exec-5] .m.m.a.ExceptionHandlerExceptionResolver : Resolved [org.springframework.jdbc.BadSqlGrammarException: PreparedStatementCallback; bad SQL grammar [select u.id, u.username, u.nickname, u.role_code, coalesce(w.balance, 0) as balance<EOL>from users<EOL>left join wallets w on w.user_id = u.id<EOL>where u.id = ? and u.deleted = 0<EOL>]]
2026-04-15T19:16:19.574+08:00 DEBUG 15660 --- [ai-gateway] [nio-9988-exec-5] o.s.web.servlet.DispatcherServlet        : Completed 500 INTERNAL_SERVER_ERROR
2026-04-15T19:16:35.005+08:00 DEBUG 15660 --- [ai-gateway] [nio-9988-exec-6] o.s.web.servlet.DispatcherServlet        : POST "/admin/auth/login", parameters={}
2026-04-15T19:16:35.007+08:00 DEBUG 15660 --- [ai-gateway] [nio-9988-exec-6] s.w.s.m.m.a.RequestMappingHandlerMapping : Mapped to com.zxw.modules.auth.controller.AdminAuthController#login(AdminLoginRequest)
2026-04-15T19:16:35.264+08:00 DEBUG 15660 --- [ai-gateway] [nio-9988-exec-6] m.m.a.RequestResponseBodyMethodProcessor : Read "application/json;charset=UTF-8" to [AdminLoginRequest[username=admin, password=admin123456]]
2026-04-15T19:16:35.424+08:00 DEBUG 15660 --- [ai-gateway] [nio-9988-exec-6] o.s.jdbc.core.JdbcTemplate               : Executing prepared SQL query
2026-04-15T19:16:35.425+08:00 DEBUG 15660 --- [ai-gateway] [nio-9988-exec-6] o.s.jdbc.core.JdbcTemplate               : Executing prepared SQL statement [select id, username, password_hash, nickname, role_code, status
from users
where username = ? and deleted = 0
limit 1
]
2026-04-15T19:16:35.596+08:00 DEBUG 15660 --- [ai-gateway] [nio-9988-exec-6] o.s.jdbc.core.JdbcTemplate               : Executing prepared SQL update
2026-04-15T19:16:35.599+08:00 DEBUG 15660 --- [ai-gateway] [nio-9988-exec-6] o.s.jdbc.core.JdbcTemplate               : Executing prepared SQL statement [update users set last_login_at = now() where id = ?]
2026-04-15T19:16:35.708+08:00 DEBUG 15660 --- [ai-gateway] [nio-9988-exec-6] o.s.jdbc.core.JdbcTemplate               : Executing prepared SQL query
2026-04-15T19:16:35.709+08:00 DEBUG 15660 --- [ai-gateway] [nio-9988-exec-6] o.s.jdbc.core.JdbcTemplate               : Executing prepared SQL statement [select coalesce(balance, 0) from wallets where user_id = ?]
2026-04-15T19:16:35.712+08:00 DEBUG 15660 --- [ai-gateway] [nio-9988-exec-6] m.m.a.RequestResponseBodyMethodProcessor : Using 'application/json', given [*/*] and supported [application/json, application/*+json]
2026-04-15T19:16:35.733+08:00 DEBUG 15660 --- [ai-gateway] [nio-9988-exec-6] m.m.a.RequestResponseBodyMethodProcessor : Writing [ApiResponse[success=true, message=登录成功, data=AdminLoginResponse[token=eyJhbGciOiJIUzI1NiJ9.eyJzdWIiO (truncated)...]
2026-04-15T19:16:35.740+08:00 DEBUG 15660 --- [ai-gateway] [nio-9988-exec-6] o.s.web.servlet.DispatcherServlet        : Completed 200 OK
2026-04-15T19:16:35.793+08:00 DEBUG 15660 --- [ai-gateway] [nio-9988-exec-7] o.s.web.servlet.DispatcherServlet        : GET "/admin/dashboard/overview", parameters={}
2026-04-15T19:16:35.795+08:00 DEBUG 15660 --- [ai-gateway] [nio-9988-exec-7] s.w.s.m.m.a.RequestMappingHandlerMapping : Mapped to com.zxw.modules.dashboard.controller.AdminDashboardController#overview()
2026-04-15T19:16:35.798+08:00 DEBUG 15660 --- [ai-gateway] [nio-9988-exec-8] o.s.web.servlet.DispatcherServlet        : GET "/admin/dashboard/trend?days=7", parameters={masked}
2026-04-15T19:16:35.800+08:00 DEBUG 15660 --- [ai-gateway] [nio-9988-exec-8] s.w.s.m.m.a.RequestMappingHandlerMapping : Mapped to com.zxw.modules.dashboard.controller.AdminDashboardController#trend(int)
2026-04-15T19:16:35.814+08:00 DEBUG 15660 --- [ai-gateway] [nio-9988-exec-7] o.s.jdbc.core.JdbcTemplate               : Executing SQL query [select
    (select count(*) from users) as user_count,
    (select count(*) from api_keys where deleted = 0) as api_key_count,
    (select count(*) from providers where deleted = 0) as provider_count,
    (select count(*) from models where deleted = 0) as model_count,
    (select count(*) from request_logs where request_date = curdate()) as request_count_today,
    coalesce((select sum(total_tokens) from request_logs where request_date = curdate()), 0) as total_tokens_today,
    coalesce((select sum(total_tokens) from usage_daily where stat_date >= curdate() - interval 6 day), 0) as total_tokens_7d,
    coalesce((select sum(case when direction = 'IN' then amount else 0 end)
              from transactions
              where transaction_date = curdate()), 0) as recharge_amount_today,
    coalesce((select sum(case when direction = 'OUT' then amount else 0 end)
              from transactions
              where transaction_date = curdate()), 0) as consume_amount_today,
    coalesce((select sum(balance) from wallets), 0) as wallet_balance_total
]
2026-04-15T19:16:35.820+08:00 DEBUG 15660 --- [ai-gateway] [nio-9988-exec-8] o.s.jdbc.core.JdbcTemplate               : Executing prepared SQL query
2026-04-15T19:16:35.821+08:00 DEBUG 15660 --- [ai-gateway] [nio-9988-exec-9] o.s.web.servlet.DispatcherServlet        : GET "/admin/request-logs?limit=50", parameters={masked}
2026-04-15T19:16:35.821+08:00 DEBUG 15660 --- [ai-gateway] [io-9988-exec-10] o.s.web.servlet.DispatcherServlet        : GET "/admin/models", parameters={}
2026-04-15T19:16:35.823+08:00 DEBUG 15660 --- [ai-gateway] [nio-9988-exec-8] o.s.jdbc.core.JdbcTemplate               : Executing prepared SQL statement [select stat_date, request_count, success_count, total_tokens, user_amount, cost_amount
from usage_daily
where stat_date >= curdate() - interval ? day
order by stat_date asc
]
2026-04-15T19:16:35.835+08:00 DEBUG 15660 --- [ai-gateway] [nio-9988-exec-1] o.s.web.servlet.DispatcherServlet        : GET "/admin/providers", parameters={}
2026-04-15T19:16:35.846+08:00 DEBUG 15660 --- [ai-gateway] [nio-9988-exec-1] s.w.s.m.m.a.RequestMappingHandlerMapping : Mapped to com.zxw.modules.provider.controller.AdminProviderController#list()
2026-04-15T19:16:35.841+08:00 DEBUG 15660 --- [ai-gateway] [nio-9988-exec-2] o.s.web.servlet.DispatcherServlet        : GET "/admin/dashboard/model-stats", parameters={}
2026-04-15T19:16:35.848+08:00 DEBUG 15660 --- [ai-gateway] [nio-9988-exec-2] s.w.s.m.m.a.RequestMappingHandlerMapping : Mapped to com.zxw.modules.dashboard.controller.AdminDashboardController#modelStats()
2026-04-15T19:16:35.843+08:00 DEBUG 15660 --- [ai-gateway] [io-9988-exec-10] s.w.s.m.m.a.RequestMappingHandlerMapping : Mapped to com.zxw.modules.model.controller.AdminModelController#list()
2026-04-15T19:16:35.846+08:00 DEBUG 15660 --- [ai-gateway] [nio-9988-exec-9] s.w.s.m.m.a.RequestMappingHandlerMapping : Mapped to com.zxw.modules.request.controller.AdminRequestLogController#list(int)
2026-04-15T19:16:35.864+08:00 DEBUG 15660 --- [ai-gateway] [nio-9988-exec-8] m.m.a.RequestResponseBodyMethodProcessor : Using 'application/json', given [*/*] and supported [application/json, application/*+json]
2026-04-15T19:16:35.872+08:00 DEBUG 15660 --- [ai-gateway] [nio-9988-exec-9] o.s.jdbc.core.JdbcTemplate               : Executing prepared SQL query
2026-04-15T19:16:35.873+08:00 DEBUG 15660 --- [ai-gateway] [nio-9988-exec-9] o.s.jdbc.core.JdbcTemplate               : Executing prepared SQL statement [select l.request_id, u.username, l.model_code, l.upstream_model, l.status_code,
       l.latency_ms, l.total_tokens, l.user_amount, l.cost_amount, l.success, l.created_at
from request_logs l
left join users u on u.id = l.user_id
order by l.id desc
limit ?
]
2026-04-15T19:16:35.878+08:00 DEBUG 15660 --- [ai-gateway] [nio-9988-exec-8] m.m.a.RequestResponseBodyMethodProcessor : Writing [ApiResponse[success=true, message=OK, data=[DashboardTrendPointResponse[statDate=2026-04-09, request (truncated)...]
2026-04-15T19:16:35.853+08:00 DEBUG 15660 --- [ai-gateway] [nio-9988-exec-2] o.s.jdbc.core.JdbcTemplate               : Executing SQL query [select model_code,
       coalesce(group_concat(distinct upstream_model order by upstream_model separator ', '), '') as upstream_models,
       count(*) as request_count,
       coalesce(sum(total_tokens), 0) as total_tokens,
       coalesce(avg(latency_ms), 0) as avg_latency_ms,
       coalesce(sum(latency_ms), 0) as total_latency_ms,
       coalesce(sum(case when success = 1 then 1 else 0 end) * 100.0 / count(*), 0) as success_rate,
       coalesce(sum(user_amount), 0) as user_amount
from request_logs
where request_date >= date_format(curdate(), '%Y-%m-01')
group by model_code
order by request_count desc, total_tokens desc, model_code asc
]
2026-04-15T19:16:35.875+08:00 DEBUG 15660 --- [ai-gateway] [nio-9988-exec-1] o.s.jdbc.core.JdbcTemplate               : Executing SQL query [select p.id, p.provider_code, p.provider_name, p.base_url, p.provider_type,
       p.status, p.priority_no, p.timeout_ms, p.created_at,
       (select count(*) from provider_tokens t where t.provider_id = p.id and t.deleted = 0) as token_count
from providers p
where p.deleted = 0
order by p.priority_no asc, p.id desc
]
2026-04-15T19:16:35.875+08:00 DEBUG 15660 --- [ai-gateway] [io-9988-exec-10] o.s.jdbc.core.JdbcTemplate               : Executing SQL query [select m.id, m.model_code, m.model_name, m.model_type, m.billing_type, m.prompt_price,
       m.completion_price, m.multiplier, m.is_public, m.status, m.created_at,
       p.id as provider_id, p.provider_name, p.provider_type, r.upstream_model
from models m
left join model_routes r on r.model_id = m.id and r.status = 'ACTIVE'
left join providers p on p.id = r.provider_id
where m.deleted = 0
order by m.id desc
]
2026-04-15T19:16:35.888+08:00 DEBUG 15660 --- [ai-gateway] [nio-9988-exec-9] m.m.a.RequestResponseBodyMethodProcessor : Using 'application/json', given [*/*] and supported [application/json, application/*+json]
2026-04-15T19:16:35.891+08:00 DEBUG 15660 --- [ai-gateway] [nio-9988-exec-9] m.m.a.RequestResponseBodyMethodProcessor : Writing [ApiResponse[success=true, message=OK, data=[RequestLogItemResponse[requestId=req_f138434232ef452db8a (truncated)...]
2026-04-15T19:16:35.894+08:00 DEBUG 15660 --- [ai-gateway] [nio-9988-exec-1] m.m.a.RequestResponseBodyMethodProcessor : Using 'application/json', given [*/*] and supported [application/json, application/*+json]
2026-04-15T19:16:35.896+08:00 DEBUG 15660 --- [ai-gateway] [nio-9988-exec-9] o.s.web.servlet.DispatcherServlet        : Completed 200 OK
2026-04-15T19:16:35.903+08:00 DEBUG 15660 --- [ai-gateway] [io-9988-exec-10] m.m.a.RequestResponseBodyMethodProcessor : Using 'application/json', given [*/*] and supported [application/json, application/*+json]
2026-04-15T19:16:35.913+08:00 DEBUG 15660 --- [ai-gateway] [nio-9988-exec-8] o.s.web.servlet.DispatcherServlet        : Completed 200 OK
2026-04-15T19:16:35.919+08:00 DEBUG 15660 --- [ai-gateway] [nio-9988-exec-1] m.m.a.RequestResponseBodyMethodProcessor : Writing [ApiResponse[success=true, message=OK, data=[ProviderListItemResponse[id=10, providerCode=000, provid (truncated)...]
2026-04-15T19:16:35.931+08:00 DEBUG 15660 --- [ai-gateway] [io-9988-exec-10] m.m.a.RequestResponseBodyMethodProcessor : Writing [ApiResponse[success=true, message=OK, data=[ModelListItemResponse[id=32, modelCode=gpt-5.4-mini, mod (truncated)...]
2026-04-15T19:16:35.975+08:00 DEBUG 15660 --- [ai-gateway] [nio-9988-exec-1] o.s.web.servlet.DispatcherServlet        : Completed 200 OK
2026-04-15T19:16:35.979+08:00 DEBUG 15660 --- [ai-gateway] [io-9988-exec-10] o.s.web.servlet.DispatcherServlet        : Completed 200 OK
2026-04-15T19:16:36.006+08:00 DEBUG 15660 --- [ai-gateway] [nio-9988-exec-3] o.s.web.servlet.DispatcherServlet        : GET "/admin/api-keys", parameters={}
2026-04-15T19:16:36.009+08:00 DEBUG 15660 --- [ai-gateway] [nio-9988-exec-3] s.w.s.m.m.a.RequestMappingHandlerMapping : Mapped to com.zxw.modules.apikey.controller.AdminApiKeyController#list()
2026-04-15T19:16:36.007+08:00 DEBUG 15660 --- [ai-gateway] [nio-9988-exec-4] o.s.web.servlet.DispatcherServlet        : GET "/admin/users", parameters={}
2026-04-15T19:16:36.020+08:00 DEBUG 15660 --- [ai-gateway] [nio-9988-exec-4] s.w.s.m.m.a.RequestMappingHandlerMapping : Mapped to com.zxw.modules.user.controller.AdminUserController#list()
2026-04-15T19:16:36.023+08:00 DEBUG 15660 --- [ai-gateway] [nio-9988-exec-3] o.s.jdbc.core.JdbcTemplate               : Executing SQL query [select k.id, k.user_id, u.username, k.name, k.access_key, k.status,
       k.total_quota, k.used_quota, k.expires_at, k.last_used_at, k.created_at
from api_keys k
join users u on u.id = k.user_id
where k.deleted = 0
order by k.id desc
]
2026-04-15T19:16:36.027+08:00 DEBUG 15660 --- [ai-gateway] [nio-9988-exec-4] o.s.jdbc.core.JdbcTemplate               : Executing SQL query [select u.id, u.username, u.nickname, u.role_code, u.status, u.email, u.phone,
       u.last_login_at, u.created_at, coalesce(w.balance, 0) as balance
from users u
left join wallets w on w.user_id = u.id
where u.deleted = 0
order by u.id desc
]
2026-04-15T19:16:36.039+08:00 DEBUG 15660 --- [ai-gateway] [nio-9988-exec-3] m.m.a.RequestResponseBodyMethodProcessor : Using 'application/json', given [*/*] and supported [application/json, application/*+json]
2026-04-15T19:16:36.051+08:00 DEBUG 15660 --- [ai-gateway] [nio-9988-exec-3] m.m.a.RequestResponseBodyMethodProcessor : Writing [ApiResponse[success=true, message=OK, data=[ApiKeyListItemResponse[id=15, userId=2, username=2, name (truncated)...]
2026-04-15T19:16:36.055+08:00 DEBUG 15660 --- [ai-gateway] [nio-9988-exec-4] m.m.a.RequestResponseBodyMethodProcessor : Using 'application/json', given [*/*] and supported [application/json, application/*+json]
2026-04-15T19:16:36.064+08:00 DEBUG 15660 --- [ai-gateway] [nio-9988-exec-4] m.m.a.RequestResponseBodyMethodProcessor : Writing [ApiResponse[success=true, message=OK, data=[UserListItemResponse[id=15, username=11k, nickname=11k,  (truncated)...]
2026-04-15T19:16:36.073+08:00 DEBUG 15660 --- [ai-gateway] [nio-9988-exec-4] o.s.web.servlet.DispatcherServlet        : Completed 200 OK
2026-04-15T19:16:36.077+08:00 DEBUG 15660 --- [ai-gateway] [nio-9988-exec-3] o.s.web.servlet.DispatcherServlet        : Completed 200 OK
2026-04-15T19:16:36.111+08:00 DEBUG 15660 --- [ai-gateway] [nio-9988-exec-2] m.m.a.RequestResponseBodyMethodProcessor : Using 'application/json', given [*/*] and supported [application/json, application/*+json]
2026-04-15T19:16:36.172+08:00 DEBUG 15660 --- [ai-gateway] [nio-9988-exec-2] m.m.a.RequestResponseBodyMethodProcessor : Writing [ApiResponse[success=true, message=OK, data=[DashboardModelStatResponse[modelCode=gpt-5.4, upstreamMo (truncated)...]
2026-04-15T19:16:36.210+08:00 DEBUG 15660 --- [ai-gateway] [nio-9988-exec-2] o.s.web.servlet.DispatcherServlet        : Completed 200 OK
2026-04-15T19:16:36.216+08:00 DEBUG 15660 --- [ai-gateway] [nio-9988-exec-7] m.m.a.RequestResponseBodyMethodProcessor : Using 'application/json', given [*/*] and supported [application/json, application/*+json]
2026-04-15T19:16:36.226+08:00 DEBUG 15660 --- [ai-gateway] [nio-9988-exec-7] m.m.a.RequestResponseBodyMethodProcessor : Writing [ApiResponse[success=true, message=OK, data=DashboardOverviewResponse[userCount=14, apiKeyCount=13, p (truncated)...]
2026-04-15T19:16:36.232+08:00 DEBUG 15660 --- [ai-gateway] [nio-9988-exec-7] o.s.web.servlet.DispatcherServlet        : Completed 200 OK
2026-04-15T19:16:39.705+08:00 DEBUG 15660 --- [ai-gateway] [nio-9988-exec-5] o.s.web.servlet.DispatcherServlet        : GET "/admin/request-logs?limit=50", parameters={masked}
2026-04-15T19:16:39.707+08:00 DEBUG 15660 --- [ai-gateway] [nio-9988-exec-5] s.w.s.m.m.a.RequestMappingHandlerMapping : Mapped to com.zxw.modules.request.controller.AdminRequestLogController#list(int)
2026-04-15T19:16:39.710+08:00 DEBUG 15660 --- [ai-gateway] [nio-9988-exec-5] o.s.jdbc.core.JdbcTemplate               : Executing prepared SQL query
2026-04-15T19:16:39.712+08:00 DEBUG 15660 --- [ai-gateway] [nio-9988-exec-5] o.s.jdbc.core.JdbcTemplate               : Executing prepared SQL statement [select l.request_id, u.username, l.model_code, l.upstream_model, l.status_code,
       l.latency_ms, l.total_tokens, l.user_amount, l.cost_amount, l.success, l.created_at
from request_logs l
left join users u on u.id = l.user_id
order by l.id desc
limit ?
]
2026-04-15T19:16:39.718+08:00 DEBUG 15660 --- [ai-gateway] [nio-9988-exec-5] m.m.a.RequestResponseBodyMethodProcessor : Using 'application/json', given [*/*] and supported [application/json, application/*+json]
2026-04-15T19:16:39.722+08:00 DEBUG 15660 --- [ai-gateway] [nio-9988-exec-5] m.m.a.RequestResponseBodyMethodProcessor : Writing [ApiResponse[success=true, message=OK, data=[RequestLogItemResponse[requestId=req_f138434232ef452db8a (truncated)...]
2026-04-15T19:16:39.727+08:00 DEBUG 15660 --- [ai-gateway] [nio-9988-exec-5] o.s.web.servlet.DispatcherServlet        : Completed 200 OK
2026-04-15T19:16:39.998+08:00 DEBUG 15660 --- [ai-gateway] [nio-9988-exec-6] o.s.web.servlet.DispatcherServlet        : GET "/admin/request-logs?limit=50", parameters={masked}
2026-04-15T19:16:39.999+08:00 DEBUG 15660 --- [ai-gateway] [nio-9988-exec-6] s.w.s.m.m.a.RequestMappingHandlerMapping : Mapped to com.zxw.modules.request.controller.AdminRequestLogController#list(int)
2026-04-15T19:16:40.002+08:00 DEBUG 15660 --- [ai-gateway] [nio-9988-exec-6] o.s.jdbc.core.JdbcTemplate               : Executing prepared SQL query
2026-04-15T19:16:40.003+08:00 DEBUG 15660 --- [ai-gateway] [nio-9988-exec-6] o.s.jdbc.core.JdbcTemplate               : Executing prepared SQL statement [select l.request_id, u.username, l.model_code, l.upstream_model, l.status_code,
       l.latency_ms, l.total_tokens, l.user_amount, l.cost_amount, l.success, l.created_at
from request_logs l
left join users u on u.id = l.user_id
order by l.id desc
limit ?
]
2026-04-15T19:16:40.013+08:00 DEBUG 15660 --- [ai-gateway] [nio-9988-exec-6] m.m.a.RequestResponseBodyMethodProcessor : Using 'application/json', given [*/*] and supported [application/json, application/*+json]
2026-04-15T19:16:40.016+08:00 DEBUG 15660 --- [ai-gateway] [nio-9988-exec-6] m.m.a.RequestResponseBodyMethodProcessor : Writing [ApiResponse[success=true, message=OK, data=[RequestLogItemResponse[requestId=req_f138434232ef452db8a (truncated)...]
2026-04-15T19:16:40.019+08:00 DEBUG 15660 --- [ai-gateway] [nio-9988-exec-6] o.s.web.servlet.DispatcherServlet        : Completed 200 OK
2026-04-15T19:16:40.141+08:00 DEBUG 15660 --- [ai-gateway] [nio-9988-exec-9] o.s.web.servlet.DispatcherServlet        : GET "/admin/request-logs?limit=50", parameters={masked}
2026-04-15T19:16:40.142+08:00 DEBUG 15660 --- [ai-gateway] [nio-9988-exec-9] s.w.s.m.m.a.RequestMappingHandlerMapping : Mapped to com.zxw.modules.request.controller.AdminRequestLogController#list(int)
2026-04-15T19:16:40.145+08:00 DEBUG 15660 --- [ai-gateway] [nio-9988-exec-9] o.s.jdbc.core.JdbcTemplate               : Executing prepared SQL query
2026-04-15T19:16:40.147+08:00 DEBUG 15660 --- [ai-gateway] [nio-9988-exec-9] o.s.jdbc.core.JdbcTemplate               : Executing prepared SQL statement [select l.request_id, u.username, l.model_code, l.upstream_model, l.status_code,
       l.latency_ms, l.total_tokens, l.user_amount, l.cost_amount, l.success, l.created_at
from request_logs l
left join users u on u.id = l.user_id
order by l.id desc
limit ?
]
2026-04-15T19:16:40.152+08:00 DEBUG 15660 --- [ai-gateway] [nio-9988-exec-9] m.m.a.RequestResponseBodyMethodProcessor : Using 'application/json', given [*/*] and supported [application/json, application/*+json]
2026-04-15T19:16:40.155+08:00 DEBUG 15660 --- [ai-gateway] [nio-9988-exec-9] m.m.a.RequestResponseBodyMethodProcessor : Writing [ApiResponse[success=true, message=OK, data=[RequestLogItemResponse[requestId=req_f138434232ef452db8a (truncated)...]
2026-04-15T19:16:40.158+08:00 DEBUG 15660 --- [ai-gateway] [nio-9988-exec-9] o.s.web.servlet.DispatcherServlet        : Completed 200 OK
2026-04-15T19:16:40.291+08:00 DEBUG 15660 --- [ai-gateway] [nio-9988-exec-8] o.s.web.servlet.DispatcherServlet        : GET "/admin/request-logs?limit=50", parameters={masked}
2026-04-15T19:16:40.292+08:00 DEBUG 15660 --- [ai-gateway] [nio-9988-exec-8] s.w.s.m.m.a.RequestMappingHandlerMapping : Mapped to com.zxw.modules.request.controller.AdminRequestLogController#list(int)
2026-04-15T19:16:40.296+08:00 DEBUG 15660 --- [ai-gateway] [nio-9988-exec-8] o.s.jdbc.core.JdbcTemplate               : Executing prepared SQL query
2026-04-15T19:16:40.297+08:00 DEBUG 15660 --- [ai-gateway] [nio-9988-exec-8] o.s.jdbc.core.JdbcTemplate               : Executing prepared SQL statement [select l.request_id, u.username, l.model_code, l.upstream_model, l.status_code,
       l.latency_ms, l.total_tokens, l.user_amount, l.cost_amount, l.success, l.created_at
from request_logs l
left join users u on u.id = l.user_id
order by l.id desc
limit ?
]
2026-04-15T19:16:40.302+08:00 DEBUG 15660 --- [ai-gateway] [nio-9988-exec-8] m.m.a.RequestResponseBodyMethodProcessor : Using 'application/json', given [*/*] and supported [application/json, application/*+json]
2026-04-15T19:16:40.305+08:00 DEBUG 15660 --- [ai-gateway] [nio-9988-exec-8] m.m.a.RequestResponseBodyMethodProcessor : Writing [ApiResponse[success=true, message=OK, data=[RequestLogItemResponse[requestId=req_f138434232ef452db8a (truncated)...]
2026-04-15T19:16:40.308+08:00 DEBUG 15660 --- [ai-gateway] [nio-9988-exec-8] o.s.web.servlet.DispatcherServlet        : Completed 200 OK
2026-04-15T19:16:40.431+08:00 DEBUG 15660 --- [ai-gateway] [nio-9988-exec-1] o.s.web.servlet.DispatcherServlet        : GET "/admin/request-logs?limit=50", parameters={masked}
2026-04-15T19:16:40.433+08:00 DEBUG 15660 --- [ai-gateway] [nio-9988-exec-1] s.w.s.m.m.a.RequestMappingHandlerMapping : Mapped to com.zxw.modules.request.controller.AdminRequestLogController#list(int)
2026-04-15T19:16:40.440+08:00 DEBUG 15660 --- [ai-gateway] [nio-9988-exec-1] o.s.jdbc.core.JdbcTemplate               : Executing prepared SQL query
2026-04-15T19:16:40.442+08:00 DEBUG 15660 --- [ai-gateway] [nio-9988-exec-1] o.s.jdbc.core.JdbcTemplate               : Executing prepared SQL statement [select l.request_id, u.username, l.model_code, l.upstream_model, l.status_code,
       l.latency_ms, l.total_tokens, l.user_amount, l.cost_amount, l.success, l.created_at
from request_logs l
left join users u on u.id = l.user_id
order by l.id desc
limit ?
]
2026-04-15T19:16:40.453+08:00 DEBUG 15660 --- [ai-gateway] [nio-9988-exec-1] m.m.a.RequestResponseBodyMethodProcessor : Using 'application/json', given [*/*] and supported [application/json, application/*+json]
2026-04-15T19:16:40.455+08:00 DEBUG 15660 --- [ai-gateway] [nio-9988-exec-1] m.m.a.RequestResponseBodyMethodProcessor : Writing [ApiResponse[success=true, message=OK, data=[RequestLogItemResponse[requestId=req_f138434232ef452db8a (truncated)...]
2026-04-15T19:16:40.459+08:00 DEBUG 15660 --- [ai-gateway] [nio-9988-exec-1] o.s.web.servlet.DispatcherServlet        : Completed 200 OK
2026-04-15T19:16:40.565+08:00 DEBUG 15660 --- [ai-gateway] [io-9988-exec-10] o.s.web.servlet.DispatcherServlet        : GET "/admin/request-logs?limit=50", parameters={masked}
2026-04-15T19:16:40.567+08:00 DEBUG 15660 --- [ai-gateway] [io-9988-exec-10] s.w.s.m.m.a.RequestMappingHandlerMapping : Mapped to com.zxw.modules.request.controller.AdminRequestLogController#list(int)
2026-04-15T19:16:40.570+08:00 DEBUG 15660 --- [ai-gateway] [io-9988-exec-10] o.s.jdbc.core.JdbcTemplate               : Executing prepared SQL query
2026-04-15T19:16:40.573+08:00 DEBUG 15660 --- [ai-gateway] [io-9988-exec-10] o.s.jdbc.core.JdbcTemplate               : Executing prepared SQL statement [select l.request_id, u.username, l.model_code, l.upstream_model, l.status_code,
       l.latency_ms, l.total_tokens, l.user_amount, l.cost_amount, l.success, l.created_at
from request_logs l
left join users u on u.id = l.user_id
order by l.id desc
limit ?
]
2026-04-15T19:16:40.582+08:00 DEBUG 15660 --- [ai-gateway] [io-9988-exec-10] m.m.a.RequestResponseBodyMethodProcessor : Using 'application/json', given [*/*] and supported [application/json, application/*+json]
2026-04-15T19:16:40.585+08:00 DEBUG 15660 --- [ai-gateway] [io-9988-exec-10] m.m.a.RequestResponseBodyMethodProcessor : Writing [ApiResponse[success=true, message=OK, data=[RequestLogItemResponse[requestId=req_f138434232ef452db8a (truncated)...]
2026-04-15T19:16:40.591+08:00 DEBUG 15660 --- [ai-gateway] [io-9988-exec-10] o.s.web.servlet.DispatcherServlet        : Completed 200 OK
2026-04-15T19:17:55.559+08:00 DEBUG 15660 --- [ai-gateway] [nio-9988-exec-9] o.s.web.servlet.DispatcherServlet        : GET "/admin/request-logs?limit=50", parameters={masked}
2026-04-15T19:17:55.560+08:00 DEBUG 15660 --- [ai-gateway] [nio-9988-exec-9] s.w.s.m.m.a.RequestMappingHandlerMapping : Mapped to com.zxw.modules.request.controller.AdminRequestLogController#list(int)
2026-04-15T19:17:55.564+08:00 DEBUG 15660 --- [ai-gateway] [nio-9988-exec-9] o.s.jdbc.core.JdbcTemplate               : Executing prepared SQL query
2026-04-15T19:17:55.565+08:00 DEBUG 15660 --- [ai-gateway] [nio-9988-exec-9] o.s.jdbc.core.JdbcTemplate               : Executing prepared SQL statement [select l.request_id, u.username, l.model_code, l.upstream_model, l.status_code,
       l.latency_ms, l.total_tokens, l.user_amount, l.cost_amount, l.success, l.created_at
from request_logs l
left join users u on u.id = l.user_id
order by l.id desc
limit ?
]
2026-04-15T19:17:55.570+08:00 DEBUG 15660 --- [ai-gateway] [nio-9988-exec-9] m.m.a.RequestResponseBodyMethodProcessor : Using 'application/json', given [*/*] and supported [application/json, application/*+json]
2026-04-15T19:17:55.573+08:00 DEBUG 15660 --- [ai-gateway] [nio-9988-exec-9] m.m.a.RequestResponseBodyMethodProcessor : Writing [ApiResponse[success=true, message=OK, data=[RequestLogItemResponse[requestId=req_f138434232ef452db8a (truncated)...]
2026-04-15T19:17:55.576+08:00 DEBUG 15660 --- [ai-gateway] [nio-9988-exec-9] o.s.web.servlet.DispatcherServlet        : Completed 200 OK
2026-04-15T19:17:56.002+08:00 DEBUG 15660 --- [ai-gateway] [nio-9988-exec-8] o.s.web.servlet.DispatcherServlet        : GET "/admin/request-logs?limit=50", parameters={masked}
2026-04-15T19:17:56.004+08:00 DEBUG 15660 --- [ai-gateway] [nio-9988-exec-8] s.w.s.m.m.a.RequestMappingHandlerMapping : Mapped to com.zxw.modules.request.controller.AdminRequestLogController#list(int)
2026-04-15T19:17:56.007+08:00 DEBUG 15660 --- [ai-gateway] [nio-9988-exec-8] o.s.jdbc.core.JdbcTemplate               : Executing prepared SQL query
2026-04-15T19:17:56.008+08:00 DEBUG 15660 --- [ai-gateway] [nio-9988-exec-8] o.s.jdbc.core.JdbcTemplate               : Executing prepared SQL statement [select l.request_id, u.username, l.model_code, l.upstream_model, l.status_code,
       l.latency_ms, l.total_tokens, l.user_amount, l.cost_amount, l.success, l.created_at
from request_logs l
left join users u on u.id = l.user_id
order by l.id desc
limit ?
]
2026-04-15T19:17:56.012+08:00 DEBUG 15660 --- [ai-gateway] [nio-9988-exec-8] m.m.a.RequestResponseBodyMethodProcessor : Using 'application/json', given [*/*] and supported [application/json, application/*+json]
2026-04-15T19:17:56.014+08:00 DEBUG 15660 --- [ai-gateway] [nio-9988-exec-8] m.m.a.RequestResponseBodyMethodProcessor : Writing [ApiResponse[success=true, message=OK, data=[RequestLogItemResponse[requestId=req_f138434232ef452db8a (truncated)...]
2026-04-15T19:17:56.016+08:00 DEBUG 15660 --- [ai-gateway] [nio-9988-exec-8] o.s.web.servlet.DispatcherServlet        : Completed 200 OK
2026-04-15T19:17:56.160+08:00 DEBUG 15660 --- [ai-gateway] [nio-9988-exec-1] o.s.web.servlet.DispatcherServlet        : GET "/admin/request-logs?limit=50", parameters={masked}
2026-04-15T19:17:56.161+08:00 DEBUG 15660 --- [ai-gateway] [nio-9988-exec-1] s.w.s.m.m.a.RequestMappingHandlerMapping : Mapped to com.zxw.modules.request.controller.AdminRequestLogController#list(int)
2026-04-15T19:17:56.164+08:00 DEBUG 15660 --- [ai-gateway] [nio-9988-exec-1] o.s.jdbc.core.JdbcTemplate               : Executing prepared SQL query
2026-04-15T19:17:56.165+08:00 DEBUG 15660 --- [ai-gateway] [nio-9988-exec-1] o.s.jdbc.core.JdbcTemplate               : Executing prepared SQL statement [select l.request_id, u.username, l.model_code, l.upstream_model, l.status_code,
       l.latency_ms, l.total_tokens, l.user_amount, l.cost_amount, l.success, l.created_at
from request_logs l
left join users u on u.id = l.user_id
order by l.id desc
limit ?
]
2026-04-15T19:17:56.173+08:00 DEBUG 15660 --- [ai-gateway] [nio-9988-exec-1] m.m.a.RequestResponseBodyMethodProcessor : Using 'application/json', given [*/*] and supported [application/json, application/*+json]
2026-04-15T19:17:56.176+08:00 DEBUG 15660 --- [ai-gateway] [nio-9988-exec-1] m.m.a.RequestResponseBodyMethodProcessor : Writing [ApiResponse[success=true, message=OK, data=[RequestLogItemResponse[requestId=req_f138434232ef452db8a (truncated)...]
2026-04-15T19:17:56.179+08:00 DEBUG 15660 --- [ai-gateway] [nio-9988-exec-1] o.s.web.servlet.DispatcherServlet        : Completed 200 OK
2026-04-15T19:17:56.269+08:00 DEBUG 15660 --- [ai-gateway] [nio-9988-exec-4] o.s.web.servlet.DispatcherServlet        : GET "/admin/request-logs?limit=50", parameters={masked}
2026-04-15T19:17:56.270+08:00 DEBUG 15660 --- [ai-gateway] [nio-9988-exec-4] s.w.s.m.m.a.RequestMappingHandlerMapping : Mapped to com.zxw.modules.request.controller.AdminRequestLogController#list(int)
2026-04-15T19:17:56.273+08:00 DEBUG 15660 --- [ai-gateway] [nio-9988-exec-4] o.s.jdbc.core.JdbcTemplate               : Executing prepared SQL query
2026-04-15T19:17:56.274+08:00 DEBUG 15660 --- [ai-gateway] [nio-9988-exec-4] o.s.jdbc.core.JdbcTemplate               : Executing prepared SQL statement [select l.request_id, u.username, l.model_code, l.upstream_model, l.status_code,
       l.latency_ms, l.total_tokens, l.user_amount, l.cost_amount, l.success, l.created_at
from request_logs l
left join users u on u.id = l.user_id
order by l.id desc
limit ?
]
2026-04-15T19:17:56.278+08:00 DEBUG 15660 --- [ai-gateway] [nio-9988-exec-4] m.m.a.RequestResponseBodyMethodProcessor : Using 'application/json', given [*/*] and supported [application/json, application/*+json]
2026-04-15T19:17:56.280+08:00 DEBUG 15660 --- [ai-gateway] [nio-9988-exec-4] m.m.a.RequestResponseBodyMethodProcessor : Writing [ApiResponse[success=true, message=OK, data=[RequestLogItemResponse[requestId=req_f138434232ef452db8a (truncated)...]
2026-04-15T19:17:56.282+08:00 DEBUG 15660 --- [ai-gateway] [nio-9988-exec-4] o.s.web.servlet.DispatcherServlet        : Completed 200 OK
2026-04-15T19:17:56.392+08:00 DEBUG 15660 --- [ai-gateway] [nio-9988-exec-7] o.s.web.servlet.DispatcherServlet        : GET "/admin/request-logs?limit=50", parameters={masked}
2026-04-15T19:17:56.396+08:00 DEBUG 15660 --- [ai-gateway] [nio-9988-exec-7] s.w.s.m.m.a.RequestMappingHandlerMapping : Mapped to com.zxw.modules.request.controller.AdminRequestLogController#list(int)
2026-04-15T19:17:56.399+08:00 DEBUG 15660 --- [ai-gateway] [nio-9988-exec-7] o.s.jdbc.core.JdbcTemplate               : Executing prepared SQL query
2026-04-15T19:17:56.400+08:00 DEBUG 15660 --- [ai-gateway] [nio-9988-exec-7] o.s.jdbc.core.JdbcTemplate               : Executing prepared SQL statement [select l.request_id, u.username, l.model_code, l.upstream_model, l.status_code,
       l.latency_ms, l.total_tokens, l.user_amount, l.cost_amount, l.success, l.created_at
from request_logs l
left join users u on u.id = l.user_id
order by l.id desc
limit ?
]
2026-04-15T19:17:56.405+08:00 DEBUG 15660 --- [ai-gateway] [nio-9988-exec-7] m.m.a.RequestResponseBodyMethodProcessor : Using 'application/json', given [*/*] and supported [application/json, application/*+json]
2026-04-15T19:17:56.407+08:00 DEBUG 15660 --- [ai-gateway] [nio-9988-exec-7] m.m.a.RequestResponseBodyMethodProcessor : Writing [ApiResponse[success=true, message=OK, data=[RequestLogItemResponse[requestId=req_f138434232ef452db8a (truncated)...]
2026-04-15T19:17:56.410+08:00 DEBUG 15660 --- [ai-gateway] [nio-9988-exec-7] o.s.web.servlet.DispatcherServlet        : Completed 200 OK
2026-04-15T19:17:56.511+08:00 DEBUG 15660 --- [ai-gateway] [nio-9988-exec-5] o.s.web.servlet.DispatcherServlet        : GET "/admin/request-logs?limit=50", parameters={masked}
2026-04-15T19:17:56.516+08:00 DEBUG 15660 --- [ai-gateway] [nio-9988-exec-5] s.w.s.m.m.a.RequestMappingHandlerMapping : Mapped to com.zxw.modules.request.controller.AdminRequestLogController#list(int)
2026-04-15T19:17:56.520+08:00 DEBUG 15660 --- [ai-gateway] [nio-9988-exec-5] o.s.jdbc.core.JdbcTemplate               : Executing prepared SQL query
2026-04-15T19:17:56.521+08:00 DEBUG 15660 --- [ai-gateway] [nio-9988-exec-5] o.s.jdbc.core.JdbcTemplate               : Executing prepared SQL statement [select l.request_id, u.username, l.model_code, l.upstream_model, l.status_code,
       l.latency_ms, l.total_tokens, l.user_amount, l.cost_amount, l.success, l.created_at
from request_logs l
left join users u on u.id = l.user_id
order by l.id desc
limit ?
]
2026-04-15T19:17:56.524+08:00 DEBUG 15660 --- [ai-gateway] [nio-9988-exec-5] m.m.a.RequestResponseBodyMethodProcessor : Using 'application/json', given [*/*] and supported [application/json, application/*+json]
2026-04-15T19:17:56.526+08:00 DEBUG 15660 --- [ai-gateway] [nio-9988-exec-5] m.m.a.RequestResponseBodyMethodProcessor : Writing [ApiResponse[success=true, message=OK, data=[RequestLogItemResponse[requestId=req_f138434232ef452db8a (truncated)...]
2026-04-15T19:17:56.529+08:00 DEBUG 15660 --- [ai-gateway] [nio-9988-exec-5] o.s.web.servlet.DispatcherServlet        : Completed 200 OK
2026-04-15T19:17:56.652+08:00 DEBUG 15660 --- [ai-gateway] [nio-9988-exec-3] o.s.web.servlet.DispatcherServlet        : GET "/admin/request-logs?limit=50", parameters={masked}
2026-04-15T19:17:56.653+08:00 DEBUG 15660 --- [ai-gateway] [nio-9988-exec-3] s.w.s.m.m.a.RequestMappingHandlerMapping : Mapped to com.zxw.modules.request.controller.AdminRequestLogController#list(int)
2026-04-15T19:17:56.656+08:00 DEBUG 15660 --- [ai-gateway] [nio-9988-exec-3] o.s.jdbc.core.JdbcTemplate               : Executing prepared SQL query
2026-04-15T19:17:56.657+08:00 DEBUG 15660 --- [ai-gateway] [nio-9988-exec-3] o.s.jdbc.core.JdbcTemplate               : Executing prepared SQL statement [select l.request_id, u.username, l.model_code, l.upstream_model, l.status_code,
       l.latency_ms, l.total_tokens, l.user_amount, l.cost_amount, l.success, l.created_at
from request_logs l
left join users u on u.id = l.user_id
order by l.id desc
limit ?
]
2026-04-15T19:17:56.661+08:00 DEBUG 15660 --- [ai-gateway] [nio-9988-exec-3] m.m.a.RequestResponseBodyMethodProcessor : Using 'application/json', given [*/*] and supported [application/json, application/*+json]
2026-04-15T19:17:56.662+08:00 DEBUG 15660 --- [ai-gateway] [nio-9988-exec-3] m.m.a.RequestResponseBodyMethodProcessor : Writing [ApiResponse[success=true, message=OK, data=[RequestLogItemResponse[requestId=req_f138434232ef452db8a (truncated)...]
2026-04-15T19:17:56.665+08:00 DEBUG 15660 --- [ai-gateway] [nio-9988-exec-3] o.s.web.servlet.DispatcherServlet        : Completed 200 OK
2026-04-15T19:17:56.779+08:00 DEBUG 15660 --- [ai-gateway] [nio-9988-exec-2] o.s.web.servlet.DispatcherServlet        : GET "/admin/request-logs?limit=50", parameters={masked}
2026-04-15T19:17:56.780+08:00 DEBUG 15660 --- [ai-gateway] [nio-9988-exec-2] s.w.s.m.m.a.RequestMappingHandlerMapping : Mapped to com.zxw.modules.request.controller.AdminRequestLogController#list(int)
2026-04-15T19:17:56.782+08:00 DEBUG 15660 --- [ai-gateway] [nio-9988-exec-2] o.s.jdbc.core.JdbcTemplate               : Executing prepared SQL query
2026-04-15T19:17:56.783+08:00 DEBUG 15660 --- [ai-gateway] [nio-9988-exec-2] o.s.jdbc.core.JdbcTemplate               : Executing prepared SQL statement [select l.request_id, u.username, l.model_code, l.upstream_model, l.status_code,
       l.latency_ms, l.total_tokens, l.user_amount, l.cost_amount, l.success, l.created_at
from request_logs l
left join users u on u.id = l.user_id
order by l.id desc
limit ?
]
2026-04-15T19:17:56.792+08:00 DEBUG 15660 --- [ai-gateway] [nio-9988-exec-2] m.m.a.RequestResponseBodyMethodProcessor : Using 'application/json', given [*/*] and supported [application/json, application/*+json]
2026-04-15T19:17:56.794+08:00 DEBUG 15660 --- [ai-gateway] [nio-9988-exec-2] m.m.a.RequestResponseBodyMethodProcessor : Writing [ApiResponse[success=true, message=OK, data=[RequestLogItemResponse[requestId=req_f138434232ef452db8a (truncated)...]
2026-04-15T19:17:56.796+08:00 DEBUG 15660 --- [ai-gateway] [nio-9988-exec-2] o.s.web.servlet.DispatcherServlet        : Completed 200 OK
2026-04-15T19:17:56.907+08:00 DEBUG 15660 --- [ai-gateway] [nio-9988-exec-6] o.s.web.servlet.DispatcherServlet        : GET "/admin/request-logs?limit=50", parameters={masked}
2026-04-15T19:17:56.908+08:00 DEBUG 15660 --- [ai-gateway] [nio-9988-exec-6] s.w.s.m.m.a.RequestMappingHandlerMapping : Mapped to com.zxw.modules.request.controller.AdminRequestLogController#list(int)
2026-04-15T19:17:56.910+08:00 DEBUG 15660 --- [ai-gateway] [nio-9988-exec-6] o.s.jdbc.core.JdbcTemplate               : Executing prepared SQL query
2026-04-15T19:17:56.911+08:00 DEBUG 15660 --- [ai-gateway] [nio-9988-exec-6] o.s.jdbc.core.JdbcTemplate               : Executing prepared SQL statement [select l.request_id, u.username, l.model_code, l.upstream_model, l.status_code,
       l.latency_ms, l.total_tokens, l.user_amount, l.cost_amount, l.success, l.created_at
from request_logs l
left join users u on u.id = l.user_id
order by l.id desc
limit ?
]
2026-04-15T19:17:56.915+08:00 DEBUG 15660 --- [ai-gateway] [nio-9988-exec-6] m.m.a.RequestResponseBodyMethodProcessor : Using 'application/json', given [*/*] and supported [application/json, application/*+json]
2026-04-15T19:17:56.916+08:00 DEBUG 15660 --- [ai-gateway] [nio-9988-exec-6] m.m.a.RequestResponseBodyMethodProcessor : Writing [ApiResponse[success=true, message=OK, data=[RequestLogItemResponse[requestId=req_f138434232ef452db8a (truncated)...]
2026-04-15T19:17:56.919+08:00 DEBUG 15660 --- [ai-gateway] [nio-9988-exec-6] o.s.web.servlet.DispatcherServlet        : Completed 200 OK
2026-04-15T19:17:57.050+08:00 DEBUG 15660 --- [ai-gateway] [nio-9988-exec-9] o.s.web.servlet.DispatcherServlet        : GET "/admin/request-logs?limit=50", parameters={masked}
2026-04-15T19:17:57.051+08:00 DEBUG 15660 --- [ai-gateway] [nio-9988-exec-9] s.w.s.m.m.a.RequestMappingHandlerMapping : Mapped to com.zxw.modules.request.controller.AdminRequestLogController#list(int)
2026-04-15T19:17:57.053+08:00 DEBUG 15660 --- [ai-gateway] [nio-9988-exec-9] o.s.jdbc.core.JdbcTemplate               : Executing prepared SQL query
2026-04-15T19:17:57.054+08:00 DEBUG 15660 --- [ai-gateway] [nio-9988-exec-9] o.s.jdbc.core.JdbcTemplate               : Executing prepared SQL statement [select l.request_id, u.username, l.model_code, l.upstream_model, l.status_code,
       l.latency_ms, l.total_tokens, l.user_amount, l.cost_amount, l.success, l.created_at
from request_logs l
left join users u on u.id = l.user_id
order by l.id desc
limit ?
]
2026-04-15T19:17:57.057+08:00 DEBUG 15660 --- [ai-gateway] [nio-9988-exec-9] m.m.a.RequestResponseBodyMethodProcessor : Using 'application/json', given [*/*] and supported [application/json, application/*+json]
2026-04-15T19:17:57.059+08:00 DEBUG 15660 --- [ai-gateway] [nio-9988-exec-9] m.m.a.RequestResponseBodyMethodProcessor : Writing [ApiResponse[success=true, message=OK, data=[RequestLogItemResponse[requestId=req_f138434232ef452db8a (truncated)...]
2026-04-15T19:17:57.061+08:00 DEBUG 15660 --- [ai-gateway] [nio-9988-exec-9] o.s.web.servlet.DispatcherServlet        : Completed 200 OK
2026-04-15T19:17:57.573+08:00 DEBUG 15660 --- [ai-gateway] [nio-9988-exec-8] o.s.web.servlet.DispatcherServlet        : GET "/admin/request-logs?limit=50", parameters={masked}
2026-04-15T19:17:57.575+08:00 DEBUG 15660 --- [ai-gateway] [nio-9988-exec-8] s.w.s.m.m.a.RequestMappingHandlerMapping : Mapped to com.zxw.modules.request.controller.AdminRequestLogController#list(int)
2026-04-15T19:17:57.578+08:00 DEBUG 15660 --- [ai-gateway] [nio-9988-exec-8] o.s.jdbc.core.JdbcTemplate               : Executing prepared SQL query
2026-04-15T19:17:57.578+08:00 DEBUG 15660 --- [ai-gateway] [nio-9988-exec-8] o.s.jdbc.core.JdbcTemplate               : Executing prepared SQL statement [select l.request_id, u.username, l.model_code, l.upstream_model, l.status_code,
       l.latency_ms, l.total_tokens, l.user_amount, l.cost_amount, l.success, l.created_at
from request_logs l
left join users u on u.id = l.user_id
order by l.id desc
limit ?
]
2026-04-15T19:17:57.582+08:00 DEBUG 15660 --- [ai-gateway] [nio-9988-exec-8] m.m.a.RequestResponseBodyMethodProcessor : Using 'application/json', given [*/*] and supported [application/json, application/*+json]
2026-04-15T19:17:57.584+08:00 DEBUG 15660 --- [ai-gateway] [nio-9988-exec-8] m.m.a.RequestResponseBodyMethodProcessor : Writing [ApiResponse[success=true, message=OK, data=[RequestLogItemResponse[requestId=req_f138434232ef452db8a (truncated)...]
2026-04-15T19:17:57.586+08:00 DEBUG 15660 --- [ai-gateway] [nio-9988-exec-8] o.s.web.servlet.DispatcherServlet        : Completed 200 OK
2026-04-15T19:17:57.963+08:00 DEBUG 15660 --- [ai-gateway] [nio-9988-exec-1] o.s.web.servlet.DispatcherServlet        : GET "/admin/request-logs?limit=50", parameters={masked}
2026-04-15T19:17:57.964+08:00 DEBUG 15660 --- [ai-gateway] [nio-9988-exec-1] s.w.s.m.m.a.RequestMappingHandlerMapping : Mapped to com.zxw.modules.request.controller.AdminRequestLogController#list(int)
2026-04-15T19:17:57.966+08:00 DEBUG 15660 --- [ai-gateway] [nio-9988-exec-1] o.s.jdbc.core.JdbcTemplate               : Executing prepared SQL query
2026-04-15T19:17:57.968+08:00 DEBUG 15660 --- [ai-gateway] [nio-9988-exec-1] o.s.jdbc.core.JdbcTemplate               : Executing prepared SQL statement [select l.request_id, u.username, l.model_code, l.upstream_model, l.status_code,
       l.latency_ms, l.total_tokens, l.user_amount, l.cost_amount, l.success, l.created_at
from request_logs l
left join users u on u.id = l.user_id
order by l.id desc
limit ?
]
2026-04-15T19:17:57.971+08:00 DEBUG 15660 --- [ai-gateway] [nio-9988-exec-1] m.m.a.RequestResponseBodyMethodProcessor : Using 'application/json', given [*/*] and supported [application/json, application/*+json]
2026-04-15T19:17:57.973+08:00 DEBUG 15660 --- [ai-gateway] [nio-9988-exec-1] m.m.a.RequestResponseBodyMethodProcessor : Writing [ApiResponse[success=true, message=OK, data=[RequestLogItemResponse[requestId=req_f138434232ef452db8a (truncated)...]
2026-04-15T19:17:57.975+08:00 DEBUG 15660 --- [ai-gateway] [nio-9988-exec-1] o.s.web.servlet.DispatcherServlet        : Completed 200 OK
2026-04-15T19:20:36.552+08:00 DEBUG 15660 --- [ai-gateway] [nio-9988-exec-4] o.s.web.servlet.DispatcherServlet        : POST "/v1/responses", parameters={}
2026-04-15T19:20:36.557+08:00 DEBUG 15660 --- [ai-gateway] [nio-9988-exec-4] s.w.s.m.m.a.RequestMappingHandlerMapping : Mapped to com.zxw.modules.gateway.controller.GatewayChatController#responses(String, String, HttpServletRequest)
2026-04-15T19:20:36.586+08:00 DEBUG 15660 --- [ai-gateway] [nio-9988-exec-4] m.m.a.RequestResponseBodyMethodProcessor : Read "application/json;charset=UTF-8" to ["{"model":"gpt-5.4","instructions":"You are Codex, a coding agent based on GPT-5. You and the user sh (truncated)..."]
2026-04-15T19:20:36.599+08:00 DEBUG 15660 --- [ai-gateway] [nio-9988-exec-4] o.s.jdbc.core.JdbcTemplate               : Executing prepared SQL query
2026-04-15T19:20:36.600+08:00 DEBUG 15660 --- [ai-gateway] [nio-9988-exec-4] o.s.jdbc.core.JdbcTemplate               : Executing prepared SQL statement [select k.id, k.user_id, k.secret_hash, k.status, k.total_quota, k.used_quota, k.expires_at,
       u.username, u.role_code, coalesce(w.balance, 0) as balance
from api_keys k
join users u on u.id = k.user_id and u.deleted = 0
left join wallets w on w.user_id = u.id
where k.access_key = ? and k.deleted = 0
]
2026-04-15T19:20:36.611+08:00 DEBUG 15660 --- [ai-gateway] [nio-9988-exec-7] o.s.web.servlet.DispatcherServlet        : GET "/admin/request-logs?limit=50", parameters={masked}
2026-04-15T19:20:36.612+08:00 DEBUG 15660 --- [ai-gateway] [nio-9988-exec-7] s.w.s.m.m.a.RequestMappingHandlerMapping : Mapped to com.zxw.modules.request.controller.AdminRequestLogController#list(int)
2026-04-15T19:20:36.615+08:00 DEBUG 15660 --- [ai-gateway] [nio-9988-exec-7] o.s.jdbc.core.JdbcTemplate               : Executing prepared SQL query
2026-04-15T19:20:36.616+08:00 DEBUG 15660 --- [ai-gateway] [nio-9988-exec-7] o.s.jdbc.core.JdbcTemplate               : Executing prepared SQL statement [select l.request_id, u.username, l.model_code, l.upstream_model, l.status_code,
       l.latency_ms, l.total_tokens, l.user_amount, l.cost_amount, l.success, l.created_at
from request_logs l
left join users u on u.id = l.user_id
order by l.id desc
limit ?
]
2026-04-15T19:20:36.623+08:00 DEBUG 15660 --- [ai-gateway] [nio-9988-exec-7] m.m.a.RequestResponseBodyMethodProcessor : Using 'application/json', given [*/*] and supported [application/json, application/*+json]
2026-04-15T19:20:36.625+08:00 DEBUG 15660 --- [ai-gateway] [nio-9988-exec-7] m.m.a.RequestResponseBodyMethodProcessor : Writing [ApiResponse[success=true, message=OK, data=[RequestLogItemResponse[requestId=req_f138434232ef452db8a (truncated)...]
2026-04-15T19:20:36.628+08:00 DEBUG 15660 --- [ai-gateway] [nio-9988-exec-7] o.s.web.servlet.DispatcherServlet        : Completed 200 OK
2026-04-15T19:20:36.746+08:00 DEBUG 15660 --- [ai-gateway] [nio-9988-exec-4] o.s.jdbc.core.JdbcTemplate               : Executing prepared SQL update
2026-04-15T19:20:36.747+08:00 DEBUG 15660 --- [ai-gateway] [nio-9988-exec-4] o.s.jdbc.core.JdbcTemplate               : Executing prepared SQL statement [update api_keys set last_used_at = now(), updated_at = now() where id = ?]
2026-04-15T19:20:36.811+08:00 DEBUG 15660 --- [ai-gateway] [nio-9988-exec-4] o.s.jdbc.core.JdbcTemplate               : Executing prepared SQL query
2026-04-15T19:20:36.813+08:00 DEBUG 15660 --- [ai-gateway] [nio-9988-exec-4] o.s.jdbc.core.JdbcTemplate               : Executing prepared SQL statement [select m.id as model_id, m.model_code, m.model_name, m.prompt_price, m.completion_price,
       m.request_price, m.multiplier, p.id as provider_id, p.provider_name, p.base_url, p.provider_type,
       p.timeout_ms, r.upstream_model, t.id as provider_token_id, t.token_value_encrypted
from models m
join model_routes r on r.model_id = m.id and r.status = 'ACTIVE'
join providers p on p.id = r.provider_id and p.deleted = 0 and p.status = 'ACTIVE'
join provider_tokens t on t.provider_id = p.id and t.deleted = 0 and t.status = 'ACTIVE'
where m.model_code = ? and m.deleted = 0 and m.status = 'ACTIVE'
order by r.priority_no asc, t.weight_no desc, t.id asc
limit 1
]
2026-04-15T19:20:36.976+08:00 DEBUG 15660 --- [ai-gateway] [nio-9988-exec-5] o.s.web.servlet.DispatcherServlet        : POST "/v1/responses", parameters={}
2026-04-15T19:20:36.977+08:00 DEBUG 15660 --- [ai-gateway] [nio-9988-exec-5] s.w.s.m.m.a.RequestMappingHandlerMapping : Mapped to com.zxw.modules.gateway.controller.GatewayChatController#responses(String, String, HttpServletRequest)
2026-04-15T19:20:37.006+08:00 DEBUG 15660 --- [ai-gateway] [nio-9988-exec-5] m.m.a.RequestResponseBodyMethodProcessor : Read "application/json;charset=UTF-8" to ["{"model":"gpt-5.4-mini","instructions":"You are Codex, a coding agent based on GPT-5. You and the us (truncated)..."]
2026-04-15T19:20:37.007+08:00 DEBUG 15660 --- [ai-gateway] [nio-9988-exec-5] o.s.jdbc.core.JdbcTemplate               : Executing prepared SQL query
2026-04-15T19:20:37.007+08:00 DEBUG 15660 --- [ai-gateway] [nio-9988-exec-5] o.s.jdbc.core.JdbcTemplate               : Executing prepared SQL statement [select k.id, k.user_id, k.secret_hash, k.status, k.total_quota, k.used_quota, k.expires_at,
       u.username, u.role_code, coalesce(w.balance, 0) as balance
from api_keys k
join users u on u.id = k.user_id and u.deleted = 0
left join wallets w on w.user_id = u.id
where k.access_key = ? and k.deleted = 0
]
2026-04-15T19:20:37.168+08:00 DEBUG 15660 --- [ai-gateway] [nio-9988-exec-5] o.s.jdbc.core.JdbcTemplate               : Executing prepared SQL update
2026-04-15T19:20:37.169+08:00 DEBUG 15660 --- [ai-gateway] [nio-9988-exec-5] o.s.jdbc.core.JdbcTemplate               : Executing prepared SQL statement [update api_keys set last_used_at = now(), updated_at = now() where id = ?]
2026-04-15T19:20:37.183+08:00 DEBUG 15660 --- [ai-gateway] [nio-9988-exec-5] o.s.jdbc.core.JdbcTemplate               : Executing prepared SQL query
2026-04-15T19:20:37.185+08:00 DEBUG 15660 --- [ai-gateway] [nio-9988-exec-5] o.s.jdbc.core.JdbcTemplate               : Executing prepared SQL statement [select m.id as model_id, m.model_code, m.model_name, m.prompt_price, m.completion_price,
       m.request_price, m.multiplier, p.id as provider_id, p.provider_name, p.base_url, p.provider_type,
       p.timeout_ms, r.upstream_model, t.id as provider_token_id, t.token_value_encrypted
from models m
join model_routes r on r.model_id = m.id and r.status = 'ACTIVE'
join providers p on p.id = r.provider_id and p.deleted = 0 and p.status = 'ACTIVE'
join provider_tokens t on t.provider_id = p.id and t.deleted = 0 and t.status = 'ACTIVE'
where m.model_code = ? and m.deleted = 0 and m.status = 'ACTIVE'
order by r.priority_no asc, t.weight_no desc, t.id asc
limit 1
]
2026-04-15T19:20:42.492+08:00 DEBUG 15660 --- [ai-gateway] [nio-9988-exec-4] o.s.jdbc.core.JdbcTemplate               : Executing prepared SQL update
2026-04-15T19:20:42.494+08:00 DEBUG 15660 --- [ai-gateway] [nio-9988-exec-4] o.s.jdbc.core.JdbcTemplate               : Executing prepared SQL statement [insert into request_logs (request_id, user_id, api_key_id, model_code, provider_id, provider_token_id, upstream_model,
                          request_path, request_method, request_ip, request_body_json, response_body_json,
                          prompt_tokens, completion_tokens, total_tokens, user_amount, cost_amount, latency_ms,
                          success, status_code, error_message, request_date, created_at)
values (?, ?, ?, ?, ?, ?, ?, ?, ?, ?, cast(? as json), cast(? as json), ?, ?, ?, ?, ?, ?, ?, ?, ?, ?, now())
]
2026-04-15T19:20:42.522+08:00 DEBUG 15660 --- [ai-gateway] [nio-9988-exec-4] o.s.jdbc.core.StatementCreatorUtils      : JDBC getParameterType call failed - using fallback method instead: java.sql.SQLException: Parameter metadata not available for the given statement
2026-04-15T19:20:42.629+08:00 DEBUG 15660 --- [ai-gateway] [nio-9988-exec-4] o.s.jdbc.core.JdbcTemplate               : Executing prepared SQL update
2026-04-15T19:20:42.630+08:00 DEBUG 15660 --- [ai-gateway] [nio-9988-exec-4] o.s.jdbc.core.JdbcTemplate               : Executing prepared SQL statement [update wallets
set balance = balance - ?, total_consume = total_consume + ?, updated_at = now()
where user_id = ?
]
2026-04-15T19:20:42.643+08:00 DEBUG 15660 --- [ai-gateway] [nio-9988-exec-4] o.s.jdbc.core.JdbcTemplate               : SQLWarning ignored: SQL state '01000', error code '1265', message [Data truncated for column 'balance' at row 1]
2026-04-15T19:20:42.644+08:00 DEBUG 15660 --- [ai-gateway] [nio-9988-exec-4] o.s.jdbc.core.JdbcTemplate               : SQLWarning ignored: SQL state '01000', error code '1265', message [Data truncated for column 'total_consume' at row 1]
2026-04-15T19:20:42.645+08:00 DEBUG 15660 --- [ai-gateway] [nio-9988-exec-4] o.s.jdbc.core.JdbcTemplate               : Executing prepared SQL query
2026-04-15T19:20:42.645+08:00 DEBUG 15660 --- [ai-gateway] [nio-9988-exec-4] o.s.jdbc.core.JdbcTemplate               : Executing prepared SQL statement [select id from wallets where user_id = ?]
2026-04-15T19:20:42.648+08:00 DEBUG 15660 --- [ai-gateway] [nio-9988-exec-4] o.s.jdbc.core.JdbcTemplate               : Executing prepared SQL query
2026-04-15T19:20:42.649+08:00 DEBUG 15660 --- [ai-gateway] [nio-9988-exec-4] o.s.jdbc.core.JdbcTemplate               : Executing prepared SQL statement [select balance from wallets where user_id = ?]
2026-04-15T19:20:42.659+08:00 DEBUG 15660 --- [ai-gateway] [nio-9988-exec-4] o.s.jdbc.core.JdbcTemplate               : Executing prepared SQL update
2026-04-15T19:20:42.660+08:00 DEBUG 15660 --- [ai-gateway] [nio-9988-exec-4] o.s.jdbc.core.JdbcTemplate               : Executing prepared SQL statement [insert into transactions (user_id, wallet_id, order_no, transaction_type, direction, amount,
                          balance_before, balance_after, status, description_text, transaction_date)
values (?, ?, ?, 'CONSUME', 'OUT', ?, ?, ?, 'SUCCESS', ?, curdate())
]
2026-04-15T19:20:42.670+08:00 DEBUG 15660 --- [ai-gateway] [nio-9988-exec-4] o.s.jdbc.core.JdbcTemplate               : SQLWarning ignored: SQL state '01000', error code '1265', message [Data truncated for column 'amount' at row 1]
2026-04-15T19:20:42.670+08:00 DEBUG 15660 --- [ai-gateway] [nio-9988-exec-4] o.s.jdbc.core.JdbcTemplate               : SQLWarning ignored: SQL state '01000', error code '1265', message [Data truncated for column 'balance_before' at row 1]
2026-04-15T19:20:42.672+08:00 DEBUG 15660 --- [ai-gateway] [nio-9988-exec-4] o.s.jdbc.core.JdbcTemplate               : Executing prepared SQL update
2026-04-15T19:20:42.673+08:00 DEBUG 15660 --- [ai-gateway] [nio-9988-exec-4] o.s.jdbc.core.JdbcTemplate               : Executing prepared SQL statement [update api_keys
set used_quota = used_quota + ?, updated_at = now()
where id = ?
]
2026-04-15T19:20:42.677+08:00 DEBUG 15660 --- [ai-gateway] [nio-9988-exec-4] o.s.jdbc.core.JdbcTemplate               : SQLWarning ignored: SQL state '01000', error code '1265', message [Data truncated for column 'used_quota' at row 1]
2026-04-15T19:20:42.679+08:00 DEBUG 15660 --- [ai-gateway] [nio-9988-exec-4] o.s.jdbc.core.JdbcTemplate               : Executing prepared SQL update
2026-04-15T19:20:42.679+08:00 DEBUG 15660 --- [ai-gateway] [nio-9988-exec-4] o.s.jdbc.core.JdbcTemplate               : Executing prepared SQL statement [insert into usage_daily (stat_date, user_id, model_code, provider_id, request_count, success_count, total_tokens, user_amount, cost_amount)
values (?, ?, ?, ?, 1, ?, ?, ?, ?)
on duplicate key update
    request_count = request_count + 1,
    success_count = success_count + values(success_count),
    total_tokens = total_tokens + values(total_tokens),
    user_amount = user_amount + values(user_amount),
    cost_amount = cost_amount + values(cost_amount),
    updated_at = now()
]
2026-04-15T19:20:42.689+08:00 DEBUG 15660 --- [ai-gateway] [nio-9988-exec-4] o.s.jdbc.core.JdbcTemplate               : SQLWarning ignored: SQL state 'HY000', error code '1287', message ['VALUES function' is deprecated and will be removed in a future release. Please use an alias (INSERT INTO ... VALUES (...) AS alias) and replace VALUES(col) in the ON DUPLICATE KEY UPDATE clause with alias.col instead]
2026-04-15T19:20:42.690+08:00 DEBUG 15660 --- [ai-gateway] [nio-9988-exec-4] o.s.jdbc.core.JdbcTemplate               : SQLWarning ignored: SQL state 'HY000', error code '1287', message ['VALUES function' is deprecated and will be removed in a future release. Please use an alias (INSERT INTO ... VALUES (...) AS alias) and replace VALUES(col) in the ON DUPLICATE KEY UPDATE clause with alias.col instead]
2026-04-15T19:20:42.691+08:00 DEBUG 15660 --- [ai-gateway] [nio-9988-exec-4] o.s.jdbc.core.JdbcTemplate               : SQLWarning ignored: SQL state 'HY000', error code '1287', message ['VALUES function' is deprecated and will be removed in a future release. Please use an alias (INSERT INTO ... VALUES (...) AS alias) and replace VALUES(col) in the ON DUPLICATE KEY UPDATE clause with alias.col instead]
2026-04-15T19:20:42.691+08:00 DEBUG 15660 --- [ai-gateway] [nio-9988-exec-4] o.s.jdbc.core.JdbcTemplate               : SQLWarning ignored: SQL state 'HY000', error code '1287', message ['VALUES function' is deprecated and will be removed in a future release. Please use an alias (INSERT INTO ... VALUES (...) AS alias) and replace VALUES(col) in the ON DUPLICATE KEY UPDATE clause with alias.col instead]
2026-04-15T19:20:42.695+08:00 DEBUG 15660 --- [ai-gateway] [nio-9988-exec-4] o.s.w.s.m.m.a.HttpEntityMethodProcessor  : Found 'Content-Type:text/event-stream;charset=UTF-8' in response
2026-04-15T19:20:42.697+08:00 DEBUG 15660 --- [ai-gateway] [nio-9988-exec-4] o.s.w.s.m.m.a.HttpEntityMethodProcessor  : Writing ["event: response.created<EOL>data: {"type":"response.created","response":{"id":"resp_08c331f83d82f0890169 (truncated)..."]
2026-04-15T19:20:42.702+08:00 DEBUG 15660 --- [ai-gateway] [nio-9988-exec-4] o.s.web.servlet.DispatcherServlet        : Completed 200 OK
2026-04-15T19:20:43.321+08:00 DEBUG 15660 --- [ai-gateway] [nio-9988-exec-5] o.s.jdbc.core.JdbcTemplate               : Executing prepared SQL update
2026-04-15T19:20:43.322+08:00 DEBUG 15660 --- [ai-gateway] [nio-9988-exec-5] o.s.jdbc.core.JdbcTemplate               : Executing prepared SQL statement [insert into request_logs (request_id, user_id, api_key_id, model_code, provider_id, provider_token_id, upstream_model,
                          request_path, request_method, request_ip, request_body_json, response_body_json,
                          prompt_tokens, completion_tokens, total_tokens, user_amount, cost_amount, latency_ms,
                          success, status_code, error_message, request_date, created_at)
values (?, ?, ?, ?, ?, ?, ?, ?, ?, ?, cast(? as json), cast(? as json), ?, ?, ?, ?, ?, ?, ?, ?, ?, ?, now())
]
2026-04-15T19:20:43.325+08:00 DEBUG 15660 --- [ai-gateway] [nio-9988-exec-5] o.s.jdbc.core.StatementCreatorUtils      : JDBC getParameterType call failed - using fallback method instead: java.sql.SQLException: Parameter metadata not available for the given statement
2026-04-15T19:20:43.421+08:00 DEBUG 15660 --- [ai-gateway] [nio-9988-exec-5] o.s.jdbc.core.JdbcTemplate               : Executing prepared SQL update
2026-04-15T19:20:43.422+08:00 DEBUG 15660 --- [ai-gateway] [nio-9988-exec-5] o.s.jdbc.core.JdbcTemplate               : Executing prepared SQL statement [update wallets
set balance = balance - ?, total_consume = total_consume + ?, updated_at = now()
where user_id = ?
]
2026-04-15T19:20:43.429+08:00 DEBUG 15660 --- [ai-gateway] [nio-9988-exec-5] o.s.jdbc.core.JdbcTemplate               : SQLWarning ignored: SQL state '01000', error code '1265', message [Data truncated for column 'balance' at row 1]
2026-04-15T19:20:43.430+08:00 DEBUG 15660 --- [ai-gateway] [nio-9988-exec-5] o.s.jdbc.core.JdbcTemplate               : SQLWarning ignored: SQL state '01000', error code '1265', message [Data truncated for column 'total_consume' at row 1]
2026-04-15T19:20:43.432+08:00 DEBUG 15660 --- [ai-gateway] [nio-9988-exec-5] o.s.jdbc.core.JdbcTemplate               : Executing prepared SQL query
2026-04-15T19:20:43.433+08:00 DEBUG 15660 --- [ai-gateway] [nio-9988-exec-5] o.s.jdbc.core.JdbcTemplate               : Executing prepared SQL statement [select id from wallets where user_id = ?]
2026-04-15T19:20:43.435+08:00 DEBUG 15660 --- [ai-gateway] [nio-9988-exec-5] o.s.jdbc.core.JdbcTemplate               : Executing prepared SQL query
2026-04-15T19:20:43.436+08:00 DEBUG 15660 --- [ai-gateway] [nio-9988-exec-5] o.s.jdbc.core.JdbcTemplate               : Executing prepared SQL statement [select balance from wallets where user_id = ?]
2026-04-15T19:20:43.438+08:00 DEBUG 15660 --- [ai-gateway] [nio-9988-exec-5] o.s.jdbc.core.JdbcTemplate               : Executing prepared SQL update
2026-04-15T19:20:43.439+08:00 DEBUG 15660 --- [ai-gateway] [nio-9988-exec-5] o.s.jdbc.core.JdbcTemplate               : Executing prepared SQL statement [insert into transactions (user_id, wallet_id, order_no, transaction_type, direction, amount,
                          balance_before, balance_after, status, description_text, transaction_date)
values (?, ?, ?, 'CONSUME', 'OUT', ?, ?, ?, 'SUCCESS', ?, curdate())
]
2026-04-15T19:20:43.445+08:00 DEBUG 15660 --- [ai-gateway] [nio-9988-exec-5] o.s.jdbc.core.JdbcTemplate               : SQLWarning ignored: SQL state '01000', error code '1265', message [Data truncated for column 'amount' at row 1]
2026-04-15T19:20:43.447+08:00 DEBUG 15660 --- [ai-gateway] [nio-9988-exec-5] o.s.jdbc.core.JdbcTemplate               : SQLWarning ignored: SQL state '01000', error code '1265', message [Data truncated for column 'balance_before' at row 1]
2026-04-15T19:20:43.447+08:00 DEBUG 15660 --- [ai-gateway] [nio-9988-exec-5] o.s.jdbc.core.JdbcTemplate               : Executing prepared SQL update
2026-04-15T19:20:43.448+08:00 DEBUG 15660 --- [ai-gateway] [nio-9988-exec-5] o.s.jdbc.core.JdbcTemplate               : Executing prepared SQL statement [update api_keys
set used_quota = used_quota + ?, updated_at = now()
where id = ?
]
2026-04-15T19:20:43.458+08:00 DEBUG 15660 --- [ai-gateway] [nio-9988-exec-5] o.s.jdbc.core.JdbcTemplate               : SQLWarning ignored: SQL state '01000', error code '1265', message [Data truncated for column 'used_quota' at row 1]
2026-04-15T19:20:43.459+08:00 DEBUG 15660 --- [ai-gateway] [nio-9988-exec-5] o.s.jdbc.core.JdbcTemplate               : Executing prepared SQL update
2026-04-15T19:20:43.460+08:00 DEBUG 15660 --- [ai-gateway] [nio-9988-exec-5] o.s.jdbc.core.JdbcTemplate               : Executing prepared SQL statement [insert into usage_daily (stat_date, user_id, model_code, provider_id, request_count, success_count, total_tokens, user_amount, cost_amount)
values (?, ?, ?, ?, 1, ?, ?, ?, ?)
on duplicate key update
    request_count = request_count + 1,
    success_count = success_count + values(success_count),
    total_tokens = total_tokens + values(total_tokens),
    user_amount = user_amount + values(user_amount),
    cost_amount = cost_amount + values(cost_amount),
    updated_at = now()
]
2026-04-15T19:20:43.467+08:00 DEBUG 15660 --- [ai-gateway] [nio-9988-exec-5] o.s.jdbc.core.JdbcTemplate               : SQLWarning ignored: SQL state 'HY000', error code '1287', message ['VALUES function' is deprecated and will be removed in a future release. Please use an alias (INSERT INTO ... VALUES (...) AS alias) and replace VALUES(col) in the ON DUPLICATE KEY UPDATE clause with alias.col instead]
2026-04-15T19:20:43.468+08:00 DEBUG 15660 --- [ai-gateway] [nio-9988-exec-5] o.s.jdbc.core.JdbcTemplate               : SQLWarning ignored: SQL state 'HY000', error code '1287', message ['VALUES function' is deprecated and will be removed in a future release. Please use an alias (INSERT INTO ... VALUES (...) AS alias) and replace VALUES(col) in the ON DUPLICATE KEY UPDATE clause with alias.col instead]
2026-04-15T19:20:43.469+08:00 DEBUG 15660 --- [ai-gateway] [nio-9988-exec-5] o.s.jdbc.core.JdbcTemplate               : SQLWarning ignored: SQL state 'HY000', error code '1287', message ['VALUES function' is deprecated and will be removed in a future release. Please use an alias (INSERT INTO ... VALUES (...) AS alias) and replace VALUES(col) in the ON DUPLICATE KEY UPDATE clause with alias.col instead]
2026-04-15T19:20:43.469+08:00 DEBUG 15660 --- [ai-gateway] [nio-9988-exec-5] o.s.jdbc.core.JdbcTemplate               : SQLWarning ignored: SQL state 'HY000', error code '1287', message ['VALUES function' is deprecated and will be removed in a future release. Please use an alias (INSERT INTO ... VALUES (...) AS alias) and replace VALUES(col) in the ON DUPLICATE KEY UPDATE clause with alias.col instead]
2026-04-15T19:20:43.471+08:00 DEBUG 15660 --- [ai-gateway] [nio-9988-exec-5] o.s.w.s.m.m.a.HttpEntityMethodProcessor  : Found 'Content-Type:text/event-stream;charset=UTF-8' in response
2026-04-15T19:20:43.472+08:00 DEBUG 15660 --- [ai-gateway] [nio-9988-exec-5] o.s.w.s.m.m.a.HttpEntityMethodProcessor  : Writing ["event: response.created<EOL>data: {"type":"response.created","response":{"id":"resp_0356f415d8f633f20169 (truncated)..."]
2026-04-15T19:20:43.478+08:00 DEBUG 15660 --- [ai-gateway] [nio-9988-exec-5] o.s.web.servlet.DispatcherServlet        : Completed 200 OK
2026-04-15T19:20:45.304+08:00 DEBUG 15660 --- [ai-gateway] [nio-9988-exec-6] o.s.web.servlet.DispatcherServlet        : GET "/admin/request-logs?limit=50", parameters={masked}
2026-04-15T19:20:45.305+08:00 DEBUG 15660 --- [ai-gateway] [nio-9988-exec-6] s.w.s.m.m.a.RequestMappingHandlerMapping : Mapped to com.zxw.modules.request.controller.AdminRequestLogController#list(int)
2026-04-15T19:20:45.309+08:00 DEBUG 15660 --- [ai-gateway] [nio-9988-exec-6] o.s.jdbc.core.JdbcTemplate               : Executing prepared SQL query
2026-04-15T19:20:45.310+08:00 DEBUG 15660 --- [ai-gateway] [nio-9988-exec-6] o.s.jdbc.core.JdbcTemplate               : Executing prepared SQL statement [select l.request_id, u.username, l.model_code, l.upstream_model, l.status_code,
       l.latency_ms, l.total_tokens, l.user_amount, l.cost_amount, l.success, l.created_at
from request_logs l
left join users u on u.id = l.user_id
order by l.id desc
limit ?
]
2026-04-15T19:20:45.315+08:00 DEBUG 15660 --- [ai-gateway] [nio-9988-exec-6] m.m.a.RequestResponseBodyMethodProcessor : Using 'application/json', given [*/*] and supported [application/json, application/*+json]
2026-04-15T19:20:45.317+08:00 DEBUG 15660 --- [ai-gateway] [nio-9988-exec-6] m.m.a.RequestResponseBodyMethodProcessor : Writing [ApiResponse[success=true, message=OK, data=[RequestLogItemResponse[requestId=req_688c28be81a34d6b993 (truncated)...]
2026-04-15T19:20:45.320+08:00 DEBUG 15660 --- [ai-gateway] [nio-9988-exec-6] o.s.web.servlet.DispatcherServlet        : Completed 200 OK
2026-04-15T19:20:45.778+08:00 DEBUG 15660 --- [ai-gateway] [nio-9988-exec-9] o.s.web.servlet.DispatcherServlet        : GET "/admin/request-logs?limit=50", parameters={masked}
2026-04-15T19:20:45.779+08:00 DEBUG 15660 --- [ai-gateway] [nio-9988-exec-9] s.w.s.m.m.a.RequestMappingHandlerMapping : Mapped to com.zxw.modules.request.controller.AdminRequestLogController#list(int)
2026-04-15T19:20:45.781+08:00 DEBUG 15660 --- [ai-gateway] [nio-9988-exec-9] o.s.jdbc.core.JdbcTemplate               : Executing prepared SQL query
2026-04-15T19:20:45.782+08:00 DEBUG 15660 --- [ai-gateway] [nio-9988-exec-9] o.s.jdbc.core.JdbcTemplate               : Executing prepared SQL statement [select l.request_id, u.username, l.model_code, l.upstream_model, l.status_code,
       l.latency_ms, l.total_tokens, l.user_amount, l.cost_amount, l.success, l.created_at
from request_logs l
left join users u on u.id = l.user_id
order by l.id desc
limit ?
]
2026-04-15T19:20:45.786+08:00 DEBUG 15660 --- [ai-gateway] [nio-9988-exec-9] m.m.a.RequestResponseBodyMethodProcessor : Using 'application/json', given [*/*] and supported [application/json, application/*+json]
2026-04-15T19:20:45.787+08:00 DEBUG 15660 --- [ai-gateway] [nio-9988-exec-9] m.m.a.RequestResponseBodyMethodProcessor : Writing [ApiResponse[success=true, message=OK, data=[RequestLogItemResponse[requestId=req_688c28be81a34d6b993 (truncated)...]
2026-04-15T19:20:45.791+08:00 DEBUG 15660 --- [ai-gateway] [nio-9988-exec-9] o.s.web.servlet.DispatcherServlet        : Completed 200 OK
2026-04-15T19:20:51.191+08:00 DEBUG 15660 --- [ai-gateway] [nio-9988-exec-1] o.s.web.servlet.DispatcherServlet        : GET "/admin/request-logs?limit=50", parameters={masked}
2026-04-15T19:20:51.191+08:00 DEBUG 15660 --- [ai-gateway] [nio-9988-exec-1] s.w.s.m.m.a.RequestMappingHandlerMapping : Mapped to com.zxw.modules.request.controller.AdminRequestLogController#list(int)
2026-04-15T19:20:51.194+08:00 DEBUG 15660 --- [ai-gateway] [nio-9988-exec-1] o.s.jdbc.core.JdbcTemplate               : Executing prepared SQL query
2026-04-15T19:20:51.194+08:00 DEBUG 15660 --- [ai-gateway] [nio-9988-exec-1] o.s.jdbc.core.JdbcTemplate               : Executing prepared SQL statement [select l.request_id, u.username, l.model_code, l.upstream_model, l.status_code,
       l.latency_ms, l.total_tokens, l.user_amount, l.cost_amount, l.success, l.created_at
from request_logs l
left join users u on u.id = l.user_id
order by l.id desc
limit ?
]
2026-04-15T19:20:51.198+08:00 DEBUG 15660 --- [ai-gateway] [nio-9988-exec-1] m.m.a.RequestResponseBodyMethodProcessor : Using 'application/json', given [*/*] and supported [application/json, application/*+json]
2026-04-15T19:20:51.200+08:00 DEBUG 15660 --- [ai-gateway] [nio-9988-exec-1] m.m.a.RequestResponseBodyMethodProcessor : Writing [ApiResponse[success=true, message=OK, data=[RequestLogItemResponse[requestId=req_688c28be81a34d6b993 (truncated)...]
2026-04-15T19:20:51.202+08:00 DEBUG 15660 --- [ai-gateway] [nio-9988-exec-1] o.s.web.servlet.DispatcherServlet        : Completed 200 OK
2026-04-15T19:20:51.302+08:00 DEBUG 15660 --- [ai-gateway] [io-9988-exec-10] o.s.web.servlet.DispatcherServlet        : POST "/v1/responses", parameters={}
2026-04-15T19:20:51.308+08:00 DEBUG 15660 --- [ai-gateway] [io-9988-exec-10] s.w.s.m.m.a.RequestMappingHandlerMapping : Mapped to com.zxw.modules.gateway.controller.GatewayChatController#responses(String, String, HttpServletRequest)
2026-04-15T19:20:51.348+08:00 DEBUG 15660 --- [ai-gateway] [io-9988-exec-10] m.m.a.RequestResponseBodyMethodProcessor : Read "application/json;charset=UTF-8" to ["{"model":"gpt-5.4","instructions":"You are Codex, a coding agent based on GPT-5. You and the user sh (truncated)..."]
2026-04-15T19:20:51.349+08:00 DEBUG 15660 --- [ai-gateway] [io-9988-exec-10] o.s.jdbc.core.JdbcTemplate               : Executing prepared SQL query
2026-04-15T19:20:51.351+08:00 DEBUG 15660 --- [ai-gateway] [io-9988-exec-10] o.s.jdbc.core.JdbcTemplate               : Executing prepared SQL statement [select k.id, k.user_id, k.secret_hash, k.status, k.total_quota, k.used_quota, k.expires_at,
       u.username, u.role_code, coalesce(w.balance, 0) as balance
from api_keys k
join users u on u.id = k.user_id and u.deleted = 0
left join wallets w on w.user_id = u.id
where k.access_key = ? and k.deleted = 0
]
2026-04-15T19:20:51.458+08:00 DEBUG 15660 --- [ai-gateway] [io-9988-exec-10] o.s.jdbc.core.JdbcTemplate               : Executing prepared SQL update
2026-04-15T19:20:51.460+08:00 DEBUG 15660 --- [ai-gateway] [io-9988-exec-10] o.s.jdbc.core.JdbcTemplate               : Executing prepared SQL statement [update api_keys set last_used_at = now(), updated_at = now() where id = ?]
2026-04-15T19:20:51.468+08:00 DEBUG 15660 --- [ai-gateway] [io-9988-exec-10] o.s.jdbc.core.JdbcTemplate               : Executing prepared SQL query
2026-04-15T19:20:51.469+08:00 DEBUG 15660 --- [ai-gateway] [io-9988-exec-10] o.s.jdbc.core.JdbcTemplate               : Executing prepared SQL statement [select m.id as model_id, m.model_code, m.model_name, m.prompt_price, m.completion_price,
       m.request_price, m.multiplier, p.id as provider_id, p.provider_name, p.base_url, p.provider_type,
       p.timeout_ms, r.upstream_model, t.id as provider_token_id, t.token_value_encrypted
from models m
join model_routes r on r.model_id = m.id and r.status = 'ACTIVE'
join providers p on p.id = r.provider_id and p.deleted = 0 and p.status = 'ACTIVE'
join provider_tokens t on t.provider_id = p.id and t.deleted = 0 and t.status = 'ACTIVE'
where m.model_code = ? and m.deleted = 0 and m.status = 'ACTIVE'
order by r.priority_no asc, t.weight_no desc, t.id asc
limit 1
]
2026-04-15T19:20:54.617+08:00 DEBUG 15660 --- [ai-gateway] [io-9988-exec-10] o.s.jdbc.core.JdbcTemplate               : Executing prepared SQL update
2026-04-15T19:20:54.618+08:00 DEBUG 15660 --- [ai-gateway] [io-9988-exec-10] o.s.jdbc.core.JdbcTemplate               : Executing prepared SQL statement [insert into request_logs (request_id, user_id, api_key_id, model_code, provider_id, provider_token_id, upstream_model,
                          request_path, request_method, request_ip, request_body_json, response_body_json,
                          prompt_tokens, completion_tokens, total_tokens, user_amount, cost_amount, latency_ms,
                          success, status_code, error_message, request_date, created_at)
values (?, ?, ?, ?, ?, ?, ?, ?, ?, ?, cast(? as json), cast(? as json), ?, ?, ?, ?, ?, ?, ?, ?, ?, ?, now())
]
2026-04-15T19:20:54.621+08:00 DEBUG 15660 --- [ai-gateway] [io-9988-exec-10] o.s.jdbc.core.StatementCreatorUtils      : JDBC getParameterType call failed - using fallback method instead: java.sql.SQLException: Parameter metadata not available for the given statement
2026-04-15T19:20:54.664+08:00 DEBUG 15660 --- [ai-gateway] [io-9988-exec-10] o.s.jdbc.core.JdbcTemplate               : Executing prepared SQL update
2026-04-15T19:20:54.665+08:00 DEBUG 15660 --- [ai-gateway] [io-9988-exec-10] o.s.jdbc.core.JdbcTemplate               : Executing prepared SQL statement [update wallets
set balance = balance - ?, total_consume = total_consume + ?, updated_at = now()
where user_id = ?
]
2026-04-15T19:20:54.669+08:00 DEBUG 15660 --- [ai-gateway] [io-9988-exec-10] o.s.jdbc.core.JdbcTemplate               : SQLWarning ignored: SQL state '01000', error code '1265', message [Data truncated for column 'balance' at row 1]
2026-04-15T19:20:54.670+08:00 DEBUG 15660 --- [ai-gateway] [io-9988-exec-10] o.s.jdbc.core.JdbcTemplate               : SQLWarning ignored: SQL state '01000', error code '1265', message [Data truncated for column 'total_consume' at row 1]
2026-04-15T19:20:54.671+08:00 DEBUG 15660 --- [ai-gateway] [io-9988-exec-10] o.s.jdbc.core.JdbcTemplate               : Executing prepared SQL query
2026-04-15T19:20:54.671+08:00 DEBUG 15660 --- [ai-gateway] [io-9988-exec-10] o.s.jdbc.core.JdbcTemplate               : Executing prepared SQL statement [select id from wallets where user_id = ?]
2026-04-15T19:20:54.674+08:00 DEBUG 15660 --- [ai-gateway] [io-9988-exec-10] o.s.jdbc.core.JdbcTemplate               : Executing prepared SQL query
2026-04-15T19:20:54.675+08:00 DEBUG 15660 --- [ai-gateway] [io-9988-exec-10] o.s.jdbc.core.JdbcTemplate               : Executing prepared SQL statement [select balance from wallets where user_id = ?]
2026-04-15T19:20:54.677+08:00 DEBUG 15660 --- [ai-gateway] [io-9988-exec-10] o.s.jdbc.core.JdbcTemplate               : Executing prepared SQL update
2026-04-15T19:20:54.678+08:00 DEBUG 15660 --- [ai-gateway] [io-9988-exec-10] o.s.jdbc.core.JdbcTemplate               : Executing prepared SQL statement [insert into transactions (user_id, wallet_id, order_no, transaction_type, direction, amount,
                          balance_before, balance_after, status, description_text, transaction_date)
values (?, ?, ?, 'CONSUME', 'OUT', ?, ?, ?, 'SUCCESS', ?, curdate())
]
2026-04-15T19:20:54.682+08:00 DEBUG 15660 --- [ai-gateway] [io-9988-exec-10] o.s.jdbc.core.JdbcTemplate               : SQLWarning ignored: SQL state '01000', error code '1265', message [Data truncated for column 'amount' at row 1]
2026-04-15T19:20:54.683+08:00 DEBUG 15660 --- [ai-gateway] [io-9988-exec-10] o.s.jdbc.core.JdbcTemplate               : SQLWarning ignored: SQL state '01000', error code '1265', message [Data truncated for column 'balance_before' at row 1]
2026-04-15T19:20:54.684+08:00 DEBUG 15660 --- [ai-gateway] [io-9988-exec-10] o.s.jdbc.core.JdbcTemplate               : Executing prepared SQL update
2026-04-15T19:20:54.684+08:00 DEBUG 15660 --- [ai-gateway] [io-9988-exec-10] o.s.jdbc.core.JdbcTemplate               : Executing prepared SQL statement [update api_keys
set used_quota = used_quota + ?, updated_at = now()
where id = ?
]
2026-04-15T19:20:54.687+08:00 DEBUG 15660 --- [ai-gateway] [io-9988-exec-10] o.s.jdbc.core.JdbcTemplate               : SQLWarning ignored: SQL state '01000', error code '1265', message [Data truncated for column 'used_quota' at row 1]
2026-04-15T19:20:54.688+08:00 DEBUG 15660 --- [ai-gateway] [io-9988-exec-10] o.s.jdbc.core.JdbcTemplate               : Executing prepared SQL update
2026-04-15T19:20:54.689+08:00 DEBUG 15660 --- [ai-gateway] [io-9988-exec-10] o.s.jdbc.core.JdbcTemplate               : Executing prepared SQL statement [insert into usage_daily (stat_date, user_id, model_code, provider_id, request_count, success_count, total_tokens, user_amount, cost_amount)
values (?, ?, ?, ?, 1, ?, ?, ?, ?)
on duplicate key update
    request_count = request_count + 1,
    success_count = success_count + values(success_count),
    total_tokens = total_tokens + values(total_tokens),
    user_amount = user_amount + values(user_amount),
    cost_amount = cost_amount + values(cost_amount),
    updated_at = now()
]
2026-04-15T19:20:54.694+08:00 DEBUG 15660 --- [ai-gateway] [io-9988-exec-10] o.s.jdbc.core.JdbcTemplate               : SQLWarning ignored: SQL state 'HY000', error code '1287', message ['VALUES function' is deprecated and will be removed in a future release. Please use an alias (INSERT INTO ... VALUES (...) AS alias) and replace VALUES(col) in the ON DUPLICATE KEY UPDATE clause with alias.col instead]
2026-04-15T19:20:54.695+08:00 DEBUG 15660 --- [ai-gateway] [io-9988-exec-10] o.s.jdbc.core.JdbcTemplate               : SQLWarning ignored: SQL state 'HY000', error code '1287', message ['VALUES function' is deprecated and will be removed in a future release. Please use an alias (INSERT INTO ... VALUES (...) AS alias) and replace VALUES(col) in the ON DUPLICATE KEY UPDATE clause with alias.col instead]
2026-04-15T19:20:54.696+08:00 DEBUG 15660 --- [ai-gateway] [io-9988-exec-10] o.s.jdbc.core.JdbcTemplate               : SQLWarning ignored: SQL state 'HY000', error code '1287', message ['VALUES function' is deprecated and will be removed in a future release. Please use an alias (INSERT INTO ... VALUES (...) AS alias) and replace VALUES(col) in the ON DUPLICATE KEY UPDATE clause with alias.col instead]
2026-04-15T19:20:54.696+08:00 DEBUG 15660 --- [ai-gateway] [io-9988-exec-10] o.s.jdbc.core.JdbcTemplate               : SQLWarning ignored: SQL state 'HY000', error code '1287', message ['VALUES function' is deprecated and will be removed in a future release. Please use an alias (INSERT INTO ... VALUES (...) AS alias) and replace VALUES(col) in the ON DUPLICATE KEY UPDATE clause with alias.col instead]
2026-04-15T19:20:54.697+08:00 DEBUG 15660 --- [ai-gateway] [io-9988-exec-10] o.s.w.s.m.m.a.HttpEntityMethodProcessor  : Found 'Content-Type:text/event-stream;charset=UTF-8' in response
2026-04-15T19:20:54.697+08:00 DEBUG 15660 --- [ai-gateway] [io-9988-exec-10] o.s.w.s.m.m.a.HttpEntityMethodProcessor  : Writing ["event: response.created<EOL>data: {"type":"response.created","response":{"id":"resp_06eca7a0b92c3f8d0169 (truncated)..."]
2026-04-15T19:20:54.701+08:00 DEBUG 15660 --- [ai-gateway] [io-9988-exec-10] o.s.web.servlet.DispatcherServlet        : Completed 200 OK
2026-04-15T19:21:08.309+08:00 DEBUG 15660 --- [ai-gateway] [nio-9988-exec-4] o.s.web.servlet.DispatcherServlet        : POST "/v1/responses", parameters={}
2026-04-15T19:21:08.310+08:00 DEBUG 15660 --- [ai-gateway] [nio-9988-exec-4] s.w.s.m.m.a.RequestMappingHandlerMapping : Mapped to com.zxw.modules.gateway.controller.GatewayChatController#responses(String, String, HttpServletRequest)
2026-04-15T19:21:08.351+08:00 DEBUG 15660 --- [ai-gateway] [nio-9988-exec-4] m.m.a.RequestResponseBodyMethodProcessor : Read "application/json;charset=UTF-8" to ["{"model":"gpt-5.4","instructions":"You are Codex, a coding agent based on GPT-5. You and the user sh (truncated)..."]
2026-04-15T19:21:08.352+08:00 DEBUG 15660 --- [ai-gateway] [nio-9988-exec-4] o.s.jdbc.core.JdbcTemplate               : Executing prepared SQL query
2026-04-15T19:21:08.353+08:00 DEBUG 15660 --- [ai-gateway] [nio-9988-exec-4] o.s.jdbc.core.JdbcTemplate               : Executing prepared SQL statement [select k.id, k.user_id, k.secret_hash, k.status, k.total_quota, k.used_quota, k.expires_at,
       u.username, u.role_code, coalesce(w.balance, 0) as balance
from api_keys k
join users u on u.id = k.user_id and u.deleted = 0
left join wallets w on w.user_id = u.id
where k.access_key = ? and k.deleted = 0
]
2026-04-15T19:21:08.429+08:00 DEBUG 15660 --- [ai-gateway] [nio-9988-exec-4] o.s.jdbc.core.JdbcTemplate               : Executing prepared SQL update
2026-04-15T19:21:08.430+08:00 DEBUG 15660 --- [ai-gateway] [nio-9988-exec-4] o.s.jdbc.core.JdbcTemplate               : Executing prepared SQL statement [update api_keys set last_used_at = now(), updated_at = now() where id = ?]
2026-04-15T19:21:08.434+08:00 DEBUG 15660 --- [ai-gateway] [nio-9988-exec-4] o.s.jdbc.core.JdbcTemplate               : Executing prepared SQL query
2026-04-15T19:21:08.435+08:00 DEBUG 15660 --- [ai-gateway] [nio-9988-exec-4] o.s.jdbc.core.JdbcTemplate               : Executing prepared SQL statement [select m.id as model_id, m.model_code, m.model_name, m.prompt_price, m.completion_price,
       m.request_price, m.multiplier, p.id as provider_id, p.provider_name, p.base_url, p.provider_type,
       p.timeout_ms, r.upstream_model, t.id as provider_token_id, t.token_value_encrypted
from models m
join model_routes r on r.model_id = m.id and r.status = 'ACTIVE'
join providers p on p.id = r.provider_id and p.deleted = 0 and p.status = 'ACTIVE'
join provider_tokens t on t.provider_id = p.id and t.deleted = 0 and t.status = 'ACTIVE'
where m.model_code = ? and m.deleted = 0 and m.status = 'ACTIVE'
order by r.priority_no asc, t.weight_no desc, t.id asc
limit 1
]
2026-04-15T19:21:10.095+08:00 DEBUG 15660 --- [ai-gateway] [nio-9988-exec-4] o.s.jdbc.core.JdbcTemplate               : Executing prepared SQL update
2026-04-15T19:21:10.096+08:00 DEBUG 15660 --- [ai-gateway] [nio-9988-exec-4] o.s.jdbc.core.JdbcTemplate               : Executing prepared SQL statement [insert into request_logs (request_id, user_id, api_key_id, model_code, provider_id, provider_token_id, upstream_model,
                          request_path, request_method, request_ip, request_body_json, response_body_json,
                          prompt_tokens, completion_tokens, total_tokens, user_amount, cost_amount, latency_ms,
                          success, status_code, error_message, request_date, created_at)
values (?, ?, ?, ?, ?, ?, ?, ?, ?, ?, cast(? as json), cast(? as json), ?, ?, ?, ?, ?, ?, ?, ?, ?, ?, now())
]
2026-04-15T19:21:10.097+08:00 DEBUG 15660 --- [ai-gateway] [nio-9988-exec-4] o.s.jdbc.core.StatementCreatorUtils      : JDBC getParameterType call failed - using fallback method instead: java.sql.SQLException: Parameter metadata not available for the given statement
2026-04-15T19:21:10.113+08:00 DEBUG 15660 --- [ai-gateway] [nio-9988-exec-4] o.s.jdbc.core.JdbcTemplate               : Executing prepared SQL update
2026-04-15T19:21:10.114+08:00 DEBUG 15660 --- [ai-gateway] [nio-9988-exec-4] o.s.jdbc.core.JdbcTemplate               : Executing prepared SQL statement [update wallets
set balance = balance - ?, total_consume = total_consume + ?, updated_at = now()
where user_id = ?
]
2026-04-15T19:21:10.116+08:00 DEBUG 15660 --- [ai-gateway] [nio-9988-exec-4] o.s.jdbc.core.JdbcTemplate               : SQLWarning ignored: SQL state '01000', error code '1265', message [Data truncated for column 'balance' at row 1]
2026-04-15T19:21:10.117+08:00 DEBUG 15660 --- [ai-gateway] [nio-9988-exec-4] o.s.jdbc.core.JdbcTemplate               : SQLWarning ignored: SQL state '01000', error code '1265', message [Data truncated for column 'total_consume' at row 1]
2026-04-15T19:21:10.118+08:00 DEBUG 15660 --- [ai-gateway] [nio-9988-exec-4] o.s.jdbc.core.JdbcTemplate               : Executing prepared SQL query
2026-04-15T19:21:10.118+08:00 DEBUG 15660 --- [ai-gateway] [nio-9988-exec-4] o.s.jdbc.core.JdbcTemplate               : Executing prepared SQL statement [select id from wallets where user_id = ?]
2026-04-15T19:21:10.119+08:00 DEBUG 15660 --- [ai-gateway] [nio-9988-exec-4] o.s.jdbc.core.JdbcTemplate               : Executing prepared SQL query
2026-04-15T19:21:10.120+08:00 DEBUG 15660 --- [ai-gateway] [nio-9988-exec-4] o.s.jdbc.core.JdbcTemplate               : Executing prepared SQL statement [select balance from wallets where user_id = ?]
2026-04-15T19:21:10.120+08:00 DEBUG 15660 --- [ai-gateway] [nio-9988-exec-4] o.s.jdbc.core.JdbcTemplate               : Executing prepared SQL update
2026-04-15T19:21:10.122+08:00 DEBUG 15660 --- [ai-gateway] [nio-9988-exec-4] o.s.jdbc.core.JdbcTemplate               : Executing prepared SQL statement [insert into transactions (user_id, wallet_id, order_no, transaction_type, direction, amount,
                          balance_before, balance_after, status, description_text, transaction_date)
values (?, ?, ?, 'CONSUME', 'OUT', ?, ?, ?, 'SUCCESS', ?, curdate())
]
2026-04-15T19:21:10.127+08:00 DEBUG 15660 --- [ai-gateway] [nio-9988-exec-4] o.s.jdbc.core.JdbcTemplate               : SQLWarning ignored: SQL state '01000', error code '1265', message [Data truncated for column 'amount' at row 1]
2026-04-15T19:21:10.129+08:00 DEBUG 15660 --- [ai-gateway] [nio-9988-exec-4] o.s.jdbc.core.JdbcTemplate               : SQLWarning ignored: SQL state '01000', error code '1265', message [Data truncated for column 'balance_before' at row 1]
2026-04-15T19:21:10.129+08:00 DEBUG 15660 --- [ai-gateway] [nio-9988-exec-4] o.s.jdbc.core.JdbcTemplate               : Executing prepared SQL update
2026-04-15T19:21:10.129+08:00 DEBUG 15660 --- [ai-gateway] [nio-9988-exec-4] o.s.jdbc.core.JdbcTemplate               : Executing prepared SQL statement [update api_keys
set used_quota = used_quota + ?, updated_at = now()
where id = ?
]
2026-04-15T19:21:10.132+08:00 DEBUG 15660 --- [ai-gateway] [nio-9988-exec-4] o.s.jdbc.core.JdbcTemplate               : SQLWarning ignored: SQL state '01000', error code '1265', message [Data truncated for column 'used_quota' at row 1]
2026-04-15T19:21:10.132+08:00 DEBUG 15660 --- [ai-gateway] [nio-9988-exec-4] o.s.jdbc.core.JdbcTemplate               : Executing prepared SQL update
2026-04-15T19:21:10.132+08:00 DEBUG 15660 --- [ai-gateway] [nio-9988-exec-4] o.s.jdbc.core.JdbcTemplate               : Executing prepared SQL statement [insert into usage_daily (stat_date, user_id, model_code, provider_id, request_count, success_count, total_tokens, user_amount, cost_amount)
values (?, ?, ?, ?, 1, ?, ?, ?, ?)
on duplicate key update
    request_count = request_count + 1,
    success_count = success_count + values(success_count),
    total_tokens = total_tokens + values(total_tokens),
    user_amount = user_amount + values(user_amount),
    cost_amount = cost_amount + values(cost_amount),
    updated_at = now()
]
2026-04-15T19:21:10.136+08:00 DEBUG 15660 --- [ai-gateway] [nio-9988-exec-4] o.s.jdbc.core.JdbcTemplate               : SQLWarning ignored: SQL state 'HY000', error code '1287', message ['VALUES function' is deprecated and will be removed in a future release. Please use an alias (INSERT INTO ... VALUES (...) AS alias) and replace VALUES(col) in the ON DUPLICATE KEY UPDATE clause with alias.col instead]
2026-04-15T19:21:10.137+08:00 DEBUG 15660 --- [ai-gateway] [nio-9988-exec-4] o.s.jdbc.core.JdbcTemplate               : SQLWarning ignored: SQL state 'HY000', error code '1287', message ['VALUES function' is deprecated and will be removed in a future release. Please use an alias (INSERT INTO ... VALUES (...) AS alias) and replace VALUES(col) in the ON DUPLICATE KEY UPDATE clause with alias.col instead]
2026-04-15T19:21:10.138+08:00 DEBUG 15660 --- [ai-gateway] [nio-9988-exec-4] o.s.jdbc.core.JdbcTemplate               : SQLWarning ignored: SQL state 'HY000', error code '1287', message ['VALUES function' is deprecated and will be removed in a future release. Please use an alias (INSERT INTO ... VALUES (...) AS alias) and replace VALUES(col) in the ON DUPLICATE KEY UPDATE clause with alias.col instead]
2026-04-15T19:21:10.138+08:00 DEBUG 15660 --- [ai-gateway] [nio-9988-exec-4] o.s.jdbc.core.JdbcTemplate               : SQLWarning ignored: SQL state 'HY000', error code '1287', message ['VALUES function' is deprecated and will be removed in a future release. Please use an alias (INSERT INTO ... VALUES (...) AS alias) and replace VALUES(col) in the ON DUPLICATE KEY UPDATE clause with alias.col instead]
2026-04-15T19:21:10.139+08:00 DEBUG 15660 --- [ai-gateway] [nio-9988-exec-4] o.s.w.s.m.m.a.HttpEntityMethodProcessor  : Found 'Content-Type:text/event-stream;charset=UTF-8' in response
2026-04-15T19:21:10.140+08:00 DEBUG 15660 --- [ai-gateway] [nio-9988-exec-4] o.s.w.s.m.m.a.HttpEntityMethodProcessor  : Writing ["event: response.created<EOL>data: {"type":"response.created","response":{"id":"resp_0e0402d1a0e33cdd0169 (truncated)..."]
2026-04-15T19:21:10.142+08:00 DEBUG 15660 --- [ai-gateway] [nio-9988-exec-4] o.s.web.servlet.DispatcherServlet        : Completed 200 OK
2026-04-15T19:21:11.293+08:00 DEBUG 15660 --- [ai-gateway] [nio-9988-exec-5] o.s.web.servlet.DispatcherServlet        : GET "/admin/request-logs?limit=50", parameters={masked}
2026-04-15T19:21:11.293+08:00 DEBUG 15660 --- [ai-gateway] [nio-9988-exec-5] s.w.s.m.m.a.RequestMappingHandlerMapping : Mapped to com.zxw.modules.request.controller.AdminRequestLogController#list(int)
2026-04-15T19:21:11.295+08:00 DEBUG 15660 --- [ai-gateway] [nio-9988-exec-5] o.s.jdbc.core.JdbcTemplate               : Executing prepared SQL query
2026-04-15T19:21:11.296+08:00 DEBUG 15660 --- [ai-gateway] [nio-9988-exec-5] o.s.jdbc.core.JdbcTemplate               : Executing prepared SQL statement [select l.request_id, u.username, l.model_code, l.upstream_model, l.status_code,
       l.latency_ms, l.total_tokens, l.user_amount, l.cost_amount, l.success, l.created_at
from request_logs l
left join users u on u.id = l.user_id
order by l.id desc
limit ?
]
2026-04-15T19:21:11.300+08:00 DEBUG 15660 --- [ai-gateway] [nio-9988-exec-5] m.m.a.RequestResponseBodyMethodProcessor : Using 'application/json', given [*/*] and supported [application/json, application/*+json]
2026-04-15T19:21:11.301+08:00 DEBUG 15660 --- [ai-gateway] [nio-9988-exec-5] m.m.a.RequestResponseBodyMethodProcessor : Writing [ApiResponse[success=true, message=OK, data=[RequestLogItemResponse[requestId=req_59aeb6f0bedc49ecb48 (truncated)...]
2026-04-15T19:21:11.302+08:00 DEBUG 15660 --- [ai-gateway] [nio-9988-exec-5] o.s.web.servlet.DispatcherServlet        : Completed 200 OK
2026-04-15T19:21:11.704+08:00 DEBUG 15660 --- [ai-gateway] [nio-9988-exec-2] o.s.web.servlet.DispatcherServlet        : GET "/admin/request-logs?limit=50", parameters={masked}
2026-04-15T19:21:11.704+08:00 DEBUG 15660 --- [ai-gateway] [nio-9988-exec-2] s.w.s.m.m.a.RequestMappingHandlerMapping : Mapped to com.zxw.modules.request.controller.AdminRequestLogController#list(int)
2026-04-15T19:21:11.707+08:00 DEBUG 15660 --- [ai-gateway] [nio-9988-exec-2] o.s.jdbc.core.JdbcTemplate               : Executing prepared SQL query
2026-04-15T19:21:11.708+08:00 DEBUG 15660 --- [ai-gateway] [nio-9988-exec-2] o.s.jdbc.core.JdbcTemplate               : Executing prepared SQL statement [select l.request_id, u.username, l.model_code, l.upstream_model, l.status_code,
       l.latency_ms, l.total_tokens, l.user_amount, l.cost_amount, l.success, l.created_at
from request_logs l
left join users u on u.id = l.user_id
order by l.id desc
limit ?
]
2026-04-15T19:21:11.711+08:00 DEBUG 15660 --- [ai-gateway] [nio-9988-exec-2] m.m.a.RequestResponseBodyMethodProcessor : Using 'application/json', given [*/*] and supported [application/json, application/*+json]
2026-04-15T19:21:11.712+08:00 DEBUG 15660 --- [ai-gateway] [nio-9988-exec-2] m.m.a.RequestResponseBodyMethodProcessor : Writing [ApiResponse[success=true, message=OK, data=[RequestLogItemResponse[requestId=req_59aeb6f0bedc49ecb48 (truncated)...]
2026-04-15T19:21:11.714+08:00 DEBUG 15660 --- [ai-gateway] [nio-9988-exec-2] o.s.web.servlet.DispatcherServlet        : Completed 200 OK
2026-04-15T19:22:41.448+08:00 DEBUG 15660 --- [ai-gateway] [nio-9988-exec-9] o.s.web.servlet.DispatcherServlet        : PUT "/admin/models/31", parameters={}
2026-04-15T19:22:41.513+08:00 DEBUG 15660 --- [ai-gateway] [nio-9988-exec-9] s.w.s.m.m.a.RequestMappingHandlerMapping : Mapped to com.zxw.modules.model.controller.AdminModelController#update(Long, ModelUpdateRequest)
2026-04-15T19:22:41.542+08:00 DEBUG 15660 --- [ai-gateway] [nio-9988-exec-9] m.m.a.RequestResponseBodyMethodProcessor : Read "application/json;charset=UTF-8" to [ModelUpdateRequest[modelName=gpt-5.4, modelType=CHAT, billingType=TOKEN, promptPrice=0.1, completion (truncated)...]
2026-04-15T19:22:41.619+08:00 DEBUG 15660 --- [ai-gateway] [nio-9988-exec-9] o.s.jdbc.core.JdbcTemplate               : Executing prepared SQL update
2026-04-15T19:22:41.620+08:00 DEBUG 15660 --- [ai-gateway] [nio-9988-exec-9] o.s.jdbc.core.JdbcTemplate               : Executing prepared SQL statement [update models
set model_name = ?, model_type = ?, billing_type = ?, prompt_price = ?, completion_price = ?,
    multiplier = ?, is_public = ?, updated_at = now()
where id = ? and deleted = 0
]
2026-04-15T19:22:41.623+08:00 DEBUG 15660 --- [ai-gateway] [nio-9988-exec-9] o.s.jdbc.core.JdbcTemplate               : Executing prepared SQL update
2026-04-15T19:22:41.625+08:00 DEBUG 15660 --- [ai-gateway] [nio-9988-exec-9] o.s.jdbc.core.JdbcTemplate               : Executing prepared SQL statement [delete from model_routes
where model_id = ?
]
2026-04-15T19:22:41.628+08:00 DEBUG 15660 --- [ai-gateway] [nio-9988-exec-9] o.s.jdbc.core.JdbcTemplate               : Executing prepared SQL update
2026-04-15T19:22:41.629+08:00 DEBUG 15660 --- [ai-gateway] [nio-9988-exec-9] o.s.jdbc.core.JdbcTemplate               : Executing prepared SQL statement [insert into model_routes (model_id, provider_id, provider_token_id, upstream_model, route_type, priority_no, status)
values (?, ?, null, ?, 'PRIMARY', 100, 'ACTIVE')
]
2026-04-15T19:22:41.635+08:00 DEBUG 15660 --- [ai-gateway] [nio-9988-exec-9] m.m.a.RequestResponseBodyMethodProcessor : Using 'application/json', given [*/*] and supported [application/json, application/*+json]
2026-04-15T19:22:41.636+08:00 DEBUG 15660 --- [ai-gateway] [nio-9988-exec-9] m.m.a.RequestResponseBodyMethodProcessor : Writing [ApiResponse[success=true, message=模型价格已更新, data=null]]
2026-04-15T19:22:41.637+08:00 DEBUG 15660 --- [ai-gateway] [nio-9988-exec-9] o.s.web.servlet.DispatcherServlet        : Completed 200 OK
2026-04-15T19:22:41.674+08:00 DEBUG 15660 --- [ai-gateway] [nio-9988-exec-1] o.s.web.servlet.DispatcherServlet        : GET "/admin/models", parameters={}
2026-04-15T19:22:41.675+08:00 DEBUG 15660 --- [ai-gateway] [nio-9988-exec-1] s.w.s.m.m.a.RequestMappingHandlerMapping : Mapped to com.zxw.modules.model.controller.AdminModelController#list()
2026-04-15T19:22:41.676+08:00 DEBUG 15660 --- [ai-gateway] [nio-9988-exec-1] o.s.jdbc.core.JdbcTemplate               : Executing SQL query [select m.id, m.model_code, m.model_name, m.model_type, m.billing_type, m.prompt_price,
       m.completion_price, m.multiplier, m.is_public, m.status, m.created_at,
       p.id as provider_id, p.provider_name, p.provider_type, r.upstream_model
from models m
left join model_routes r on r.model_id = m.id and r.status = 'ACTIVE'
left join providers p on p.id = r.provider_id
where m.deleted = 0
order by m.id desc
]
2026-04-15T19:22:41.681+08:00 DEBUG 15660 --- [ai-gateway] [nio-9988-exec-1] m.m.a.RequestResponseBodyMethodProcessor : Using 'application/json', given [*/*] and supported [application/json, application/*+json]
2026-04-15T19:22:41.683+08:00 DEBUG 15660 --- [ai-gateway] [nio-9988-exec-1] m.m.a.RequestResponseBodyMethodProcessor : Writing [ApiResponse[success=true, message=OK, data=[ModelListItemResponse[id=32, modelCode=gpt-5.4-mini, mod (truncated)...]
2026-04-15T19:22:41.684+08:00 DEBUG 15660 --- [ai-gateway] [io-9988-exec-10] o.s.web.servlet.DispatcherServlet        : GET "/admin/dashboard/overview", parameters={}
2026-04-15T19:22:41.684+08:00 DEBUG 15660 --- [ai-gateway] [nio-9988-exec-1] o.s.web.servlet.DispatcherServlet        : Completed 200 OK
2026-04-15T19:22:41.685+08:00 DEBUG 15660 --- [ai-gateway] [io-9988-exec-10] s.w.s.m.m.a.RequestMappingHandlerMapping : Mapped to com.zxw.modules.dashboard.controller.AdminDashboardController#overview()
2026-04-15T19:22:41.687+08:00 DEBUG 15660 --- [ai-gateway] [io-9988-exec-10] o.s.jdbc.core.JdbcTemplate               : Executing SQL query [select
    (select count(*) from users) as user_count,
    (select count(*) from api_keys where deleted = 0) as api_key_count,
    (select count(*) from providers where deleted = 0) as provider_count,
    (select count(*) from models where deleted = 0) as model_count,
    (select count(*) from request_logs where request_date = curdate()) as request_count_today,
    coalesce((select sum(total_tokens) from request_logs where request_date = curdate()), 0) as total_tokens_today,
    coalesce((select sum(total_tokens) from usage_daily where stat_date >= curdate() - interval 6 day), 0) as total_tokens_7d,
    coalesce((select sum(case when direction = 'IN' then amount else 0 end)
              from transactions
              where transaction_date = curdate()), 0) as recharge_amount_today,
    coalesce((select sum(case when direction = 'OUT' then amount else 0 end)
              from transactions
              where transaction_date = curdate()), 0) as consume_amount_today,
    coalesce((select sum(balance) from wallets), 0) as wallet_balance_total
]
2026-04-15T19:22:41.687+08:00 DEBUG 15660 --- [ai-gateway] [nio-9988-exec-4] o.s.web.servlet.DispatcherServlet        : GET "/admin/dashboard/trend?days=7", parameters={masked}
2026-04-15T19:22:41.687+08:00 DEBUG 15660 --- [ai-gateway] [nio-9988-exec-7] o.s.web.servlet.DispatcherServlet        : GET "/admin/dashboard/model-stats", parameters={}
2026-04-15T19:22:41.688+08:00 DEBUG 15660 --- [ai-gateway] [nio-9988-exec-4] s.w.s.m.m.a.RequestMappingHandlerMapping : Mapped to com.zxw.modules.dashboard.controller.AdminDashboardController#trend(int)
2026-04-15T19:22:41.689+08:00 DEBUG 15660 --- [ai-gateway] [nio-9988-exec-7] s.w.s.m.m.a.RequestMappingHandlerMapping : Mapped to com.zxw.modules.dashboard.controller.AdminDashboardController#modelStats()
2026-04-15T19:22:41.690+08:00 DEBUG 15660 --- [ai-gateway] [nio-9988-exec-7] o.s.jdbc.core.JdbcTemplate               : Executing SQL query [select model_code,
       coalesce(group_concat(distinct upstream_model order by upstream_model separator ', '), '') as upstream_models,
       count(*) as request_count,
       coalesce(sum(total_tokens), 0) as total_tokens,
       coalesce(avg(latency_ms), 0) as avg_latency_ms,
       coalesce(sum(latency_ms), 0) as total_latency_ms,
       coalesce(sum(case when success = 1 then 1 else 0 end) * 100.0 / count(*), 0) as success_rate,
       coalesce(sum(user_amount), 0) as user_amount
from request_logs
where request_date >= date_format(curdate(), '%Y-%m-01')
group by model_code
order by request_count desc, total_tokens desc, model_code asc
]
2026-04-15T19:22:41.691+08:00 DEBUG 15660 --- [ai-gateway] [nio-9988-exec-4] o.s.jdbc.core.JdbcTemplate               : Executing prepared SQL query
2026-04-15T19:22:41.692+08:00 DEBUG 15660 --- [ai-gateway] [nio-9988-exec-4] o.s.jdbc.core.JdbcTemplate               : Executing prepared SQL statement [select stat_date, request_count, success_count, total_tokens, user_amount, cost_amount
from usage_daily
where stat_date >= curdate() - interval ? day
order by stat_date asc
]
2026-04-15T19:22:41.694+08:00 DEBUG 15660 --- [ai-gateway] [nio-9988-exec-4] m.m.a.RequestResponseBodyMethodProcessor : Using 'application/json', given [*/*] and supported [application/json, application/*+json]
2026-04-15T19:22:41.695+08:00 DEBUG 15660 --- [ai-gateway] [nio-9988-exec-4] m.m.a.RequestResponseBodyMethodProcessor : Writing [ApiResponse[success=true, message=OK, data=[DashboardTrendPointResponse[statDate=2026-04-09, request (truncated)...]
2026-04-15T19:22:41.696+08:00 DEBUG 15660 --- [ai-gateway] [nio-9988-exec-4] o.s.web.servlet.DispatcherServlet        : Completed 200 OK
2026-04-15T19:22:41.697+08:00 DEBUG 15660 --- [ai-gateway] [nio-9988-exec-7] m.m.a.RequestResponseBodyMethodProcessor : Using 'application/json', given [*/*] and supported [application/json, application/*+json]
2026-04-15T19:22:41.698+08:00 DEBUG 15660 --- [ai-gateway] [nio-9988-exec-7] m.m.a.RequestResponseBodyMethodProcessor : Writing [ApiResponse[success=true, message=OK, data=[DashboardModelStatResponse[modelCode=gpt-5.4, upstreamMo (truncated)...]
2026-04-15T19:22:41.700+08:00 DEBUG 15660 --- [ai-gateway] [io-9988-exec-10] m.m.a.RequestResponseBodyMethodProcessor : Using 'application/json', given [*/*] and supported [application/json, application/*+json]
2026-04-15T19:22:41.701+08:00 DEBUG 15660 --- [ai-gateway] [io-9988-exec-10] m.m.a.RequestResponseBodyMethodProcessor : Writing [ApiResponse[success=true, message=OK, data=DashboardOverviewResponse[userCount=14, apiKeyCount=13, p (truncated)...]
2026-04-15T19:22:41.701+08:00 DEBUG 15660 --- [ai-gateway] [nio-9988-exec-7] o.s.web.servlet.DispatcherServlet        : Completed 200 OK
2026-04-15T19:22:41.702+08:00 DEBUG 15660 --- [ai-gateway] [io-9988-exec-10] o.s.web.servlet.DispatcherServlet        : Completed 200 OK
2026-04-15T19:22:55.177+08:00 DEBUG 15660 --- [ai-gateway] [nio-9988-exec-3] o.s.web.servlet.DispatcherServlet        : POST "/v1/responses", parameters={}
2026-04-15T19:22:55.178+08:00 DEBUG 15660 --- [ai-gateway] [nio-9988-exec-3] s.w.s.m.m.a.RequestMappingHandlerMapping : Mapped to com.zxw.modules.gateway.controller.GatewayChatController#responses(String, String, HttpServletRequest)
2026-04-15T19:22:55.205+08:00 DEBUG 15660 --- [ai-gateway] [nio-9988-exec-3] m.m.a.RequestResponseBodyMethodProcessor : Read "application/json;charset=UTF-8" to ["{"model":"gpt-5.4","instructions":"You are Codex, a coding agent based on GPT-5. You and the user sh (truncated)..."]
2026-04-15T19:22:55.207+08:00 DEBUG 15660 --- [ai-gateway] [nio-9988-exec-3] o.s.jdbc.core.JdbcTemplate               : Executing prepared SQL query
2026-04-15T19:22:55.208+08:00 DEBUG 15660 --- [ai-gateway] [nio-9988-exec-3] o.s.jdbc.core.JdbcTemplate               : Executing prepared SQL statement [select k.id, k.user_id, k.secret_hash, k.status, k.total_quota, k.used_quota, k.expires_at,
       u.username, u.role_code, coalesce(w.balance, 0) as balance
from api_keys k
join users u on u.id = k.user_id and u.deleted = 0
left join wallets w on w.user_id = u.id
where k.access_key = ? and k.deleted = 0
]
2026-04-15T19:22:55.288+08:00 DEBUG 15660 --- [ai-gateway] [nio-9988-exec-3] o.s.jdbc.core.JdbcTemplate               : Executing prepared SQL update
2026-04-15T19:22:55.290+08:00 DEBUG 15660 --- [ai-gateway] [nio-9988-exec-3] o.s.jdbc.core.JdbcTemplate               : Executing prepared SQL statement [update api_keys set last_used_at = now(), updated_at = now() where id = ?]
2026-04-15T19:22:55.294+08:00 DEBUG 15660 --- [ai-gateway] [nio-9988-exec-3] o.s.jdbc.core.JdbcTemplate               : Executing prepared SQL query
2026-04-15T19:22:55.295+08:00 DEBUG 15660 --- [ai-gateway] [nio-9988-exec-3] o.s.jdbc.core.JdbcTemplate               : Executing prepared SQL statement [select m.id as model_id, m.model_code, m.model_name, m.prompt_price, m.completion_price,
       m.request_price, m.multiplier, p.id as provider_id, p.provider_name, p.base_url, p.provider_type,
       p.timeout_ms, r.upstream_model, t.id as provider_token_id, t.token_value_encrypted
from models m
join model_routes r on r.model_id = m.id and r.status = 'ACTIVE'
join providers p on p.id = r.provider_id and p.deleted = 0 and p.status = 'ACTIVE'
join provider_tokens t on t.provider_id = p.id and t.deleted = 0 and t.status = 'ACTIVE'
where m.model_code = ? and m.deleted = 0 and m.status = 'ACTIVE'
order by r.priority_no asc, t.weight_no desc, t.id asc
limit 1
]
2026-04-15T19:22:56.979+08:00 DEBUG 15660 --- [ai-gateway] [nio-9988-exec-5] o.s.web.servlet.DispatcherServlet        : GET "/admin/request-logs?limit=50", parameters={masked}
2026-04-15T19:22:56.980+08:00 DEBUG 15660 --- [ai-gateway] [nio-9988-exec-5] s.w.s.m.m.a.RequestMappingHandlerMapping : Mapped to com.zxw.modules.request.controller.AdminRequestLogController#list(int)
2026-04-15T19:22:56.981+08:00 DEBUG 15660 --- [ai-gateway] [nio-9988-exec-5] o.s.jdbc.core.JdbcTemplate               : Executing prepared SQL query
2026-04-15T19:22:56.982+08:00 DEBUG 15660 --- [ai-gateway] [nio-9988-exec-5] o.s.jdbc.core.JdbcTemplate               : Executing prepared SQL statement [select l.request_id, u.username, l.model_code, l.upstream_model, l.status_code,
       l.latency_ms, l.total_tokens, l.user_amount, l.cost_amount, l.success, l.created_at
from request_logs l
left join users u on u.id = l.user_id
order by l.id desc
limit ?
]
2026-04-15T19:22:56.984+08:00 DEBUG 15660 --- [ai-gateway] [nio-9988-exec-5] m.m.a.RequestResponseBodyMethodProcessor : Using 'application/json', given [*/*] and supported [application/json, application/*+json]
2026-04-15T19:22:56.985+08:00 DEBUG 15660 --- [ai-gateway] [nio-9988-exec-5] m.m.a.RequestResponseBodyMethodProcessor : Writing [ApiResponse[success=true, message=OK, data=[RequestLogItemResponse[requestId=req_59aeb6f0bedc49ecb48 (truncated)...]
2026-04-15T19:22:56.987+08:00 DEBUG 15660 --- [ai-gateway] [nio-9988-exec-5] o.s.web.servlet.DispatcherServlet        : Completed 200 OK
2026-04-15T19:23:01.645+08:00 DEBUG 15660 --- [ai-gateway] [nio-9988-exec-3] o.s.jdbc.core.JdbcTemplate               : Executing prepared SQL update
2026-04-15T19:23:01.646+08:00 DEBUG 15660 --- [ai-gateway] [nio-9988-exec-3] o.s.jdbc.core.JdbcTemplate               : Executing prepared SQL statement [insert into request_logs (request_id, user_id, api_key_id, model_code, provider_id, provider_token_id, upstream_model,
                          request_path, request_method, request_ip, request_body_json, response_body_json,
                          prompt_tokens, completion_tokens, total_tokens, user_amount, cost_amount, latency_ms,
                          success, status_code, error_message, request_date, created_at)
values (?, ?, ?, ?, ?, ?, ?, ?, ?, ?, cast(? as json), cast(? as json), ?, ?, ?, ?, ?, ?, ?, ?, ?, ?, now())
]
2026-04-15T19:23:01.648+08:00 DEBUG 15660 --- [ai-gateway] [nio-9988-exec-3] o.s.jdbc.core.StatementCreatorUtils      : JDBC getParameterType call failed - using fallback method instead: java.sql.SQLException: Parameter metadata not available for the given statement
2026-04-15T19:23:01.681+08:00 DEBUG 15660 --- [ai-gateway] [nio-9988-exec-3] o.s.jdbc.core.JdbcTemplate               : Executing prepared SQL update
2026-04-15T19:23:01.682+08:00 DEBUG 15660 --- [ai-gateway] [nio-9988-exec-3] o.s.jdbc.core.JdbcTemplate               : Executing prepared SQL statement [update wallets
set balance = balance - ?, total_consume = total_consume + ?, updated_at = now()
where user_id = ?
]
2026-04-15T19:23:01.684+08:00 DEBUG 15660 --- [ai-gateway] [nio-9988-exec-3] o.s.jdbc.core.JdbcTemplate               : Executing prepared SQL query
2026-04-15T19:23:01.685+08:00 DEBUG 15660 --- [ai-gateway] [nio-9988-exec-3] o.s.jdbc.core.JdbcTemplate               : Executing prepared SQL statement [select id from wallets where user_id = ?]
2026-04-15T19:23:01.686+08:00 DEBUG 15660 --- [ai-gateway] [nio-9988-exec-3] o.s.jdbc.core.JdbcTemplate               : Executing prepared SQL query
2026-04-15T19:23:01.686+08:00 DEBUG 15660 --- [ai-gateway] [nio-9988-exec-3] o.s.jdbc.core.JdbcTemplate               : Executing prepared SQL statement [select balance from wallets where user_id = ?]
2026-04-15T19:23:01.688+08:00 DEBUG 15660 --- [ai-gateway] [nio-9988-exec-3] o.s.jdbc.core.JdbcTemplate               : Executing prepared SQL update
2026-04-15T19:23:01.688+08:00 DEBUG 15660 --- [ai-gateway] [nio-9988-exec-3] o.s.jdbc.core.JdbcTemplate               : Executing prepared SQL statement [insert into transactions (user_id, wallet_id, order_no, transaction_type, direction, amount,
                          balance_before, balance_after, status, description_text, transaction_date)
values (?, ?, ?, 'CONSUME', 'OUT', ?, ?, ?, 'SUCCESS', ?, curdate())
]
2026-04-15T19:23:01.692+08:00 DEBUG 15660 --- [ai-gateway] [nio-9988-exec-3] o.s.jdbc.core.JdbcTemplate               : Executing prepared SQL update
2026-04-15T19:23:01.693+08:00 DEBUG 15660 --- [ai-gateway] [nio-9988-exec-3] o.s.jdbc.core.JdbcTemplate               : Executing prepared SQL statement [update api_keys
set used_quota = used_quota + ?, updated_at = now()
where id = ?
]
2026-04-15T19:23:01.694+08:00 DEBUG 15660 --- [ai-gateway] [nio-9988-exec-3] o.s.jdbc.core.JdbcTemplate               : Executing prepared SQL update
2026-04-15T19:23:01.695+08:00 DEBUG 15660 --- [ai-gateway] [nio-9988-exec-3] o.s.jdbc.core.JdbcTemplate               : Executing prepared SQL statement [insert into usage_daily (stat_date, user_id, model_code, provider_id, request_count, success_count, total_tokens, user_amount, cost_amount)
values (?, ?, ?, ?, 1, ?, ?, ?, ?)
on duplicate key update
    request_count = request_count + 1,
    success_count = success_count + values(success_count),
    total_tokens = total_tokens + values(total_tokens),
    user_amount = user_amount + values(user_amount),
    cost_amount = cost_amount + values(cost_amount),
    updated_at = now()
]
2026-04-15T19:23:01.698+08:00 DEBUG 15660 --- [ai-gateway] [nio-9988-exec-3] o.s.jdbc.core.JdbcTemplate               : SQLWarning ignored: SQL state 'HY000', error code '1287', message ['VALUES function' is deprecated and will be removed in a future release. Please use an alias (INSERT INTO ... VALUES (...) AS alias) and replace VALUES(col) in the ON DUPLICATE KEY UPDATE clause with alias.col instead]
2026-04-15T19:23:01.699+08:00 DEBUG 15660 --- [ai-gateway] [nio-9988-exec-3] o.s.jdbc.core.JdbcTemplate               : SQLWarning ignored: SQL state 'HY000', error code '1287', message ['VALUES function' is deprecated and will be removed in a future release. Please use an alias (INSERT INTO ... VALUES (...) AS alias) and replace VALUES(col) in the ON DUPLICATE KEY UPDATE clause with alias.col instead]
2026-04-15T19:23:01.700+08:00 DEBUG 15660 --- [ai-gateway] [nio-9988-exec-3] o.s.jdbc.core.JdbcTemplate               : SQLWarning ignored: SQL state 'HY000', error code '1287', message ['VALUES function' is deprecated and will be removed in a future release. Please use an alias (INSERT INTO ... VALUES (...) AS alias) and replace VALUES(col) in the ON DUPLICATE KEY UPDATE clause with alias.col instead]
2026-04-15T19:23:01.700+08:00 DEBUG 15660 --- [ai-gateway] [nio-9988-exec-3] o.s.jdbc.core.JdbcTemplate               : SQLWarning ignored: SQL state 'HY000', error code '1287', message ['VALUES function' is deprecated and will be removed in a future release. Please use an alias (INSERT INTO ... VALUES (...) AS alias) and replace VALUES(col) in the ON DUPLICATE KEY UPDATE clause with alias.col instead]
2026-04-15T19:23:01.701+08:00 DEBUG 15660 --- [ai-gateway] [nio-9988-exec-3] o.s.w.s.m.m.a.HttpEntityMethodProcessor  : Found 'Content-Type:text/event-stream;charset=UTF-8' in response
2026-04-15T19:23:01.701+08:00 DEBUG 15660 --- [ai-gateway] [nio-9988-exec-3] o.s.w.s.m.m.a.HttpEntityMethodProcessor  : Writing ["event: response.created<EOL>data: {"type":"response.created","response":{"id":"resp_06ccc04a6e9a62ec0169 (truncated)..."]
2026-04-15T19:23:01.703+08:00 DEBUG 15660 --- [ai-gateway] [nio-9988-exec-3] o.s.web.servlet.DispatcherServlet        : Completed 200 OK
2026-04-15T19:23:03.143+08:00 DEBUG 15660 --- [ai-gateway] [nio-9988-exec-6] o.s.web.servlet.DispatcherServlet        : POST "/v1/responses", parameters={}
2026-04-15T19:23:03.145+08:00 DEBUG 15660 --- [ai-gateway] [nio-9988-exec-6] s.w.s.m.m.a.RequestMappingHandlerMapping : Mapped to com.zxw.modules.gateway.controller.GatewayChatController#responses(String, String, HttpServletRequest)
2026-04-15T19:23:03.178+08:00 DEBUG 15660 --- [ai-gateway] [nio-9988-exec-6] m.m.a.RequestResponseBodyMethodProcessor : Read "application/json;charset=UTF-8" to ["{"model":"gpt-5.4","instructions":"You are Codex, a coding agent based on GPT-5. You and the user sh (truncated)..."]
2026-04-15T19:23:03.179+08:00 DEBUG 15660 --- [ai-gateway] [nio-9988-exec-6] o.s.jdbc.core.JdbcTemplate               : Executing prepared SQL query
2026-04-15T19:23:03.180+08:00 DEBUG 15660 --- [ai-gateway] [nio-9988-exec-6] o.s.jdbc.core.JdbcTemplate               : Executing prepared SQL statement [select k.id, k.user_id, k.secret_hash, k.status, k.total_quota, k.used_quota, k.expires_at,
       u.username, u.role_code, coalesce(w.balance, 0) as balance
from api_keys k
join users u on u.id = k.user_id and u.deleted = 0
left join wallets w on w.user_id = u.id
where k.access_key = ? and k.deleted = 0
]
2026-04-15T19:23:03.246+08:00 DEBUG 15660 --- [ai-gateway] [nio-9988-exec-6] o.s.jdbc.core.JdbcTemplate               : Executing prepared SQL update
2026-04-15T19:23:03.247+08:00 DEBUG 15660 --- [ai-gateway] [nio-9988-exec-6] o.s.jdbc.core.JdbcTemplate               : Executing prepared SQL statement [update api_keys set last_used_at = now(), updated_at = now() where id = ?]
2026-04-15T19:23:03.251+08:00 DEBUG 15660 --- [ai-gateway] [nio-9988-exec-6] o.s.jdbc.core.JdbcTemplate               : Executing prepared SQL query
2026-04-15T19:23:03.252+08:00 DEBUG 15660 --- [ai-gateway] [nio-9988-exec-6] o.s.jdbc.core.JdbcTemplate               : Executing prepared SQL statement [select m.id as model_id, m.model_code, m.model_name, m.prompt_price, m.completion_price,
       m.request_price, m.multiplier, p.id as provider_id, p.provider_name, p.base_url, p.provider_type,
       p.timeout_ms, r.upstream_model, t.id as provider_token_id, t.token_value_encrypted
from models m
join model_routes r on r.model_id = m.id and r.status = 'ACTIVE'
join providers p on p.id = r.provider_id and p.deleted = 0 and p.status = 'ACTIVE'
join provider_tokens t on t.provider_id = p.id and t.deleted = 0 and t.status = 'ACTIVE'
where m.model_code = ? and m.deleted = 0 and m.status = 'ACTIVE'
order by r.priority_no asc, t.weight_no desc, t.id asc
limit 1
]
2026-04-15T19:23:07.028+08:00 DEBUG 15660 --- [ai-gateway] [nio-9988-exec-6] o.s.jdbc.core.JdbcTemplate               : Executing prepared SQL update
2026-04-15T19:23:07.029+08:00 DEBUG 15660 --- [ai-gateway] [nio-9988-exec-6] o.s.jdbc.core.JdbcTemplate               : Executing prepared SQL statement [insert into request_logs (request_id, user_id, api_key_id, model_code, provider_id, provider_token_id, upstream_model,
                          request_path, request_method, request_ip, request_body_json, response_body_json,
                          prompt_tokens, completion_tokens, total_tokens, user_amount, cost_amount, latency_ms,
                          success, status_code, error_message, request_date, created_at)
values (?, ?, ?, ?, ?, ?, ?, ?, ?, ?, cast(? as json), cast(? as json), ?, ?, ?, ?, ?, ?, ?, ?, ?, ?, now())
]
2026-04-15T19:23:07.030+08:00 DEBUG 15660 --- [ai-gateway] [nio-9988-exec-6] o.s.jdbc.core.StatementCreatorUtils      : JDBC getParameterType call failed - using fallback method instead: java.sql.SQLException: Parameter metadata not available for the given statement
2026-04-15T19:23:07.047+08:00 DEBUG 15660 --- [ai-gateway] [nio-9988-exec-6] o.s.jdbc.core.JdbcTemplate               : Executing prepared SQL update
2026-04-15T19:23:07.047+08:00 DEBUG 15660 --- [ai-gateway] [nio-9988-exec-6] o.s.jdbc.core.JdbcTemplate               : Executing prepared SQL statement [update wallets
set balance = balance - ?, total_consume = total_consume + ?, updated_at = now()
where user_id = ?
]
2026-04-15T19:23:07.050+08:00 DEBUG 15660 --- [ai-gateway] [nio-9988-exec-6] o.s.jdbc.core.JdbcTemplate               : Executing prepared SQL query
2026-04-15T19:23:07.051+08:00 DEBUG 15660 --- [ai-gateway] [nio-9988-exec-6] o.s.jdbc.core.JdbcTemplate               : Executing prepared SQL statement [select id from wallets where user_id = ?]
2026-04-15T19:23:07.051+08:00 DEBUG 15660 --- [ai-gateway] [nio-9988-exec-6] o.s.jdbc.core.JdbcTemplate               : Executing prepared SQL query
2026-04-15T19:23:07.052+08:00 DEBUG 15660 --- [ai-gateway] [nio-9988-exec-6] o.s.jdbc.core.JdbcTemplate               : Executing prepared SQL statement [select balance from wallets where user_id = ?]
2026-04-15T19:23:07.053+08:00 DEBUG 15660 --- [ai-gateway] [nio-9988-exec-6] o.s.jdbc.core.JdbcTemplate               : Executing prepared SQL update
2026-04-15T19:23:07.054+08:00 DEBUG 15660 --- [ai-gateway] [nio-9988-exec-6] o.s.jdbc.core.JdbcTemplate               : Executing prepared SQL statement [insert into transactions (user_id, wallet_id, order_no, transaction_type, direction, amount,
                          balance_before, balance_after, status, description_text, transaction_date)
values (?, ?, ?, 'CONSUME', 'OUT', ?, ?, ?, 'SUCCESS', ?, curdate())
]
2026-04-15T19:23:07.057+08:00 DEBUG 15660 --- [ai-gateway] [nio-9988-exec-6] o.s.jdbc.core.JdbcTemplate               : Executing prepared SQL update
2026-04-15T19:23:07.058+08:00 DEBUG 15660 --- [ai-gateway] [nio-9988-exec-6] o.s.jdbc.core.JdbcTemplate               : Executing prepared SQL statement [update api_keys
set used_quota = used_quota + ?, updated_at = now()
where id = ?
]
2026-04-15T19:23:07.059+08:00 DEBUG 15660 --- [ai-gateway] [nio-9988-exec-6] o.s.jdbc.core.JdbcTemplate               : Executing prepared SQL update
2026-04-15T19:23:07.060+08:00 DEBUG 15660 --- [ai-gateway] [nio-9988-exec-6] o.s.jdbc.core.JdbcTemplate               : Executing prepared SQL statement [insert into usage_daily (stat_date, user_id, model_code, provider_id, request_count, success_count, total_tokens, user_amount, cost_amount)
values (?, ?, ?, ?, 1, ?, ?, ?, ?)
on duplicate key update
    request_count = request_count + 1,
    success_count = success_count + values(success_count),
    total_tokens = total_tokens + values(total_tokens),
    user_amount = user_amount + values(user_amount),
    cost_amount = cost_amount + values(cost_amount),
    updated_at = now()
]
2026-04-15T19:23:07.064+08:00 DEBUG 15660 --- [ai-gateway] [nio-9988-exec-6] o.s.jdbc.core.JdbcTemplate               : SQLWarning ignored: SQL state 'HY000', error code '1287', message ['VALUES function' is deprecated and will be removed in a future release. Please use an alias (INSERT INTO ... VALUES (...) AS alias) and replace VALUES(col) in the ON DUPLICATE KEY UPDATE clause with alias.col instead]
2026-04-15T19:23:07.065+08:00 DEBUG 15660 --- [ai-gateway] [nio-9988-exec-6] o.s.jdbc.core.JdbcTemplate               : SQLWarning ignored: SQL state 'HY000', error code '1287', message ['VALUES function' is deprecated and will be removed in a future release. Please use an alias (INSERT INTO ... VALUES (...) AS alias) and replace VALUES(col) in the ON DUPLICATE KEY UPDATE clause with alias.col instead]
2026-04-15T19:23:07.065+08:00 DEBUG 15660 --- [ai-gateway] [nio-9988-exec-6] o.s.jdbc.core.JdbcTemplate               : SQLWarning ignored: SQL state 'HY000', error code '1287', message ['VALUES function' is deprecated and will be removed in a future release. Please use an alias (INSERT INTO ... VALUES (...) AS alias) and replace VALUES(col) in the ON DUPLICATE KEY UPDATE clause with alias.col instead]
2026-04-15T19:23:07.065+08:00 DEBUG 15660 --- [ai-gateway] [nio-9988-exec-6] o.s.jdbc.core.JdbcTemplate               : SQLWarning ignored: SQL state 'HY000', error code '1287', message ['VALUES function' is deprecated and will be removed in a future release. Please use an alias (INSERT INTO ... VALUES (...) AS alias) and replace VALUES(col) in the ON DUPLICATE KEY UPDATE clause with alias.col instead]
2026-04-15T19:23:07.066+08:00 DEBUG 15660 --- [ai-gateway] [nio-9988-exec-6] o.s.w.s.m.m.a.HttpEntityMethodProcessor  : Found 'Content-Type:text/event-stream;charset=UTF-8' in response
2026-04-15T19:23:07.066+08:00 DEBUG 15660 --- [ai-gateway] [nio-9988-exec-6] o.s.w.s.m.m.a.HttpEntityMethodProcessor  : Writing ["event: response.created<EOL>data: {"type":"response.created","response":{"id":"resp_0c6b9cc8a897fe680169 (truncated)..."]
2026-04-15T19:23:07.068+08:00 DEBUG 15660 --- [ai-gateway] [nio-9988-exec-6] o.s.web.servlet.DispatcherServlet        : Completed 200 OK
2026-04-15T19:23:08.376+08:00 DEBUG 15660 --- [ai-gateway] [nio-9988-exec-8] o.s.web.servlet.DispatcherServlet        : GET "/admin/request-logs?limit=50", parameters={masked}
2026-04-15T19:23:08.377+08:00 DEBUG 15660 --- [ai-gateway] [nio-9988-exec-8] s.w.s.m.m.a.RequestMappingHandlerMapping : Mapped to com.zxw.modules.request.controller.AdminRequestLogController#list(int)
2026-04-15T19:23:08.379+08:00 DEBUG 15660 --- [ai-gateway] [nio-9988-exec-8] o.s.jdbc.core.JdbcTemplate               : Executing prepared SQL query
2026-04-15T19:23:08.380+08:00 DEBUG 15660 --- [ai-gateway] [nio-9988-exec-8] o.s.jdbc.core.JdbcTemplate               : Executing prepared SQL statement [select l.request_id, u.username, l.model_code, l.upstream_model, l.status_code,
       l.latency_ms, l.total_tokens, l.user_amount, l.cost_amount, l.success, l.created_at
from request_logs l
left join users u on u.id = l.user_id
order by l.id desc
limit ?
]
2026-04-15T19:23:08.383+08:00 DEBUG 15660 --- [ai-gateway] [nio-9988-exec-8] m.m.a.RequestResponseBodyMethodProcessor : Using 'application/json', given [*/*] and supported [application/json, application/*+json]
2026-04-15T19:23:08.384+08:00 DEBUG 15660 --- [ai-gateway] [nio-9988-exec-8] m.m.a.RequestResponseBodyMethodProcessor : Writing [ApiResponse[success=true, message=OK, data=[RequestLogItemResponse[requestId=req_aa061499aea04fa1bc5 (truncated)...]
2026-04-15T19:23:08.386+08:00 DEBUG 15660 --- [ai-gateway] [nio-9988-exec-8] o.s.web.servlet.DispatcherServlet        : Completed 200 OK
2026-04-15T19:24:36.098+08:00 DEBUG 15660 --- [ai-gateway] [nio-9988-exec-5] o.s.web.servlet.DispatcherServlet        : POST "/v1/responses", parameters={}
2026-04-15T19:24:36.161+08:00 DEBUG 15660 --- [ai-gateway] [nio-9988-exec-5] s.w.s.m.m.a.RequestMappingHandlerMapping : Mapped to com.zxw.modules.gateway.controller.GatewayChatController#responses(String, String, HttpServletRequest)
2026-04-15T19:24:36.163+08:00 DEBUG 15660 --- [ai-gateway] [nio-9988-exec-5] m.m.a.RequestResponseBodyMethodProcessor : Read "application/json;charset=UTF-8" to ["{"model":"gpt-5.4","instructions":"You are Codex, a coding agent based on GPT-5. You and the user sh (truncated)..."]
2026-04-15T19:24:36.164+08:00 DEBUG 15660 --- [ai-gateway] [nio-9988-exec-5] o.s.jdbc.core.JdbcTemplate               : Executing prepared SQL query
2026-04-15T19:24:36.164+08:00 DEBUG 15660 --- [ai-gateway] [nio-9988-exec-5] o.s.jdbc.core.JdbcTemplate               : Executing prepared SQL statement [select k.id, k.user_id, k.secret_hash, k.status, k.total_quota, k.used_quota, k.expires_at,
       u.username, u.role_code, coalesce(w.balance, 0) as balance
from api_keys k
join users u on u.id = k.user_id and u.deleted = 0
left join wallets w on w.user_id = u.id
where k.access_key = ? and k.deleted = 0
]
2026-04-15T19:24:36.225+08:00 DEBUG 15660 --- [ai-gateway] [nio-9988-exec-5] o.s.jdbc.core.JdbcTemplate               : Executing prepared SQL update
2026-04-15T19:24:36.226+08:00 DEBUG 15660 --- [ai-gateway] [nio-9988-exec-5] o.s.jdbc.core.JdbcTemplate               : Executing prepared SQL statement [update api_keys set last_used_at = now(), updated_at = now() where id = ?]
2026-04-15T19:24:36.230+08:00 DEBUG 15660 --- [ai-gateway] [nio-9988-exec-5] o.s.jdbc.core.JdbcTemplate               : Executing prepared SQL query
2026-04-15T19:24:36.231+08:00 DEBUG 15660 --- [ai-gateway] [nio-9988-exec-5] o.s.jdbc.core.JdbcTemplate               : Executing prepared SQL statement [select m.id as model_id, m.model_code, m.model_name, m.prompt_price, m.completion_price,
       m.request_price, m.multiplier, p.id as provider_id, p.provider_name, p.base_url, p.provider_type,
       p.timeout_ms, r.upstream_model, t.id as provider_token_id, t.token_value_encrypted
from models m
join model_routes r on r.model_id = m.id and r.status = 'ACTIVE'
join providers p on p.id = r.provider_id and p.deleted = 0 and p.status = 'ACTIVE'
join provider_tokens t on t.provider_id = p.id and t.deleted = 0 and t.status = 'ACTIVE'
where m.model_code = ? and m.deleted = 0 and m.status = 'ACTIVE'
order by r.priority_no asc, t.weight_no desc, t.id asc
limit 1
]
2026-04-15T19:24:45.002+08:00 DEBUG 15660 --- [ai-gateway] [nio-9988-exec-5] o.s.jdbc.core.JdbcTemplate               : Executing prepared SQL update
2026-04-15T19:24:45.003+08:00 DEBUG 15660 --- [ai-gateway] [nio-9988-exec-5] o.s.jdbc.core.JdbcTemplate               : Executing prepared SQL statement [insert into request_logs (request_id, user_id, api_key_id, model_code, provider_id, provider_token_id, upstream_model,
                          request_path, request_method, request_ip, request_body_json, response_body_json,
                          prompt_tokens, completion_tokens, total_tokens, user_amount, cost_amount, latency_ms,
                          success, status_code, error_message, request_date, created_at)
values (?, ?, ?, ?, ?, ?, ?, ?, ?, ?, cast(? as json), cast(? as json), ?, ?, ?, ?, ?, ?, ?, ?, ?, ?, now())
]
2026-04-15T19:24:45.004+08:00 DEBUG 15660 --- [ai-gateway] [nio-9988-exec-5] o.s.jdbc.core.StatementCreatorUtils      : JDBC getParameterType call failed - using fallback method instead: java.sql.SQLException: Parameter metadata not available for the given statement
2026-04-15T19:24:45.020+08:00 DEBUG 15660 --- [ai-gateway] [nio-9988-exec-5] o.s.jdbc.core.JdbcTemplate               : Executing prepared SQL update
2026-04-15T19:24:45.021+08:00 DEBUG 15660 --- [ai-gateway] [nio-9988-exec-5] o.s.jdbc.core.JdbcTemplate               : Executing prepared SQL statement [update wallets
set balance = balance - ?, total_consume = total_consume + ?, updated_at = now()
where user_id = ?
]
2026-04-15T19:24:45.024+08:00 DEBUG 15660 --- [ai-gateway] [nio-9988-exec-5] o.s.jdbc.core.JdbcTemplate               : Executing prepared SQL query
2026-04-15T19:24:45.025+08:00 DEBUG 15660 --- [ai-gateway] [nio-9988-exec-5] o.s.jdbc.core.JdbcTemplate               : Executing prepared SQL statement [select id from wallets where user_id = ?]
2026-04-15T19:24:45.027+08:00 DEBUG 15660 --- [ai-gateway] [nio-9988-exec-5] o.s.jdbc.core.JdbcTemplate               : Executing prepared SQL query
2026-04-15T19:24:45.028+08:00 DEBUG 15660 --- [ai-gateway] [nio-9988-exec-5] o.s.jdbc.core.JdbcTemplate               : Executing prepared SQL statement [select balance from wallets where user_id = ?]
2026-04-15T19:24:45.030+08:00 DEBUG 15660 --- [ai-gateway] [nio-9988-exec-5] o.s.jdbc.core.JdbcTemplate               : Executing prepared SQL update
2026-04-15T19:24:45.030+08:00 DEBUG 15660 --- [ai-gateway] [nio-9988-exec-5] o.s.jdbc.core.JdbcTemplate               : Executing prepared SQL statement [insert into transactions (user_id, wallet_id, order_no, transaction_type, direction, amount,
                          balance_before, balance_after, status, description_text, transaction_date)
values (?, ?, ?, 'CONSUME', 'OUT', ?, ?, ?, 'SUCCESS', ?, curdate())
]
2026-04-15T19:24:45.032+08:00 DEBUG 15660 --- [ai-gateway] [nio-9988-exec-5] o.s.jdbc.core.JdbcTemplate               : Executing prepared SQL update
2026-04-15T19:24:45.033+08:00 DEBUG 15660 --- [ai-gateway] [nio-9988-exec-5] o.s.jdbc.core.JdbcTemplate               : Executing prepared SQL statement [update api_keys
set used_quota = used_quota + ?, updated_at = now()
where id = ?
]
2026-04-15T19:24:45.036+08:00 DEBUG 15660 --- [ai-gateway] [nio-9988-exec-5] o.s.jdbc.core.JdbcTemplate               : Executing prepared SQL update
2026-04-15T19:24:45.036+08:00 DEBUG 15660 --- [ai-gateway] [nio-9988-exec-5] o.s.jdbc.core.JdbcTemplate               : Executing prepared SQL statement [insert into usage_daily (stat_date, user_id, model_code, provider_id, request_count, success_count, total_tokens, user_amount, cost_amount)
values (?, ?, ?, ?, 1, ?, ?, ?, ?)
on duplicate key update
    request_count = request_count + 1,
    success_count = success_count + values(success_count),
    total_tokens = total_tokens + values(total_tokens),
    user_amount = user_amount + values(user_amount),
    cost_amount = cost_amount + values(cost_amount),
    updated_at = now()
]
2026-04-15T19:24:45.039+08:00 DEBUG 15660 --- [ai-gateway] [nio-9988-exec-5] o.s.jdbc.core.JdbcTemplate               : SQLWarning ignored: SQL state 'HY000', error code '1287', message ['VALUES function' is deprecated and will be removed in a future release. Please use an alias (INSERT INTO ... VALUES (...) AS alias) and replace VALUES(col) in the ON DUPLICATE KEY UPDATE clause with alias.col instead]
2026-04-15T19:24:45.040+08:00 DEBUG 15660 --- [ai-gateway] [nio-9988-exec-5] o.s.jdbc.core.JdbcTemplate               : SQLWarning ignored: SQL state 'HY000', error code '1287', message ['VALUES function' is deprecated and will be removed in a future release. Please use an alias (INSERT INTO ... VALUES (...) AS alias) and replace VALUES(col) in the ON DUPLICATE KEY UPDATE clause with alias.col instead]
2026-04-15T19:24:45.041+08:00 DEBUG 15660 --- [ai-gateway] [nio-9988-exec-5] o.s.jdbc.core.JdbcTemplate               : SQLWarning ignored: SQL state 'HY000', error code '1287', message ['VALUES function' is deprecated and will be removed in a future release. Please use an alias (INSERT INTO ... VALUES (...) AS alias) and replace VALUES(col) in the ON DUPLICATE KEY UPDATE clause with alias.col instead]
2026-04-15T19:24:45.041+08:00 DEBUG 15660 --- [ai-gateway] [nio-9988-exec-5] o.s.jdbc.core.JdbcTemplate               : SQLWarning ignored: SQL state 'HY000', error code '1287', message ['VALUES function' is deprecated and will be removed in a future release. Please use an alias (INSERT INTO ... VALUES (...) AS alias) and replace VALUES(col) in the ON DUPLICATE KEY UPDATE clause with alias.col instead]
2026-04-15T19:24:45.042+08:00 DEBUG 15660 --- [ai-gateway] [nio-9988-exec-5] o.s.w.s.m.m.a.HttpEntityMethodProcessor  : Found 'Content-Type:text/event-stream;charset=UTF-8' in response
2026-04-15T19:24:45.043+08:00 DEBUG 15660 --- [ai-gateway] [nio-9988-exec-5] o.s.w.s.m.m.a.HttpEntityMethodProcessor  : Writing ["event: response.created<EOL>data: {"type":"response.created","response":{"id":"resp_015d14c12c9f1fb90169 (truncated)..."]
2026-04-15T19:24:45.046+08:00 DEBUG 15660 --- [ai-gateway] [nio-9988-exec-5] o.s.web.servlet.DispatcherServlet        : Completed 200 OK
2026-04-15T19:24:47.745+08:00 DEBUG 15660 --- [ai-gateway] [nio-9988-exec-2] o.s.web.servlet.DispatcherServlet        : POST "/v1/responses", parameters={}
2026-04-15T19:24:47.747+08:00 DEBUG 15660 --- [ai-gateway] [nio-9988-exec-2] s.w.s.m.m.a.RequestMappingHandlerMapping : Mapped to com.zxw.modules.gateway.controller.GatewayChatController#responses(String, String, HttpServletRequest)
2026-04-15T19:24:47.903+08:00 DEBUG 15660 --- [ai-gateway] [nio-9988-exec-2] m.m.a.RequestResponseBodyMethodProcessor : Read "application/json;charset=UTF-8" to ["{"model":"gpt-5.4","instructions":"You are Codex, a coding agent based on GPT-5. You and the user sh (truncated)..."]
2026-04-15T19:24:47.904+08:00 DEBUG 15660 --- [ai-gateway] [nio-9988-exec-2] o.s.jdbc.core.JdbcTemplate               : Executing prepared SQL query
2026-04-15T19:24:47.905+08:00 DEBUG 15660 --- [ai-gateway] [nio-9988-exec-2] o.s.jdbc.core.JdbcTemplate               : Executing prepared SQL statement [select k.id, k.user_id, k.secret_hash, k.status, k.total_quota, k.used_quota, k.expires_at,
       u.username, u.role_code, coalesce(w.balance, 0) as balance
from api_keys k
join users u on u.id = k.user_id and u.deleted = 0
left join wallets w on w.user_id = u.id
where k.access_key = ? and k.deleted = 0
]
2026-04-15T19:24:47.974+08:00 DEBUG 15660 --- [ai-gateway] [nio-9988-exec-2] o.s.jdbc.core.JdbcTemplate               : Executing prepared SQL update
2026-04-15T19:24:47.975+08:00 DEBUG 15660 --- [ai-gateway] [nio-9988-exec-2] o.s.jdbc.core.JdbcTemplate               : Executing prepared SQL statement [update api_keys set last_used_at = now(), updated_at = now() where id = ?]
2026-04-15T19:24:47.980+08:00 DEBUG 15660 --- [ai-gateway] [nio-9988-exec-2] o.s.jdbc.core.JdbcTemplate               : Executing prepared SQL query
2026-04-15T19:24:47.981+08:00 DEBUG 15660 --- [ai-gateway] [nio-9988-exec-2] o.s.jdbc.core.JdbcTemplate               : Executing prepared SQL statement [select m.id as model_id, m.model_code, m.model_name, m.prompt_price, m.completion_price,
       m.request_price, m.multiplier, p.id as provider_id, p.provider_name, p.base_url, p.provider_type,
       p.timeout_ms, r.upstream_model, t.id as provider_token_id, t.token_value_encrypted
from models m
join model_routes r on r.model_id = m.id and r.status = 'ACTIVE'
join providers p on p.id = r.provider_id and p.deleted = 0 and p.status = 'ACTIVE'
join provider_tokens t on t.provider_id = p.id and t.deleted = 0 and t.status = 'ACTIVE'
where m.model_code = ? and m.deleted = 0 and m.status = 'ACTIVE'
order by r.priority_no asc, t.weight_no desc, t.id asc
limit 1
]
2026-04-15T19:24:54.496+08:00 DEBUG 15660 --- [ai-gateway] [nio-9988-exec-6] o.s.web.servlet.DispatcherServlet        : GET "/admin/request-logs?limit=50", parameters={masked}
2026-04-15T19:24:54.498+08:00 DEBUG 15660 --- [ai-gateway] [nio-9988-exec-6] s.w.s.m.m.a.RequestMappingHandlerMapping : Mapped to com.zxw.modules.request.controller.AdminRequestLogController#list(int)
2026-04-15T19:24:54.501+08:00 DEBUG 15660 --- [ai-gateway] [nio-9988-exec-6] o.s.jdbc.core.JdbcTemplate               : Executing prepared SQL query
2026-04-15T19:24:54.501+08:00 DEBUG 15660 --- [ai-gateway] [nio-9988-exec-6] o.s.jdbc.core.JdbcTemplate               : Executing prepared SQL statement [select l.request_id, u.username, l.model_code, l.upstream_model, l.status_code,
       l.latency_ms, l.total_tokens, l.user_amount, l.cost_amount, l.success, l.created_at
from request_logs l
left join users u on u.id = l.user_id
order by l.id desc
limit ?
]
2026-04-15T19:24:54.505+08:00 DEBUG 15660 --- [ai-gateway] [nio-9988-exec-6] m.m.a.RequestResponseBodyMethodProcessor : Using 'application/json', given [*/*] and supported [application/json, application/*+json]
2026-04-15T19:24:54.507+08:00 DEBUG 15660 --- [ai-gateway] [nio-9988-exec-6] m.m.a.RequestResponseBodyMethodProcessor : Writing [ApiResponse[success=true, message=OK, data=[RequestLogItemResponse[requestId=req_ea93c8fedfd44038aed (truncated)...]
2026-04-15T19:24:54.509+08:00 DEBUG 15660 --- [ai-gateway] [nio-9988-exec-6] o.s.web.servlet.DispatcherServlet        : Completed 200 OK
2026-04-15T19:24:55.104+08:00 DEBUG 15660 --- [ai-gateway] [nio-9988-exec-9] o.s.web.servlet.DispatcherServlet        : GET "/admin/request-logs?limit=50", parameters={masked}
2026-04-15T19:24:55.105+08:00 DEBUG 15660 --- [ai-gateway] [nio-9988-exec-9] s.w.s.m.m.a.RequestMappingHandlerMapping : Mapped to com.zxw.modules.request.controller.AdminRequestLogController#list(int)
2026-04-15T19:24:55.107+08:00 DEBUG 15660 --- [ai-gateway] [nio-9988-exec-9] o.s.jdbc.core.JdbcTemplate               : Executing prepared SQL query
2026-04-15T19:24:55.109+08:00 DEBUG 15660 --- [ai-gateway] [nio-9988-exec-9] o.s.jdbc.core.JdbcTemplate               : Executing prepared SQL statement [select l.request_id, u.username, l.model_code, l.upstream_model, l.status_code,
       l.latency_ms, l.total_tokens, l.user_amount, l.cost_amount, l.success, l.created_at
from request_logs l
left join users u on u.id = l.user_id
order by l.id desc
limit ?
]
2026-04-15T19:24:55.112+08:00 DEBUG 15660 --- [ai-gateway] [nio-9988-exec-9] m.m.a.RequestResponseBodyMethodProcessor : Using 'application/json', given [*/*] and supported [application/json, application/*+json]
2026-04-15T19:24:55.113+08:00 DEBUG 15660 --- [ai-gateway] [nio-9988-exec-9] m.m.a.RequestResponseBodyMethodProcessor : Writing [ApiResponse[success=true, message=OK, data=[RequestLogItemResponse[requestId=req_ea93c8fedfd44038aed (truncated)...]
2026-04-15T19:24:55.114+08:00 DEBUG 15660 --- [ai-gateway] [nio-9988-exec-9] o.s.web.servlet.DispatcherServlet        : Completed 200 OK
2026-04-15T19:24:58.470+08:00 DEBUG 15660 --- [ai-gateway] [nio-9988-exec-2] o.s.jdbc.core.JdbcTemplate               : Executing prepared SQL update
2026-04-15T19:24:58.472+08:00 DEBUG 15660 --- [ai-gateway] [nio-9988-exec-2] o.s.jdbc.core.JdbcTemplate               : Executing prepared SQL statement [insert into request_logs (request_id, user_id, api_key_id, model_code, provider_id, provider_token_id, upstream_model,
                          request_path, request_method, request_ip, request_body_json, response_body_json,
                          prompt_tokens, completion_tokens, total_tokens, user_amount, cost_amount, latency_ms,
                          success, status_code, error_message, request_date, created_at)
values (?, ?, ?, ?, ?, ?, ?, ?, ?, ?, cast(? as json), cast(? as json), ?, ?, ?, ?, ?, ?, ?, ?, ?, ?, now())
]
2026-04-15T19:24:58.473+08:00 DEBUG 15660 --- [ai-gateway] [nio-9988-exec-2] o.s.jdbc.core.StatementCreatorUtils      : JDBC getParameterType call failed - using fallback method instead: java.sql.SQLException: Parameter metadata not available for the given statement
2026-04-15T19:24:58.510+08:00 DEBUG 15660 --- [ai-gateway] [nio-9988-exec-2] o.s.jdbc.core.JdbcTemplate               : Executing prepared SQL update
2026-04-15T19:24:58.511+08:00 DEBUG 15660 --- [ai-gateway] [nio-9988-exec-2] o.s.jdbc.core.JdbcTemplate               : Executing prepared SQL statement [update wallets
set balance = balance - ?, total_consume = total_consume + ?, updated_at = now()
where user_id = ?
]
2026-04-15T19:24:58.514+08:00 DEBUG 15660 --- [ai-gateway] [nio-9988-exec-2] o.s.jdbc.core.JdbcTemplate               : Executing prepared SQL query
2026-04-15T19:24:58.515+08:00 DEBUG 15660 --- [ai-gateway] [nio-9988-exec-2] o.s.jdbc.core.JdbcTemplate               : Executing prepared SQL statement [select id from wallets where user_id = ?]
2026-04-15T19:24:58.515+08:00 DEBUG 15660 --- [ai-gateway] [nio-9988-exec-2] o.s.jdbc.core.JdbcTemplate               : Executing prepared SQL query
2026-04-15T19:24:58.516+08:00 DEBUG 15660 --- [ai-gateway] [nio-9988-exec-2] o.s.jdbc.core.JdbcTemplate               : Executing prepared SQL statement [select balance from wallets where user_id = ?]
2026-04-15T19:24:58.517+08:00 DEBUG 15660 --- [ai-gateway] [nio-9988-exec-2] o.s.jdbc.core.JdbcTemplate               : Executing prepared SQL update
2026-04-15T19:24:58.519+08:00 DEBUG 15660 --- [ai-gateway] [nio-9988-exec-2] o.s.jdbc.core.JdbcTemplate               : Executing prepared SQL statement [insert into transactions (user_id, wallet_id, order_no, transaction_type, direction, amount,
                          balance_before, balance_after, status, description_text, transaction_date)
values (?, ?, ?, 'CONSUME', 'OUT', ?, ?, ?, 'SUCCESS', ?, curdate())
]
2026-04-15T19:24:58.522+08:00 DEBUG 15660 --- [ai-gateway] [nio-9988-exec-2] o.s.jdbc.core.JdbcTemplate               : Executing prepared SQL update
2026-04-15T19:24:58.523+08:00 DEBUG 15660 --- [ai-gateway] [nio-9988-exec-2] o.s.jdbc.core.JdbcTemplate               : Executing prepared SQL statement [update api_keys
set used_quota = used_quota + ?, updated_at = now()
where id = ?
]
2026-04-15T19:24:58.525+08:00 DEBUG 15660 --- [ai-gateway] [nio-9988-exec-2] o.s.jdbc.core.JdbcTemplate               : Executing prepared SQL update
2026-04-15T19:24:58.526+08:00 DEBUG 15660 --- [ai-gateway] [nio-9988-exec-2] o.s.jdbc.core.JdbcTemplate               : Executing prepared SQL statement [insert into usage_daily (stat_date, user_id, model_code, provider_id, request_count, success_count, total_tokens, user_amount, cost_amount)
values (?, ?, ?, ?, 1, ?, ?, ?, ?)
on duplicate key update
    request_count = request_count + 1,
    success_count = success_count + values(success_count),
    total_tokens = total_tokens + values(total_tokens),
    user_amount = user_amount + values(user_amount),
    cost_amount = cost_amount + values(cost_amount),
    updated_at = now()
]
2026-04-15T19:24:58.532+08:00 DEBUG 15660 --- [ai-gateway] [nio-9988-exec-2] o.s.jdbc.core.JdbcTemplate               : SQLWarning ignored: SQL state 'HY000', error code '1287', message ['VALUES function' is deprecated and will be removed in a future release. Please use an alias (INSERT INTO ... VALUES (...) AS alias) and replace VALUES(col) in the ON DUPLICATE KEY UPDATE clause with alias.col instead]
2026-04-15T19:24:58.533+08:00 DEBUG 15660 --- [ai-gateway] [nio-9988-exec-2] o.s.jdbc.core.JdbcTemplate               : SQLWarning ignored: SQL state 'HY000', error code '1287', message ['VALUES function' is deprecated and will be removed in a future release. Please use an alias (INSERT INTO ... VALUES (...) AS alias) and replace VALUES(col) in the ON DUPLICATE KEY UPDATE clause with alias.col instead]
2026-04-15T19:24:58.534+08:00 DEBUG 15660 --- [ai-gateway] [nio-9988-exec-2] o.s.jdbc.core.JdbcTemplate               : SQLWarning ignored: SQL state 'HY000', error code '1287', message ['VALUES function' is deprecated and will be removed in a future release. Please use an alias (INSERT INTO ... VALUES (...) AS alias) and replace VALUES(col) in the ON DUPLICATE KEY UPDATE clause with alias.col instead]
2026-04-15T19:24:58.534+08:00 DEBUG 15660 --- [ai-gateway] [nio-9988-exec-2] o.s.jdbc.core.JdbcTemplate               : SQLWarning ignored: SQL state 'HY000', error code '1287', message ['VALUES function' is deprecated and will be removed in a future release. Please use an alias (INSERT INTO ... VALUES (...) AS alias) and replace VALUES(col) in the ON DUPLICATE KEY UPDATE clause with alias.col instead]
2026-04-15T19:24:58.535+08:00 DEBUG 15660 --- [ai-gateway] [nio-9988-exec-2] o.s.w.s.m.m.a.HttpEntityMethodProcessor  : Found 'Content-Type:text/event-stream;charset=UTF-8' in response
2026-04-15T19:24:58.536+08:00 DEBUG 15660 --- [ai-gateway] [nio-9988-exec-2] o.s.w.s.m.m.a.HttpEntityMethodProcessor  : Writing ["event: response.created<EOL>data: {"type":"response.created","response":{"id":"resp_075086af090e7fd10169 (truncated)..."]
2026-04-15T19:24:58.539+08:00 DEBUG 15660 --- [ai-gateway] [nio-9988-exec-2] o.s.web.servlet.DispatcherServlet        : Completed 200 OK
2026-04-15T19:25:01.229+08:00 DEBUG 15660 --- [ai-gateway] [nio-9988-exec-1] o.s.web.servlet.DispatcherServlet        : POST "/v1/responses", parameters={}
2026-04-15T19:25:01.230+08:00 DEBUG 15660 --- [ai-gateway] [nio-9988-exec-1] s.w.s.m.m.a.RequestMappingHandlerMapping : Mapped to com.zxw.modules.gateway.controller.GatewayChatController#responses(String, String, HttpServletRequest)
2026-04-15T19:25:02.061+08:00 DEBUG 15660 --- [ai-gateway] [nio-9988-exec-1] m.m.a.RequestResponseBodyMethodProcessor : Read "application/json;charset=UTF-8" to ["{"model":"gpt-5.4","instructions":"You are Codex, a coding agent based on GPT-5. You and the user sh (truncated)..."]
2026-04-15T19:25:02.062+08:00 DEBUG 15660 --- [ai-gateway] [nio-9988-exec-1] o.s.jdbc.core.JdbcTemplate               : Executing prepared SQL query
2026-04-15T19:25:02.064+08:00 DEBUG 15660 --- [ai-gateway] [nio-9988-exec-1] o.s.jdbc.core.JdbcTemplate               : Executing prepared SQL statement [select k.id, k.user_id, k.secret_hash, k.status, k.total_quota, k.used_quota, k.expires_at,
       u.username, u.role_code, coalesce(w.balance, 0) as balance
from api_keys k
join users u on u.id = k.user_id and u.deleted = 0
left join wallets w on w.user_id = u.id
where k.access_key = ? and k.deleted = 0
]
2026-04-15T19:25:02.148+08:00 DEBUG 15660 --- [ai-gateway] [nio-9988-exec-1] o.s.jdbc.core.JdbcTemplate               : Executing prepared SQL update
2026-04-15T19:25:02.149+08:00 DEBUG 15660 --- [ai-gateway] [nio-9988-exec-1] o.s.jdbc.core.JdbcTemplate               : Executing prepared SQL statement [update api_keys set last_used_at = now(), updated_at = now() where id = ?]
2026-04-15T19:25:02.152+08:00 DEBUG 15660 --- [ai-gateway] [nio-9988-exec-1] o.s.jdbc.core.JdbcTemplate               : Executing prepared SQL query
2026-04-15T19:25:02.153+08:00 DEBUG 15660 --- [ai-gateway] [nio-9988-exec-1] o.s.jdbc.core.JdbcTemplate               : Executing prepared SQL statement [select m.id as model_id, m.model_code, m.model_name, m.prompt_price, m.completion_price,
       m.request_price, m.multiplier, p.id as provider_id, p.provider_name, p.base_url, p.provider_type,
       p.timeout_ms, r.upstream_model, t.id as provider_token_id, t.token_value_encrypted
from models m
join model_routes r on r.model_id = m.id and r.status = 'ACTIVE'
join providers p on p.id = r.provider_id and p.deleted = 0 and p.status = 'ACTIVE'
join provider_tokens t on t.provider_id = p.id and t.deleted = 0 and t.status = 'ACTIVE'
where m.model_code = ? and m.deleted = 0 and m.status = 'ACTIVE'
order by r.priority_no asc, t.weight_no desc, t.id asc
limit 1
]
2026-04-15T19:25:09.956+08:00 DEBUG 15660 --- [ai-gateway] [nio-9988-exec-1] o.s.jdbc.core.JdbcTemplate               : Executing prepared SQL update
2026-04-15T19:25:09.957+08:00 DEBUG 15660 --- [ai-gateway] [nio-9988-exec-1] o.s.jdbc.core.JdbcTemplate               : Executing prepared SQL statement [insert into request_logs (request_id, user_id, api_key_id, model_code, provider_id, provider_token_id, upstream_model,
                          request_path, request_method, request_ip, request_body_json, response_body_json,
                          prompt_tokens, completion_tokens, total_tokens, user_amount, cost_amount, latency_ms,
                          success, status_code, error_message, request_date, created_at)
values (?, ?, ?, ?, ?, ?, ?, ?, ?, ?, cast(? as json), cast(? as json), ?, ?, ?, ?, ?, ?, ?, ?, ?, ?, now())
]
2026-04-15T19:25:09.958+08:00 DEBUG 15660 --- [ai-gateway] [nio-9988-exec-1] o.s.jdbc.core.StatementCreatorUtils      : JDBC getParameterType call failed - using fallback method instead: java.sql.SQLException: Parameter metadata not available for the given statement
2026-04-15T19:25:09.985+08:00 DEBUG 15660 --- [ai-gateway] [nio-9988-exec-1] o.s.jdbc.core.JdbcTemplate               : Executing prepared SQL update
2026-04-15T19:25:09.986+08:00 DEBUG 15660 --- [ai-gateway] [nio-9988-exec-1] o.s.jdbc.core.JdbcTemplate               : Executing prepared SQL statement [update wallets
set balance = balance - ?, total_consume = total_consume + ?, updated_at = now()
where user_id = ?
]
2026-04-15T19:25:09.990+08:00 DEBUG 15660 --- [ai-gateway] [nio-9988-exec-1] o.s.jdbc.core.JdbcTemplate               : Executing prepared SQL query
2026-04-15T19:25:09.991+08:00 DEBUG 15660 --- [ai-gateway] [nio-9988-exec-1] o.s.jdbc.core.JdbcTemplate               : Executing prepared SQL statement [select id from wallets where user_id = ?]
2026-04-15T19:25:09.992+08:00 DEBUG 15660 --- [ai-gateway] [nio-9988-exec-1] o.s.jdbc.core.JdbcTemplate               : Executing prepared SQL query
2026-04-15T19:25:09.993+08:00 DEBUG 15660 --- [ai-gateway] [nio-9988-exec-1] o.s.jdbc.core.JdbcTemplate               : Executing prepared SQL statement [select balance from wallets where user_id = ?]
2026-04-15T19:25:09.994+08:00 DEBUG 15660 --- [ai-gateway] [nio-9988-exec-1] o.s.jdbc.core.JdbcTemplate               : Executing prepared SQL update
2026-04-15T19:25:09.995+08:00 DEBUG 15660 --- [ai-gateway] [nio-9988-exec-1] o.s.jdbc.core.JdbcTemplate               : Executing prepared SQL statement [insert into transactions (user_id, wallet_id, order_no, transaction_type, direction, amount,
                          balance_before, balance_after, status, description_text, transaction_date)
values (?, ?, ?, 'CONSUME', 'OUT', ?, ?, ?, 'SUCCESS', ?, curdate())
]
2026-04-15T19:25:10.008+08:00 DEBUG 15660 --- [ai-gateway] [nio-9988-exec-1] o.s.jdbc.core.JdbcTemplate               : Executing prepared SQL update
2026-04-15T19:25:10.008+08:00 DEBUG 15660 --- [ai-gateway] [nio-9988-exec-1] o.s.jdbc.core.JdbcTemplate               : Executing prepared SQL statement [update api_keys
set used_quota = used_quota + ?, updated_at = now()
where id = ?
]
2026-04-15T19:25:10.022+08:00 DEBUG 15660 --- [ai-gateway] [nio-9988-exec-1] o.s.jdbc.core.JdbcTemplate               : Executing prepared SQL update
2026-04-15T19:25:10.023+08:00 DEBUG 15660 --- [ai-gateway] [nio-9988-exec-1] o.s.jdbc.core.JdbcTemplate               : Executing prepared SQL statement [insert into usage_daily (stat_date, user_id, model_code, provider_id, request_count, success_count, total_tokens, user_amount, cost_amount)
values (?, ?, ?, ?, 1, ?, ?, ?, ?)
on duplicate key update
    request_count = request_count + 1,
    success_count = success_count + values(success_count),
    total_tokens = total_tokens + values(total_tokens),
    user_amount = user_amount + values(user_amount),
    cost_amount = cost_amount + values(cost_amount),
    updated_at = now()
]
2026-04-15T19:25:10.033+08:00 DEBUG 15660 --- [ai-gateway] [nio-9988-exec-1] o.s.jdbc.core.JdbcTemplate               : SQLWarning ignored: SQL state 'HY000', error code '1287', message ['VALUES function' is deprecated and will be removed in a future release. Please use an alias (INSERT INTO ... VALUES (...) AS alias) and replace VALUES(col) in the ON DUPLICATE KEY UPDATE clause with alias.col instead]
2026-04-15T19:25:10.035+08:00 DEBUG 15660 --- [ai-gateway] [nio-9988-exec-1] o.s.jdbc.core.JdbcTemplate               : SQLWarning ignored: SQL state 'HY000', error code '1287', message ['VALUES function' is deprecated and will be removed in a future release. Please use an alias (INSERT INTO ... VALUES (...) AS alias) and replace VALUES(col) in the ON DUPLICATE KEY UPDATE clause with alias.col instead]
2026-04-15T19:25:10.036+08:00 DEBUG 15660 --- [ai-gateway] [nio-9988-exec-1] o.s.jdbc.core.JdbcTemplate               : SQLWarning ignored: SQL state 'HY000', error code '1287', message ['VALUES function' is deprecated and will be removed in a future release. Please use an alias (INSERT INTO ... VALUES (...) AS alias) and replace VALUES(col) in the ON DUPLICATE KEY UPDATE clause with alias.col instead]
2026-04-15T19:25:10.036+08:00 DEBUG 15660 --- [ai-gateway] [nio-9988-exec-1] o.s.jdbc.core.JdbcTemplate               : SQLWarning ignored: SQL state 'HY000', error code '1287', message ['VALUES function' is deprecated and will be removed in a future release. Please use an alias (INSERT INTO ... VALUES (...) AS alias) and replace VALUES(col) in the ON DUPLICATE KEY UPDATE clause with alias.col instead]
2026-04-15T19:25:10.037+08:00 DEBUG 15660 --- [ai-gateway] [nio-9988-exec-1] o.s.w.s.m.m.a.HttpEntityMethodProcessor  : Found 'Content-Type:text/event-stream;charset=UTF-8' in response
2026-04-15T19:25:10.038+08:00 DEBUG 15660 --- [ai-gateway] [nio-9988-exec-1] o.s.w.s.m.m.a.HttpEntityMethodProcessor  : Writing ["event: response.created<EOL>data: {"type":"response.created","response":{"id":"resp_0d37aa6529b1cc490169 (truncated)..."]
2026-04-15T19:25:10.040+08:00 DEBUG 15660 --- [ai-gateway] [nio-9988-exec-1] o.s.web.servlet.DispatcherServlet        : Completed 200 OK
2026-04-15T19:25:11.874+08:00 DEBUG 15660 --- [ai-gateway] [nio-9988-exec-7] o.s.web.servlet.DispatcherServlet        : POST "/v1/responses", parameters={}
2026-04-15T19:25:11.875+08:00 DEBUG 15660 --- [ai-gateway] [nio-9988-exec-7] s.w.s.m.m.a.RequestMappingHandlerMapping : Mapped to com.zxw.modules.gateway.controller.GatewayChatController#responses(String, String, HttpServletRequest)
2026-04-15T19:25:13.064+08:00 DEBUG 15660 --- [ai-gateway] [nio-9988-exec-7] m.m.a.RequestResponseBodyMethodProcessor : Read "application/json;charset=UTF-8" to ["{"model":"gpt-5.4","instructions":"You are Codex, a coding agent based on GPT-5. You and the user sh (truncated)..."]
2026-04-15T19:25:13.065+08:00 DEBUG 15660 --- [ai-gateway] [nio-9988-exec-7] o.s.jdbc.core.JdbcTemplate               : Executing prepared SQL query
2026-04-15T19:25:13.065+08:00 DEBUG 15660 --- [ai-gateway] [nio-9988-exec-7] o.s.jdbc.core.JdbcTemplate               : Executing prepared SQL statement [select k.id, k.user_id, k.secret_hash, k.status, k.total_quota, k.used_quota, k.expires_at,
       u.username, u.role_code, coalesce(w.balance, 0) as balance
from api_keys k
join users u on u.id = k.user_id and u.deleted = 0
left join wallets w on w.user_id = u.id
where k.access_key = ? and k.deleted = 0
]
2026-04-15T19:25:13.131+08:00 DEBUG 15660 --- [ai-gateway] [nio-9988-exec-7] o.s.jdbc.core.JdbcTemplate               : Executing prepared SQL update
2026-04-15T19:25:13.132+08:00 DEBUG 15660 --- [ai-gateway] [nio-9988-exec-7] o.s.jdbc.core.JdbcTemplate               : Executing prepared SQL statement [update api_keys set last_used_at = now(), updated_at = now() where id = ?]
2026-04-15T19:25:13.137+08:00 DEBUG 15660 --- [ai-gateway] [nio-9988-exec-7] o.s.jdbc.core.JdbcTemplate               : Executing prepared SQL query
2026-04-15T19:25:13.138+08:00 DEBUG 15660 --- [ai-gateway] [nio-9988-exec-7] o.s.jdbc.core.JdbcTemplate               : Executing prepared SQL statement [select m.id as model_id, m.model_code, m.model_name, m.prompt_price, m.completion_price,
       m.request_price, m.multiplier, p.id as provider_id, p.provider_name, p.base_url, p.provider_type,
       p.timeout_ms, r.upstream_model, t.id as provider_token_id, t.token_value_encrypted
from models m
join model_routes r on r.model_id = m.id and r.status = 'ACTIVE'
join providers p on p.id = r.provider_id and p.deleted = 0 and p.status = 'ACTIVE'
join provider_tokens t on t.provider_id = p.id and t.deleted = 0 and t.status = 'ACTIVE'
where m.model_code = ? and m.deleted = 0 and m.status = 'ACTIVE'
order by r.priority_no asc, t.weight_no desc, t.id asc
limit 1
]
2026-04-15T19:25:20.524+08:00 DEBUG 15660 --- [ai-gateway] [nio-9988-exec-7] o.s.jdbc.core.JdbcTemplate               : Executing prepared SQL update
2026-04-15T19:25:20.525+08:00 DEBUG 15660 --- [ai-gateway] [nio-9988-exec-7] o.s.jdbc.core.JdbcTemplate               : Executing prepared SQL statement [insert into request_logs (request_id, user_id, api_key_id, model_code, provider_id, provider_token_id, upstream_model,
                          request_path, request_method, request_ip, request_body_json, response_body_json,
                          prompt_tokens, completion_tokens, total_tokens, user_amount, cost_amount, latency_ms,
                          success, status_code, error_message, request_date, created_at)
values (?, ?, ?, ?, ?, ?, ?, ?, ?, ?, cast(? as json), cast(? as json), ?, ?, ?, ?, ?, ?, ?, ?, ?, ?, now())
]
2026-04-15T19:25:20.527+08:00 DEBUG 15660 --- [ai-gateway] [nio-9988-exec-7] o.s.jdbc.core.StatementCreatorUtils      : JDBC getParameterType call failed - using fallback method instead: java.sql.SQLException: Parameter metadata not available for the given statement
2026-04-15T19:25:20.550+08:00 DEBUG 15660 --- [ai-gateway] [nio-9988-exec-7] o.s.jdbc.core.JdbcTemplate               : Executing prepared SQL update
2026-04-15T19:25:20.551+08:00 DEBUG 15660 --- [ai-gateway] [nio-9988-exec-7] o.s.jdbc.core.JdbcTemplate               : Executing prepared SQL statement [update wallets
set balance = balance - ?, total_consume = total_consume + ?, updated_at = now()
where user_id = ?
]
2026-04-15T19:25:20.554+08:00 DEBUG 15660 --- [ai-gateway] [nio-9988-exec-7] o.s.jdbc.core.JdbcTemplate               : Executing prepared SQL query
2026-04-15T19:25:20.555+08:00 DEBUG 15660 --- [ai-gateway] [nio-9988-exec-7] o.s.jdbc.core.JdbcTemplate               : Executing prepared SQL statement [select id from wallets where user_id = ?]
2026-04-15T19:25:20.556+08:00 DEBUG 15660 --- [ai-gateway] [nio-9988-exec-7] o.s.jdbc.core.JdbcTemplate               : Executing prepared SQL query
2026-04-15T19:25:20.557+08:00 DEBUG 15660 --- [ai-gateway] [nio-9988-exec-7] o.s.jdbc.core.JdbcTemplate               : Executing prepared SQL statement [select balance from wallets where user_id = ?]
2026-04-15T19:25:20.558+08:00 DEBUG 15660 --- [ai-gateway] [nio-9988-exec-7] o.s.jdbc.core.JdbcTemplate               : Executing prepared SQL update
2026-04-15T19:25:20.559+08:00 DEBUG 15660 --- [ai-gateway] [nio-9988-exec-7] o.s.jdbc.core.JdbcTemplate               : Executing prepared SQL statement [insert into transactions (user_id, wallet_id, order_no, transaction_type, direction, amount,
                          balance_before, balance_after, status, description_text, transaction_date)
values (?, ?, ?, 'CONSUME', 'OUT', ?, ?, ?, 'SUCCESS', ?, curdate())
]
2026-04-15T19:25:20.561+08:00 DEBUG 15660 --- [ai-gateway] [nio-9988-exec-7] o.s.jdbc.core.JdbcTemplate               : Executing prepared SQL update
2026-04-15T19:25:20.562+08:00 DEBUG 15660 --- [ai-gateway] [nio-9988-exec-7] o.s.jdbc.core.JdbcTemplate               : Executing prepared SQL statement [update api_keys
set used_quota = used_quota + ?, updated_at = now()
where id = ?
]
2026-04-15T19:25:20.564+08:00 DEBUG 15660 --- [ai-gateway] [nio-9988-exec-7] o.s.jdbc.core.JdbcTemplate               : Executing prepared SQL update
2026-04-15T19:25:20.564+08:00 DEBUG 15660 --- [ai-gateway] [nio-9988-exec-7] o.s.jdbc.core.JdbcTemplate               : Executing prepared SQL statement [insert into usage_daily (stat_date, user_id, model_code, provider_id, request_count, success_count, total_tokens, user_amount, cost_amount)
values (?, ?, ?, ?, 1, ?, ?, ?, ?)
on duplicate key update
    request_count = request_count + 1,
    success_count = success_count + values(success_count),
    total_tokens = total_tokens + values(total_tokens),
    user_amount = user_amount + values(user_amount),
    cost_amount = cost_amount + values(cost_amount),
    updated_at = now()
]
2026-04-15T19:25:20.567+08:00 DEBUG 15660 --- [ai-gateway] [nio-9988-exec-7] o.s.jdbc.core.JdbcTemplate               : SQLWarning ignored: SQL state 'HY000', error code '1287', message ['VALUES function' is deprecated and will be removed in a future release. Please use an alias (INSERT INTO ... VALUES (...) AS alias) and replace VALUES(col) in the ON DUPLICATE KEY UPDATE clause with alias.col instead]
2026-04-15T19:25:20.569+08:00 DEBUG 15660 --- [ai-gateway] [nio-9988-exec-7] o.s.jdbc.core.JdbcTemplate               : SQLWarning ignored: SQL state 'HY000', error code '1287', message ['VALUES function' is deprecated and will be removed in a future release. Please use an alias (INSERT INTO ... VALUES (...) AS alias) and replace VALUES(col) in the ON DUPLICATE KEY UPDATE clause with alias.col instead]
2026-04-15T19:25:20.570+08:00 DEBUG 15660 --- [ai-gateway] [nio-9988-exec-7] o.s.jdbc.core.JdbcTemplate               : SQLWarning ignored: SQL state 'HY000', error code '1287', message ['VALUES function' is deprecated and will be removed in a future release. Please use an alias (INSERT INTO ... VALUES (...) AS alias) and replace VALUES(col) in the ON DUPLICATE KEY UPDATE clause with alias.col instead]
2026-04-15T19:25:20.570+08:00 DEBUG 15660 --- [ai-gateway] [nio-9988-exec-7] o.s.jdbc.core.JdbcTemplate               : SQLWarning ignored: SQL state 'HY000', error code '1287', message ['VALUES function' is deprecated and will be removed in a future release. Please use an alias (INSERT INTO ... VALUES (...) AS alias) and replace VALUES(col) in the ON DUPLICATE KEY UPDATE clause with alias.col instead]
2026-04-15T19:25:20.571+08:00 DEBUG 15660 --- [ai-gateway] [nio-9988-exec-7] o.s.w.s.m.m.a.HttpEntityMethodProcessor  : Found 'Content-Type:text/event-stream;charset=UTF-8' in response
2026-04-15T19:25:20.572+08:00 DEBUG 15660 --- [ai-gateway] [nio-9988-exec-7] o.s.w.s.m.m.a.HttpEntityMethodProcessor  : Writing ["event: response.created<EOL>data: {"type":"response.created","response":{"id":"resp_041ac5d0d12446760169 (truncated)..."]
2026-04-15T19:25:20.575+08:00 DEBUG 15660 --- [ai-gateway] [nio-9988-exec-7] o.s.web.servlet.DispatcherServlet        : Completed 200 OK
2026-04-15T19:25:22.067+08:00 DEBUG 15660 --- [ai-gateway] [nio-9988-exec-5] o.s.web.servlet.DispatcherServlet        : POST "/v1/responses", parameters={}
2026-04-15T19:25:22.068+08:00 DEBUG 15660 --- [ai-gateway] [nio-9988-exec-5] s.w.s.m.m.a.RequestMappingHandlerMapping : Mapped to com.zxw.modules.gateway.controller.GatewayChatController#responses(String, String, HttpServletRequest)
2026-04-15T19:25:23.512+08:00 DEBUG 15660 --- [ai-gateway] [nio-9988-exec-5] m.m.a.RequestResponseBodyMethodProcessor : Read "application/json;charset=UTF-8" to ["{"model":"gpt-5.4","instructions":"You are Codex, a coding agent based on GPT-5. You and the user sh (truncated)..."]
2026-04-15T19:25:23.515+08:00 DEBUG 15660 --- [ai-gateway] [nio-9988-exec-5] o.s.jdbc.core.JdbcTemplate               : Executing prepared SQL query
2026-04-15T19:25:23.515+08:00 DEBUG 15660 --- [ai-gateway] [nio-9988-exec-5] o.s.jdbc.core.JdbcTemplate               : Executing prepared SQL statement [select k.id, k.user_id, k.secret_hash, k.status, k.total_quota, k.used_quota, k.expires_at,
       u.username, u.role_code, coalesce(w.balance, 0) as balance
from api_keys k
join users u on u.id = k.user_id and u.deleted = 0
left join wallets w on w.user_id = u.id
where k.access_key = ? and k.deleted = 0
]
2026-04-15T19:25:23.591+08:00 DEBUG 15660 --- [ai-gateway] [nio-9988-exec-5] o.s.jdbc.core.JdbcTemplate               : Executing prepared SQL update
2026-04-15T19:25:23.592+08:00 DEBUG 15660 --- [ai-gateway] [nio-9988-exec-5] o.s.jdbc.core.JdbcTemplate               : Executing prepared SQL statement [update api_keys set last_used_at = now(), updated_at = now() where id = ?]
2026-04-15T19:25:23.596+08:00 DEBUG 15660 --- [ai-gateway] [nio-9988-exec-5] o.s.jdbc.core.JdbcTemplate               : Executing prepared SQL query
2026-04-15T19:25:23.597+08:00 DEBUG 15660 --- [ai-gateway] [nio-9988-exec-5] o.s.jdbc.core.JdbcTemplate               : Executing prepared SQL statement [select m.id as model_id, m.model_code, m.model_name, m.prompt_price, m.completion_price,
       m.request_price, m.multiplier, p.id as provider_id, p.provider_name, p.base_url, p.provider_type,
       p.timeout_ms, r.upstream_model, t.id as provider_token_id, t.token_value_encrypted
from models m
join model_routes r on r.model_id = m.id and r.status = 'ACTIVE'
join providers p on p.id = r.provider_id and p.deleted = 0 and p.status = 'ACTIVE'
join provider_tokens t on t.provider_id = p.id and t.deleted = 0 and t.status = 'ACTIVE'
where m.model_code = ? and m.deleted = 0 and m.status = 'ACTIVE'
order by r.priority_no asc, t.weight_no desc, t.id asc
limit 1
]
2026-04-15T19:25:37.040+08:00 DEBUG 15660 --- [ai-gateway] [nio-9988-exec-5] o.s.jdbc.core.JdbcTemplate               : Executing prepared SQL update
2026-04-15T19:25:37.041+08:00 DEBUG 15660 --- [ai-gateway] [nio-9988-exec-5] o.s.jdbc.core.JdbcTemplate               : Executing prepared SQL statement [insert into request_logs (request_id, user_id, api_key_id, model_code, provider_id, provider_token_id, upstream_model,
                          request_path, request_method, request_ip, request_body_json, response_body_json,
                          prompt_tokens, completion_tokens, total_tokens, user_amount, cost_amount, latency_ms,
                          success, status_code, error_message, request_date, created_at)
values (?, ?, ?, ?, ?, ?, ?, ?, ?, ?, cast(? as json), cast(? as json), ?, ?, ?, ?, ?, ?, ?, ?, ?, ?, now())
]
2026-04-15T19:25:37.043+08:00 DEBUG 15660 --- [ai-gateway] [nio-9988-exec-5] o.s.jdbc.core.StatementCreatorUtils      : JDBC getParameterType call failed - using fallback method instead: java.sql.SQLException: Parameter metadata not available for the given statement
2026-04-15T19:25:37.067+08:00 DEBUG 15660 --- [ai-gateway] [nio-9988-exec-5] o.s.jdbc.core.JdbcTemplate               : Executing prepared SQL update
2026-04-15T19:25:37.068+08:00 DEBUG 15660 --- [ai-gateway] [nio-9988-exec-5] o.s.jdbc.core.JdbcTemplate               : Executing prepared SQL statement [update wallets
set balance = balance - ?, total_consume = total_consume + ?, updated_at = now()
where user_id = ?
]
2026-04-15T19:25:37.070+08:00 DEBUG 15660 --- [ai-gateway] [nio-9988-exec-5] o.s.jdbc.core.JdbcTemplate               : Executing prepared SQL query
2026-04-15T19:25:37.070+08:00 DEBUG 15660 --- [ai-gateway] [nio-9988-exec-5] o.s.jdbc.core.JdbcTemplate               : Executing prepared SQL statement [select id from wallets where user_id = ?]
2026-04-15T19:25:37.072+08:00 DEBUG 15660 --- [ai-gateway] [nio-9988-exec-5] o.s.jdbc.core.JdbcTemplate               : Executing prepared SQL query
2026-04-15T19:25:37.072+08:00 DEBUG 15660 --- [ai-gateway] [nio-9988-exec-5] o.s.jdbc.core.JdbcTemplate               : Executing prepared SQL statement [select balance from wallets where user_id = ?]
2026-04-15T19:25:37.074+08:00 DEBUG 15660 --- [ai-gateway] [nio-9988-exec-5] o.s.jdbc.core.JdbcTemplate               : Executing prepared SQL update
2026-04-15T19:25:37.075+08:00 DEBUG 15660 --- [ai-gateway] [nio-9988-exec-5] o.s.jdbc.core.JdbcTemplate               : Executing prepared SQL statement [insert into transactions (user_id, wallet_id, order_no, transaction_type, direction, amount,
                          balance_before, balance_after, status, description_text, transaction_date)
values (?, ?, ?, 'CONSUME', 'OUT', ?, ?, ?, 'SUCCESS', ?, curdate())
]
2026-04-15T19:25:37.077+08:00 DEBUG 15660 --- [ai-gateway] [nio-9988-exec-5] o.s.jdbc.core.JdbcTemplate               : Executing prepared SQL update
2026-04-15T19:25:37.078+08:00 DEBUG 15660 --- [ai-gateway] [nio-9988-exec-5] o.s.jdbc.core.JdbcTemplate               : Executing prepared SQL statement [update api_keys
set used_quota = used_quota + ?, updated_at = now()
where id = ?
]
2026-04-15T19:25:37.079+08:00 DEBUG 15660 --- [ai-gateway] [nio-9988-exec-5] o.s.jdbc.core.JdbcTemplate               : Executing prepared SQL update
2026-04-15T19:25:37.081+08:00 DEBUG 15660 --- [ai-gateway] [nio-9988-exec-5] o.s.jdbc.core.JdbcTemplate               : Executing prepared SQL statement [insert into usage_daily (stat_date, user_id, model_code, provider_id, request_count, success_count, total_tokens, user_amount, cost_amount)
values (?, ?, ?, ?, 1, ?, ?, ?, ?)
on duplicate key update
    request_count = request_count + 1,
    success_count = success_count + values(success_count),
    total_tokens = total_tokens + values(total_tokens),
    user_amount = user_amount + values(user_amount),
    cost_amount = cost_amount + values(cost_amount),
    updated_at = now()
]
2026-04-15T19:25:37.084+08:00 DEBUG 15660 --- [ai-gateway] [nio-9988-exec-5] o.s.jdbc.core.JdbcTemplate               : SQLWarning ignored: SQL state 'HY000', error code '1287', message ['VALUES function' is deprecated and will be removed in a future release. Please use an alias (INSERT INTO ... VALUES (...) AS alias) and replace VALUES(col) in the ON DUPLICATE KEY UPDATE clause with alias.col instead]
2026-04-15T19:25:37.084+08:00 DEBUG 15660 --- [ai-gateway] [nio-9988-exec-5] o.s.jdbc.core.JdbcTemplate               : SQLWarning ignored: SQL state 'HY000', error code '1287', message ['VALUES function' is deprecated and will be removed in a future release. Please use an alias (INSERT INTO ... VALUES (...) AS alias) and replace VALUES(col) in the ON DUPLICATE KEY UPDATE clause with alias.col instead]
2026-04-15T19:25:37.084+08:00 DEBUG 15660 --- [ai-gateway] [nio-9988-exec-5] o.s.jdbc.core.JdbcTemplate               : SQLWarning ignored: SQL state 'HY000', error code '1287', message ['VALUES function' is deprecated and will be removed in a future release. Please use an alias (INSERT INTO ... VALUES (...) AS alias) and replace VALUES(col) in the ON DUPLICATE KEY UPDATE clause with alias.col instead]
2026-04-15T19:25:37.086+08:00 DEBUG 15660 --- [ai-gateway] [nio-9988-exec-5] o.s.jdbc.core.JdbcTemplate               : SQLWarning ignored: SQL state 'HY000', error code '1287', message ['VALUES function' is deprecated and will be removed in a future release. Please use an alias (INSERT INTO ... VALUES (...) AS alias) and replace VALUES(col) in the ON DUPLICATE KEY UPDATE clause with alias.col instead]
2026-04-15T19:25:37.086+08:00 DEBUG 15660 --- [ai-gateway] [nio-9988-exec-5] o.s.w.s.m.m.a.HttpEntityMethodProcessor  : Found 'Content-Type:text/event-stream;charset=UTF-8' in response
2026-04-15T19:25:37.087+08:00 DEBUG 15660 --- [ai-gateway] [nio-9988-exec-5] o.s.w.s.m.m.a.HttpEntityMethodProcessor  : Writing ["event: response.created<EOL>data: {"type":"response.created","response":{"id":"resp_0409c0885f336a860169 (truncated)..."]
2026-04-15T19:25:37.088+08:00 DEBUG 15660 --- [ai-gateway] [nio-9988-exec-5] o.s.web.servlet.DispatcherServlet        : Completed 200 OK
2026-04-15T19:25:39.290+08:00 DEBUG 15660 --- [ai-gateway] [nio-9988-exec-6] o.s.web.servlet.DispatcherServlet        : POST "/v1/responses", parameters={}
2026-04-15T19:25:39.291+08:00 DEBUG 15660 --- [ai-gateway] [nio-9988-exec-6] s.w.s.m.m.a.RequestMappingHandlerMapping : Mapped to com.zxw.modules.gateway.controller.GatewayChatController#responses(String, String, HttpServletRequest)
2026-04-15T19:25:40.870+08:00 DEBUG 15660 --- [ai-gateway] [nio-9988-exec-6] m.m.a.RequestResponseBodyMethodProcessor : Read "application/json;charset=UTF-8" to ["{"model":"gpt-5.4","instructions":"You are Codex, a coding agent based on GPT-5. You and the user sh (truncated)..."]
2026-04-15T19:25:40.871+08:00 DEBUG 15660 --- [ai-gateway] [nio-9988-exec-6] o.s.jdbc.core.JdbcTemplate               : Executing prepared SQL query
2026-04-15T19:25:40.872+08:00 DEBUG 15660 --- [ai-gateway] [nio-9988-exec-6] o.s.jdbc.core.JdbcTemplate               : Executing prepared SQL statement [select k.id, k.user_id, k.secret_hash, k.status, k.total_quota, k.used_quota, k.expires_at,
       u.username, u.role_code, coalesce(w.balance, 0) as balance
from api_keys k
join users u on u.id = k.user_id and u.deleted = 0
left join wallets w on w.user_id = u.id
where k.access_key = ? and k.deleted = 0
]
2026-04-15T19:25:40.963+08:00 DEBUG 15660 --- [ai-gateway] [nio-9988-exec-6] o.s.jdbc.core.JdbcTemplate               : Executing prepared SQL update
2026-04-15T19:25:40.963+08:00 DEBUG 15660 --- [ai-gateway] [nio-9988-exec-6] o.s.jdbc.core.JdbcTemplate               : Executing prepared SQL statement [update api_keys set last_used_at = now(), updated_at = now() where id = ?]
2026-04-15T19:25:40.969+08:00 DEBUG 15660 --- [ai-gateway] [nio-9988-exec-6] o.s.jdbc.core.JdbcTemplate               : Executing prepared SQL query
2026-04-15T19:25:40.970+08:00 DEBUG 15660 --- [ai-gateway] [nio-9988-exec-6] o.s.jdbc.core.JdbcTemplate               : Executing prepared SQL statement [select m.id as model_id, m.model_code, m.model_name, m.prompt_price, m.completion_price,
       m.request_price, m.multiplier, p.id as provider_id, p.provider_name, p.base_url, p.provider_type,
       p.timeout_ms, r.upstream_model, t.id as provider_token_id, t.token_value_encrypted
from models m
join model_routes r on r.model_id = m.id and r.status = 'ACTIVE'
join providers p on p.id = r.provider_id and p.deleted = 0 and p.status = 'ACTIVE'
join provider_tokens t on t.provider_id = p.id and t.deleted = 0 and t.status = 'ACTIVE'
where m.model_code = ? and m.deleted = 0 and m.status = 'ACTIVE'
order by r.priority_no asc, t.weight_no desc, t.id asc
limit 1
]
2026-04-15T19:25:50.769+08:00 DEBUG 15660 --- [ai-gateway] [nio-9988-exec-6] o.s.jdbc.core.JdbcTemplate               : Executing prepared SQL update
2026-04-15T19:25:50.770+08:00 DEBUG 15660 --- [ai-gateway] [nio-9988-exec-6] o.s.jdbc.core.JdbcTemplate               : Executing prepared SQL statement [insert into request_logs (request_id, user_id, api_key_id, model_code, provider_id, provider_token_id, upstream_model,
                          request_path, request_method, request_ip, request_body_json, response_body_json,
                          prompt_tokens, completion_tokens, total_tokens, user_amount, cost_amount, latency_ms,
                          success, status_code, error_message, request_date, created_at)
values (?, ?, ?, ?, ?, ?, ?, ?, ?, ?, cast(? as json), cast(? as json), ?, ?, ?, ?, ?, ?, ?, ?, ?, ?, now())
]
2026-04-15T19:25:50.771+08:00 DEBUG 15660 --- [ai-gateway] [nio-9988-exec-6] o.s.jdbc.core.StatementCreatorUtils      : JDBC getParameterType call failed - using fallback method instead: java.sql.SQLException: Parameter metadata not available for the given statement
2026-04-15T19:25:50.792+08:00 DEBUG 15660 --- [ai-gateway] [nio-9988-exec-6] o.s.jdbc.core.JdbcTemplate               : Executing prepared SQL update
2026-04-15T19:25:50.793+08:00 DEBUG 15660 --- [ai-gateway] [nio-9988-exec-6] o.s.jdbc.core.JdbcTemplate               : Executing prepared SQL statement [update wallets
set balance = balance - ?, total_consume = total_consume + ?, updated_at = now()
where user_id = ?
]
2026-04-15T19:25:50.796+08:00 DEBUG 15660 --- [ai-gateway] [nio-9988-exec-6] o.s.jdbc.core.JdbcTemplate               : Executing prepared SQL query
2026-04-15T19:25:50.797+08:00 DEBUG 15660 --- [ai-gateway] [nio-9988-exec-6] o.s.jdbc.core.JdbcTemplate               : Executing prepared SQL statement [select id from wallets where user_id = ?]
2026-04-15T19:25:50.798+08:00 DEBUG 15660 --- [ai-gateway] [nio-9988-exec-6] o.s.jdbc.core.JdbcTemplate               : Executing prepared SQL query
2026-04-15T19:25:50.799+08:00 DEBUG 15660 --- [ai-gateway] [nio-9988-exec-6] o.s.jdbc.core.JdbcTemplate               : Executing prepared SQL statement [select balance from wallets where user_id = ?]
2026-04-15T19:25:50.800+08:00 DEBUG 15660 --- [ai-gateway] [nio-9988-exec-6] o.s.jdbc.core.JdbcTemplate               : Executing prepared SQL update
2026-04-15T19:25:50.801+08:00 DEBUG 15660 --- [ai-gateway] [nio-9988-exec-6] o.s.jdbc.core.JdbcTemplate               : Executing prepared SQL statement [insert into transactions (user_id, wallet_id, order_no, transaction_type, direction, amount,
                          balance_before, balance_after, status, description_text, transaction_date)
values (?, ?, ?, 'CONSUME', 'OUT', ?, ?, ?, 'SUCCESS', ?, curdate())
]
2026-04-15T19:25:50.803+08:00 DEBUG 15660 --- [ai-gateway] [nio-9988-exec-6] o.s.jdbc.core.JdbcTemplate               : Executing prepared SQL update
2026-04-15T19:25:50.804+08:00 DEBUG 15660 --- [ai-gateway] [nio-9988-exec-6] o.s.jdbc.core.JdbcTemplate               : Executing prepared SQL statement [update api_keys
set used_quota = used_quota + ?, updated_at = now()
where id = ?
]
2026-04-15T19:25:50.806+08:00 DEBUG 15660 --- [ai-gateway] [nio-9988-exec-6] o.s.jdbc.core.JdbcTemplate               : Executing prepared SQL update
2026-04-15T19:25:50.807+08:00 DEBUG 15660 --- [ai-gateway] [nio-9988-exec-6] o.s.jdbc.core.JdbcTemplate               : Executing prepared SQL statement [insert into usage_daily (stat_date, user_id, model_code, provider_id, request_count, success_count, total_tokens, user_amount, cost_amount)
values (?, ?, ?, ?, 1, ?, ?, ?, ?)
on duplicate key update
    request_count = request_count + 1,
    success_count = success_count + values(success_count),
    total_tokens = total_tokens + values(total_tokens),
    user_amount = user_amount + values(user_amount),
    cost_amount = cost_amount + values(cost_amount),
    updated_at = now()
]
2026-04-15T19:25:50.812+08:00 DEBUG 15660 --- [ai-gateway] [nio-9988-exec-6] o.s.jdbc.core.JdbcTemplate               : SQLWarning ignored: SQL state 'HY000', error code '1287', message ['VALUES function' is deprecated and will be removed in a future release. Please use an alias (INSERT INTO ... VALUES (...) AS alias) and replace VALUES(col) in the ON DUPLICATE KEY UPDATE clause with alias.col instead]
2026-04-15T19:25:50.813+08:00 DEBUG 15660 --- [ai-gateway] [nio-9988-exec-6] o.s.jdbc.core.JdbcTemplate               : SQLWarning ignored: SQL state 'HY000', error code '1287', message ['VALUES function' is deprecated and will be removed in a future release. Please use an alias (INSERT INTO ... VALUES (...) AS alias) and replace VALUES(col) in the ON DUPLICATE KEY UPDATE clause with alias.col instead]
2026-04-15T19:25:50.813+08:00 DEBUG 15660 --- [ai-gateway] [nio-9988-exec-6] o.s.jdbc.core.JdbcTemplate               : SQLWarning ignored: SQL state 'HY000', error code '1287', message ['VALUES function' is deprecated and will be removed in a future release. Please use an alias (INSERT INTO ... VALUES (...) AS alias) and replace VALUES(col) in the ON DUPLICATE KEY UPDATE clause with alias.col instead]
2026-04-15T19:25:50.813+08:00 DEBUG 15660 --- [ai-gateway] [nio-9988-exec-6] o.s.jdbc.core.JdbcTemplate               : SQLWarning ignored: SQL state 'HY000', error code '1287', message ['VALUES function' is deprecated and will be removed in a future release. Please use an alias (INSERT INTO ... VALUES (...) AS alias) and replace VALUES(col) in the ON DUPLICATE KEY UPDATE clause with alias.col instead]
2026-04-15T19:25:50.814+08:00 DEBUG 15660 --- [ai-gateway] [nio-9988-exec-6] o.s.w.s.m.m.a.HttpEntityMethodProcessor  : Found 'Content-Type:text/event-stream;charset=UTF-8' in response
2026-04-15T19:25:50.814+08:00 DEBUG 15660 --- [ai-gateway] [nio-9988-exec-6] o.s.w.s.m.m.a.HttpEntityMethodProcessor  : Writing ["event: response.created<EOL>data: {"type":"response.created","response":{"id":"resp_0bf0931ccbc63cfd0169 (truncated)..."]
2026-04-15T19:25:50.816+08:00 DEBUG 15660 --- [ai-gateway] [nio-9988-exec-6] o.s.web.servlet.DispatcherServlet        : Completed 200 OK
2026-04-15T19:25:52.732+08:00 DEBUG 15660 --- [ai-gateway] [nio-9988-exec-2] o.s.web.servlet.DispatcherServlet        : POST "/v1/responses", parameters={}
2026-04-15T19:25:52.733+08:00 DEBUG 15660 --- [ai-gateway] [nio-9988-exec-2] s.w.s.m.m.a.RequestMappingHandlerMapping : Mapped to com.zxw.modules.gateway.controller.GatewayChatController#responses(String, String, HttpServletRequest)
2026-04-15T19:25:54.433+08:00 DEBUG 15660 --- [ai-gateway] [nio-9988-exec-2] m.m.a.RequestResponseBodyMethodProcessor : Read "application/json;charset=UTF-8" to ["{"model":"gpt-5.4","instructions":"You are Codex, a coding agent based on GPT-5. You and the user sh (truncated)..."]
2026-04-15T19:25:54.434+08:00 DEBUG 15660 --- [ai-gateway] [nio-9988-exec-2] o.s.jdbc.core.JdbcTemplate               : Executing prepared SQL query
2026-04-15T19:25:54.435+08:00 DEBUG 15660 --- [ai-gateway] [nio-9988-exec-2] o.s.jdbc.core.JdbcTemplate               : Executing prepared SQL statement [select k.id, k.user_id, k.secret_hash, k.status, k.total_quota, k.used_quota, k.expires_at,
       u.username, u.role_code, coalesce(w.balance, 0) as balance
from api_keys k
join users u on u.id = k.user_id and u.deleted = 0
left join wallets w on w.user_id = u.id
where k.access_key = ? and k.deleted = 0
]
2026-04-15T19:25:54.511+08:00 DEBUG 15660 --- [ai-gateway] [nio-9988-exec-2] o.s.jdbc.core.JdbcTemplate               : Executing prepared SQL update
2026-04-15T19:25:54.512+08:00 DEBUG 15660 --- [ai-gateway] [nio-9988-exec-2] o.s.jdbc.core.JdbcTemplate               : Executing prepared SQL statement [update api_keys set last_used_at = now(), updated_at = now() where id = ?]
2026-04-15T19:25:54.518+08:00 DEBUG 15660 --- [ai-gateway] [nio-9988-exec-2] o.s.jdbc.core.JdbcTemplate               : Executing prepared SQL query
2026-04-15T19:25:54.519+08:00 DEBUG 15660 --- [ai-gateway] [nio-9988-exec-2] o.s.jdbc.core.JdbcTemplate               : Executing prepared SQL statement [select m.id as model_id, m.model_code, m.model_name, m.prompt_price, m.completion_price,
       m.request_price, m.multiplier, p.id as provider_id, p.provider_name, p.base_url, p.provider_type,
       p.timeout_ms, r.upstream_model, t.id as provider_token_id, t.token_value_encrypted
from models m
join model_routes r on r.model_id = m.id and r.status = 'ACTIVE'
join providers p on p.id = r.provider_id and p.deleted = 0 and p.status = 'ACTIVE'
join provider_tokens t on t.provider_id = p.id and t.deleted = 0 and t.status = 'ACTIVE'
where m.model_code = ? and m.deleted = 0 and m.status = 'ACTIVE'
order by r.priority_no asc, t.weight_no desc, t.id asc
limit 1
]
2026-04-15T19:26:02.768+08:00 DEBUG 15660 --- [ai-gateway] [nio-9988-exec-1] o.s.web.servlet.DispatcherServlet        : GET "/admin/request-logs?limit=50", parameters={masked}
2026-04-15T19:26:02.769+08:00 DEBUG 15660 --- [ai-gateway] [nio-9988-exec-1] s.w.s.m.m.a.RequestMappingHandlerMapping : Mapped to com.zxw.modules.request.controller.AdminRequestLogController#list(int)
2026-04-15T19:26:02.774+08:00 DEBUG 15660 --- [ai-gateway] [nio-9988-exec-1] o.s.jdbc.core.JdbcTemplate               : Executing prepared SQL query
2026-04-15T19:26:02.775+08:00 DEBUG 15660 --- [ai-gateway] [nio-9988-exec-1] o.s.jdbc.core.JdbcTemplate               : Executing prepared SQL statement [select l.request_id, u.username, l.model_code, l.upstream_model, l.status_code,
       l.latency_ms, l.total_tokens, l.user_amount, l.cost_amount, l.success, l.created_at
from request_logs l
left join users u on u.id = l.user_id
order by l.id desc
limit ?
]
2026-04-15T19:26:02.779+08:00 DEBUG 15660 --- [ai-gateway] [nio-9988-exec-1] m.m.a.RequestResponseBodyMethodProcessor : Using 'application/json', given [*/*] and supported [application/json, application/*+json]
2026-04-15T19:26:02.780+08:00 DEBUG 15660 --- [ai-gateway] [nio-9988-exec-1] m.m.a.RequestResponseBodyMethodProcessor : Writing [ApiResponse[success=true, message=OK, data=[RequestLogItemResponse[requestId=req_29ac5066e7314d87b18 (truncated)...]
2026-04-15T19:26:02.782+08:00 DEBUG 15660 --- [ai-gateway] [nio-9988-exec-1] o.s.web.servlet.DispatcherServlet        : Completed 200 OK
2026-04-15T19:26:03.900+08:00 DEBUG 15660 --- [ai-gateway] [nio-9988-exec-4] o.s.web.servlet.DispatcherServlet        : GET "/admin/request-logs?limit=50", parameters={masked}
2026-04-15T19:26:03.902+08:00 DEBUG 15660 --- [ai-gateway] [nio-9988-exec-4] s.w.s.m.m.a.RequestMappingHandlerMapping : Mapped to com.zxw.modules.request.controller.AdminRequestLogController#list(int)
2026-04-15T19:26:03.904+08:00 DEBUG 15660 --- [ai-gateway] [nio-9988-exec-4] o.s.jdbc.core.JdbcTemplate               : Executing prepared SQL query
2026-04-15T19:26:03.905+08:00 DEBUG 15660 --- [ai-gateway] [nio-9988-exec-4] o.s.jdbc.core.JdbcTemplate               : Executing prepared SQL statement [select l.request_id, u.username, l.model_code, l.upstream_model, l.status_code,
       l.latency_ms, l.total_tokens, l.user_amount, l.cost_amount, l.success, l.created_at
from request_logs l
left join users u on u.id = l.user_id
order by l.id desc
limit ?
]
2026-04-15T19:26:03.908+08:00 DEBUG 15660 --- [ai-gateway] [nio-9988-exec-4] m.m.a.RequestResponseBodyMethodProcessor : Using 'application/json', given [*/*] and supported [application/json, application/*+json]
2026-04-15T19:26:03.909+08:00 DEBUG 15660 --- [ai-gateway] [nio-9988-exec-4] m.m.a.RequestResponseBodyMethodProcessor : Writing [ApiResponse[success=true, message=OK, data=[RequestLogItemResponse[requestId=req_29ac5066e7314d87b18 (truncated)...]
2026-04-15T19:26:03.912+08:00 DEBUG 15660 --- [ai-gateway] [nio-9988-exec-4] o.s.web.servlet.DispatcherServlet        : Completed 200 OK
2026-04-15T19:26:06.074+08:00 DEBUG 15660 --- [ai-gateway] [nio-9988-exec-2] o.s.jdbc.core.JdbcTemplate               : Executing prepared SQL update
2026-04-15T19:26:06.075+08:00 DEBUG 15660 --- [ai-gateway] [nio-9988-exec-2] o.s.jdbc.core.JdbcTemplate               : Executing prepared SQL statement [insert into request_logs (request_id, user_id, api_key_id, model_code, provider_id, provider_token_id, upstream_model,
                          request_path, request_method, request_ip, request_body_json, response_body_json,
                          prompt_tokens, completion_tokens, total_tokens, user_amount, cost_amount, latency_ms,
                          success, status_code, error_message, request_date, created_at)
values (?, ?, ?, ?, ?, ?, ?, ?, ?, ?, cast(? as json), cast(? as json), ?, ?, ?, ?, ?, ?, ?, ?, ?, ?, now())
]
2026-04-15T19:26:06.077+08:00 DEBUG 15660 --- [ai-gateway] [nio-9988-exec-2] o.s.jdbc.core.StatementCreatorUtils      : JDBC getParameterType call failed - using fallback method instead: java.sql.SQLException: Parameter metadata not available for the given statement
2026-04-15T19:26:06.137+08:00 DEBUG 15660 --- [ai-gateway] [nio-9988-exec-2] o.s.jdbc.core.JdbcTemplate               : Executing prepared SQL update
2026-04-15T19:26:06.138+08:00 DEBUG 15660 --- [ai-gateway] [nio-9988-exec-2] o.s.jdbc.core.JdbcTemplate               : Executing prepared SQL statement [update wallets
set balance = balance - ?, total_consume = total_consume + ?, updated_at = now()
where user_id = ?
]
2026-04-15T19:26:06.141+08:00 DEBUG 15660 --- [ai-gateway] [nio-9988-exec-2] o.s.jdbc.core.JdbcTemplate               : Executing prepared SQL query
2026-04-15T19:26:06.143+08:00 DEBUG 15660 --- [ai-gateway] [nio-9988-exec-2] o.s.jdbc.core.JdbcTemplate               : Executing prepared SQL statement [select id from wallets where user_id = ?]
2026-04-15T19:26:06.144+08:00 DEBUG 15660 --- [ai-gateway] [nio-9988-exec-2] o.s.jdbc.core.JdbcTemplate               : Executing prepared SQL query
2026-04-15T19:26:06.145+08:00 DEBUG 15660 --- [ai-gateway] [nio-9988-exec-2] o.s.jdbc.core.JdbcTemplate               : Executing prepared SQL statement [select balance from wallets where user_id = ?]
2026-04-15T19:26:06.146+08:00 DEBUG 15660 --- [ai-gateway] [nio-9988-exec-2] o.s.jdbc.core.JdbcTemplate               : Executing prepared SQL update
2026-04-15T19:26:06.147+08:00 DEBUG 15660 --- [ai-gateway] [nio-9988-exec-2] o.s.jdbc.core.JdbcTemplate               : Executing prepared SQL statement [insert into transactions (user_id, wallet_id, order_no, transaction_type, direction, amount,
                          balance_before, balance_after, status, description_text, transaction_date)
values (?, ?, ?, 'CONSUME', 'OUT', ?, ?, ?, 'SUCCESS', ?, curdate())
]
2026-04-15T19:26:06.149+08:00 DEBUG 15660 --- [ai-gateway] [nio-9988-exec-2] o.s.jdbc.core.JdbcTemplate               : Executing prepared SQL update
2026-04-15T19:26:06.150+08:00 DEBUG 15660 --- [ai-gateway] [nio-9988-exec-2] o.s.jdbc.core.JdbcTemplate               : Executing prepared SQL statement [update api_keys
set used_quota = used_quota + ?, updated_at = now()
where id = ?
]
2026-04-15T19:26:06.151+08:00 DEBUG 15660 --- [ai-gateway] [nio-9988-exec-2] o.s.jdbc.core.JdbcTemplate               : Executing prepared SQL update
2026-04-15T19:26:06.152+08:00 DEBUG 15660 --- [ai-gateway] [nio-9988-exec-2] o.s.jdbc.core.JdbcTemplate               : Executing prepared SQL statement [insert into usage_daily (stat_date, user_id, model_code, provider_id, request_count, success_count, total_tokens, user_amount, cost_amount)
values (?, ?, ?, ?, 1, ?, ?, ?, ?)
on duplicate key update
    request_count = request_count + 1,
    success_count = success_count + values(success_count),
    total_tokens = total_tokens + values(total_tokens),
    user_amount = user_amount + values(user_amount),
    cost_amount = cost_amount + values(cost_amount),
    updated_at = now()
]
2026-04-15T19:26:06.154+08:00 DEBUG 15660 --- [ai-gateway] [nio-9988-exec-2] o.s.jdbc.core.JdbcTemplate               : SQLWarning ignored: SQL state 'HY000', error code '1287', message ['VALUES function' is deprecated and will be removed in a future release. Please use an alias (INSERT INTO ... VALUES (...) AS alias) and replace VALUES(col) in the ON DUPLICATE KEY UPDATE clause with alias.col instead]
2026-04-15T19:26:06.156+08:00 DEBUG 15660 --- [ai-gateway] [nio-9988-exec-2] o.s.jdbc.core.JdbcTemplate               : SQLWarning ignored: SQL state 'HY000', error code '1287', message ['VALUES function' is deprecated and will be removed in a future release. Please use an alias (INSERT INTO ... VALUES (...) AS alias) and replace VALUES(col) in the ON DUPLICATE KEY UPDATE clause with alias.col instead]
2026-04-15T19:26:06.156+08:00 DEBUG 15660 --- [ai-gateway] [nio-9988-exec-2] o.s.jdbc.core.JdbcTemplate               : SQLWarning ignored: SQL state 'HY000', error code '1287', message ['VALUES function' is deprecated and will be removed in a future release. Please use an alias (INSERT INTO ... VALUES (...) AS alias) and replace VALUES(col) in the ON DUPLICATE KEY UPDATE clause with alias.col instead]
2026-04-15T19:26:06.156+08:00 DEBUG 15660 --- [ai-gateway] [nio-9988-exec-2] o.s.jdbc.core.JdbcTemplate               : SQLWarning ignored: SQL state 'HY000', error code '1287', message ['VALUES function' is deprecated and will be removed in a future release. Please use an alias (INSERT INTO ... VALUES (...) AS alias) and replace VALUES(col) in the ON DUPLICATE KEY UPDATE clause with alias.col instead]
2026-04-15T19:26:06.158+08:00 DEBUG 15660 --- [ai-gateway] [nio-9988-exec-2] o.s.w.s.m.m.a.HttpEntityMethodProcessor  : Found 'Content-Type:text/event-stream;charset=UTF-8' in response
2026-04-15T19:26:06.160+08:00 DEBUG 15660 --- [ai-gateway] [nio-9988-exec-2] o.s.w.s.m.m.a.HttpEntityMethodProcessor  : Writing ["event: response.created<EOL>data: {"type":"response.created","response":{"id":"resp_0cb7f8326c5ebd9e0169 (truncated)..."]
2026-04-15T19:26:06.162+08:00 DEBUG 15660 --- [ai-gateway] [nio-9988-exec-2] o.s.web.servlet.DispatcherServlet        : Completed 200 OK
2026-04-15T19:26:08.334+08:00 DEBUG 15660 --- [ai-gateway] [io-9988-exec-10] o.s.web.servlet.DispatcherServlet        : POST "/v1/responses", parameters={}
2026-04-15T19:26:08.336+08:00 DEBUG 15660 --- [ai-gateway] [io-9988-exec-10] s.w.s.m.m.a.RequestMappingHandlerMapping : Mapped to com.zxw.modules.gateway.controller.GatewayChatController#responses(String, String, HttpServletRequest)
2026-04-15T19:26:10.140+08:00 DEBUG 15660 --- [ai-gateway] [io-9988-exec-10] m.m.a.RequestResponseBodyMethodProcessor : Read "application/json;charset=UTF-8" to ["{"model":"gpt-5.4","instructions":"You are Codex, a coding agent based on GPT-5. You and the user sh (truncated)..."]
2026-04-15T19:26:10.142+08:00 DEBUG 15660 --- [ai-gateway] [io-9988-exec-10] o.s.jdbc.core.JdbcTemplate               : Executing prepared SQL query
2026-04-15T19:26:10.143+08:00 DEBUG 15660 --- [ai-gateway] [io-9988-exec-10] o.s.jdbc.core.JdbcTemplate               : Executing prepared SQL statement [select k.id, k.user_id, k.secret_hash, k.status, k.total_quota, k.used_quota, k.expires_at,
       u.username, u.role_code, coalesce(w.balance, 0) as balance
from api_keys k
join users u on u.id = k.user_id and u.deleted = 0
left join wallets w on w.user_id = u.id
where k.access_key = ? and k.deleted = 0
]
2026-04-15T19:26:10.257+08:00 DEBUG 15660 --- [ai-gateway] [io-9988-exec-10] o.s.jdbc.core.JdbcTemplate               : Executing prepared SQL update
2026-04-15T19:26:10.258+08:00 DEBUG 15660 --- [ai-gateway] [io-9988-exec-10] o.s.jdbc.core.JdbcTemplate               : Executing prepared SQL statement [update api_keys set last_used_at = now(), updated_at = now() where id = ?]
2026-04-15T19:26:10.264+08:00 DEBUG 15660 --- [ai-gateway] [io-9988-exec-10] o.s.jdbc.core.JdbcTemplate               : Executing prepared SQL query
2026-04-15T19:26:10.265+08:00 DEBUG 15660 --- [ai-gateway] [io-9988-exec-10] o.s.jdbc.core.JdbcTemplate               : Executing prepared SQL statement [select m.id as model_id, m.model_code, m.model_name, m.prompt_price, m.completion_price,
       m.request_price, m.multiplier, p.id as provider_id, p.provider_name, p.base_url, p.provider_type,
       p.timeout_ms, r.upstream_model, t.id as provider_token_id, t.token_value_encrypted
from models m
join model_routes r on r.model_id = m.id and r.status = 'ACTIVE'
join providers p on p.id = r.provider_id and p.deleted = 0 and p.status = 'ACTIVE'
join provider_tokens t on t.provider_id = p.id and t.deleted = 0 and t.status = 'ACTIVE'
where m.model_code = ? and m.deleted = 0 and m.status = 'ACTIVE'
order by r.priority_no asc, t.weight_no desc, t.id asc
limit 1
]
2026-04-15T19:26:23.756+08:00 DEBUG 15660 --- [ai-gateway] [io-9988-exec-10] o.s.jdbc.core.JdbcTemplate               : Executing prepared SQL update
2026-04-15T19:26:23.757+08:00 DEBUG 15660 --- [ai-gateway] [io-9988-exec-10] o.s.jdbc.core.JdbcTemplate               : Executing prepared SQL statement [insert into request_logs (request_id, user_id, api_key_id, model_code, provider_id, provider_token_id, upstream_model,
                          request_path, request_method, request_ip, request_body_json, response_body_json,
                          prompt_tokens, completion_tokens, total_tokens, user_amount, cost_amount, latency_ms,
                          success, status_code, error_message, request_date, created_at)
values (?, ?, ?, ?, ?, ?, ?, ?, ?, ?, cast(? as json), cast(? as json), ?, ?, ?, ?, ?, ?, ?, ?, ?, ?, now())
]
2026-04-15T19:26:23.759+08:00 DEBUG 15660 --- [ai-gateway] [io-9988-exec-10] o.s.jdbc.core.StatementCreatorUtils      : JDBC getParameterType call failed - using fallback method instead: java.sql.SQLException: Parameter metadata not available for the given statement
2026-04-15T19:26:23.815+08:00 DEBUG 15660 --- [ai-gateway] [io-9988-exec-10] o.s.jdbc.core.JdbcTemplate               : Executing prepared SQL update
2026-04-15T19:26:23.816+08:00 DEBUG 15660 --- [ai-gateway] [io-9988-exec-10] o.s.jdbc.core.JdbcTemplate               : Executing prepared SQL statement [update wallets
set balance = balance - ?, total_consume = total_consume + ?, updated_at = now()
where user_id = ?
]
2026-04-15T19:26:23.819+08:00 DEBUG 15660 --- [ai-gateway] [io-9988-exec-10] o.s.jdbc.core.JdbcTemplate               : Executing prepared SQL query
2026-04-15T19:26:23.820+08:00 DEBUG 15660 --- [ai-gateway] [io-9988-exec-10] o.s.jdbc.core.JdbcTemplate               : Executing prepared SQL statement [select id from wallets where user_id = ?]
2026-04-15T19:26:23.822+08:00 DEBUG 15660 --- [ai-gateway] [io-9988-exec-10] o.s.jdbc.core.JdbcTemplate               : Executing prepared SQL query
2026-04-15T19:26:23.824+08:00 DEBUG 15660 --- [ai-gateway] [io-9988-exec-10] o.s.jdbc.core.JdbcTemplate               : Executing prepared SQL statement [select balance from wallets where user_id = ?]
2026-04-15T19:26:23.825+08:00 DEBUG 15660 --- [ai-gateway] [io-9988-exec-10] o.s.jdbc.core.JdbcTemplate               : Executing prepared SQL update
2026-04-15T19:26:23.826+08:00 DEBUG 15660 --- [ai-gateway] [io-9988-exec-10] o.s.jdbc.core.JdbcTemplate               : Executing prepared SQL statement [insert into transactions (user_id, wallet_id, order_no, transaction_type, direction, amount,
                          balance_before, balance_after, status, description_text, transaction_date)
values (?, ?, ?, 'CONSUME', 'OUT', ?, ?, ?, 'SUCCESS', ?, curdate())
]
2026-04-15T19:26:23.830+08:00 DEBUG 15660 --- [ai-gateway] [io-9988-exec-10] o.s.jdbc.core.JdbcTemplate               : Executing prepared SQL update
2026-04-15T19:26:23.831+08:00 DEBUG 15660 --- [ai-gateway] [io-9988-exec-10] o.s.jdbc.core.JdbcTemplate               : Executing prepared SQL statement [update api_keys
set used_quota = used_quota + ?, updated_at = now()
where id = ?
]
2026-04-15T19:26:23.836+08:00 DEBUG 15660 --- [ai-gateway] [io-9988-exec-10] o.s.jdbc.core.JdbcTemplate               : Executing prepared SQL update
2026-04-15T19:26:23.837+08:00 DEBUG 15660 --- [ai-gateway] [io-9988-exec-10] o.s.jdbc.core.JdbcTemplate               : Executing prepared SQL statement [insert into usage_daily (stat_date, user_id, model_code, provider_id, request_count, success_count, total_tokens, user_amount, cost_amount)
values (?, ?, ?, ?, 1, ?, ?, ?, ?)
on duplicate key update
    request_count = request_count + 1,
    success_count = success_count + values(success_count),
    total_tokens = total_tokens + values(total_tokens),
    user_amount = user_amount + values(user_amount),
    cost_amount = cost_amount + values(cost_amount),
    updated_at = now()
]
2026-04-15T19:26:23.842+08:00 DEBUG 15660 --- [ai-gateway] [io-9988-exec-10] o.s.jdbc.core.JdbcTemplate               : SQLWarning ignored: SQL state 'HY000', error code '1287', message ['VALUES function' is deprecated and will be removed in a future release. Please use an alias (INSERT INTO ... VALUES (...) AS alias) and replace VALUES(col) in the ON DUPLICATE KEY UPDATE clause with alias.col instead]
2026-04-15T19:26:23.843+08:00 DEBUG 15660 --- [ai-gateway] [io-9988-exec-10] o.s.jdbc.core.JdbcTemplate               : SQLWarning ignored: SQL state 'HY000', error code '1287', message ['VALUES function' is deprecated and will be removed in a future release. Please use an alias (INSERT INTO ... VALUES (...) AS alias) and replace VALUES(col) in the ON DUPLICATE KEY UPDATE clause with alias.col instead]
2026-04-15T19:26:23.843+08:00 DEBUG 15660 --- [ai-gateway] [io-9988-exec-10] o.s.jdbc.core.JdbcTemplate               : SQLWarning ignored: SQL state 'HY000', error code '1287', message ['VALUES function' is deprecated and will be removed in a future release. Please use an alias (INSERT INTO ... VALUES (...) AS alias) and replace VALUES(col) in the ON DUPLICATE KEY UPDATE clause with alias.col instead]
2026-04-15T19:26:23.843+08:00 DEBUG 15660 --- [ai-gateway] [io-9988-exec-10] o.s.jdbc.core.JdbcTemplate               : SQLWarning ignored: SQL state 'HY000', error code '1287', message ['VALUES function' is deprecated and will be removed in a future release. Please use an alias (INSERT INTO ... VALUES (...) AS alias) and replace VALUES(col) in the ON DUPLICATE KEY UPDATE clause with alias.col instead]
2026-04-15T19:26:23.844+08:00 DEBUG 15660 --- [ai-gateway] [io-9988-exec-10] o.s.w.s.m.m.a.HttpEntityMethodProcessor  : Found 'Content-Type:text/event-stream;charset=UTF-8' in response
2026-04-15T19:26:23.845+08:00 DEBUG 15660 --- [ai-gateway] [io-9988-exec-10] o.s.w.s.m.m.a.HttpEntityMethodProcessor  : Writing ["event: response.created<EOL>data: {"type":"response.created","response":{"id":"resp_061153b52fbf16c50169 (truncated)..."]
2026-04-15T19:26:23.847+08:00 DEBUG 15660 --- [ai-gateway] [io-9988-exec-10] o.s.web.servlet.DispatcherServlet        : Completed 200 OK
2026-04-15T19:26:28.408+08:00 DEBUG 15660 --- [ai-gateway] [nio-9988-exec-3] o.s.web.servlet.DispatcherServlet        : POST "/v1/responses", parameters={}
2026-04-15T19:26:28.410+08:00 DEBUG 15660 --- [ai-gateway] [nio-9988-exec-3] s.w.s.m.m.a.RequestMappingHandlerMapping : Mapped to com.zxw.modules.gateway.controller.GatewayChatController#responses(String, String, HttpServletRequest)
2026-04-15T19:26:30.856+08:00 DEBUG 15660 --- [ai-gateway] [nio-9988-exec-3] m.m.a.RequestResponseBodyMethodProcessor : Read "application/json;charset=UTF-8" to ["{"model":"gpt-5.4","instructions":"You are Codex, a coding agent based on GPT-5. You and the user sh (truncated)..."]
2026-04-15T19:26:30.858+08:00 DEBUG 15660 --- [ai-gateway] [nio-9988-exec-3] o.s.jdbc.core.JdbcTemplate               : Executing prepared SQL query
2026-04-15T19:26:30.859+08:00 DEBUG 15660 --- [ai-gateway] [nio-9988-exec-3] o.s.jdbc.core.JdbcTemplate               : Executing prepared SQL statement [select k.id, k.user_id, k.secret_hash, k.status, k.total_quota, k.used_quota, k.expires_at,
       u.username, u.role_code, coalesce(w.balance, 0) as balance
from api_keys k
join users u on u.id = k.user_id and u.deleted = 0
left join wallets w on w.user_id = u.id
where k.access_key = ? and k.deleted = 0
]
2026-04-15T19:26:30.987+08:00 DEBUG 15660 --- [ai-gateway] [nio-9988-exec-3] o.s.jdbc.core.JdbcTemplate               : Executing prepared SQL update
2026-04-15T19:26:30.989+08:00 DEBUG 15660 --- [ai-gateway] [nio-9988-exec-3] o.s.jdbc.core.JdbcTemplate               : Executing prepared SQL statement [update api_keys set last_used_at = now(), updated_at = now() where id = ?]
2026-04-15T19:26:30.994+08:00 DEBUG 15660 --- [ai-gateway] [nio-9988-exec-3] o.s.jdbc.core.JdbcTemplate               : Executing prepared SQL query
2026-04-15T19:26:30.995+08:00 DEBUG 15660 --- [ai-gateway] [nio-9988-exec-3] o.s.jdbc.core.JdbcTemplate               : Executing prepared SQL statement [select m.id as model_id, m.model_code, m.model_name, m.prompt_price, m.completion_price,
       m.request_price, m.multiplier, p.id as provider_id, p.provider_name, p.base_url, p.provider_type,
       p.timeout_ms, r.upstream_model, t.id as provider_token_id, t.token_value_encrypted
from models m
join model_routes r on r.model_id = m.id and r.status = 'ACTIVE'
join providers p on p.id = r.provider_id and p.deleted = 0 and p.status = 'ACTIVE'
join provider_tokens t on t.provider_id = p.id and t.deleted = 0 and t.status = 'ACTIVE'
where m.model_code = ? and m.deleted = 0 and m.status = 'ACTIVE'
order by r.priority_no asc, t.weight_no desc, t.id asc
limit 1
]
2026-04-15T19:26:39.582+08:00 DEBUG 15660 --- [ai-gateway] [nio-9988-exec-3] o.s.jdbc.core.JdbcTemplate               : Executing prepared SQL update
2026-04-15T19:26:39.583+08:00 DEBUG 15660 --- [ai-gateway] [nio-9988-exec-3] o.s.jdbc.core.JdbcTemplate               : Executing prepared SQL statement [insert into request_logs (request_id, user_id, api_key_id, model_code, provider_id, provider_token_id, upstream_model,
                          request_path, request_method, request_ip, request_body_json, response_body_json,
                          prompt_tokens, completion_tokens, total_tokens, user_amount, cost_amount, latency_ms,
                          success, status_code, error_message, request_date, created_at)
values (?, ?, ?, ?, ?, ?, ?, ?, ?, ?, cast(? as json), cast(? as json), ?, ?, ?, ?, ?, ?, ?, ?, ?, ?, now())
]
2026-04-15T19:26:39.584+08:00 DEBUG 15660 --- [ai-gateway] [nio-9988-exec-3] o.s.jdbc.core.StatementCreatorUtils      : JDBC getParameterType call failed - using fallback method instead: java.sql.SQLException: Parameter metadata not available for the given statement
2026-04-15T19:26:39.644+08:00 DEBUG 15660 --- [ai-gateway] [nio-9988-exec-3] o.s.jdbc.core.JdbcTemplate               : Executing prepared SQL update
2026-04-15T19:26:39.645+08:00 DEBUG 15660 --- [ai-gateway] [nio-9988-exec-3] o.s.jdbc.core.JdbcTemplate               : Executing prepared SQL statement [update wallets
set balance = balance - ?, total_consume = total_consume + ?, updated_at = now()
where user_id = ?
]
2026-04-15T19:26:39.648+08:00 DEBUG 15660 --- [ai-gateway] [nio-9988-exec-3] o.s.jdbc.core.JdbcTemplate               : Executing prepared SQL query
2026-04-15T19:26:39.649+08:00 DEBUG 15660 --- [ai-gateway] [nio-9988-exec-3] o.s.jdbc.core.JdbcTemplate               : Executing prepared SQL statement [select id from wallets where user_id = ?]
2026-04-15T19:26:39.650+08:00 DEBUG 15660 --- [ai-gateway] [nio-9988-exec-3] o.s.jdbc.core.JdbcTemplate               : Executing prepared SQL query
2026-04-15T19:26:39.651+08:00 DEBUG 15660 --- [ai-gateway] [nio-9988-exec-3] o.s.jdbc.core.JdbcTemplate               : Executing prepared SQL statement [select balance from wallets where user_id = ?]
2026-04-15T19:26:39.652+08:00 DEBUG 15660 --- [ai-gateway] [nio-9988-exec-3] o.s.jdbc.core.JdbcTemplate               : Executing prepared SQL update
2026-04-15T19:26:39.653+08:00 DEBUG 15660 --- [ai-gateway] [nio-9988-exec-3] o.s.jdbc.core.JdbcTemplate               : Executing prepared SQL statement [insert into transactions (user_id, wallet_id, order_no, transaction_type, direction, amount,
                          balance_before, balance_after, status, description_text, transaction_date)
values (?, ?, ?, 'CONSUME', 'OUT', ?, ?, ?, 'SUCCESS', ?, curdate())
]
2026-04-15T19:26:39.658+08:00 DEBUG 15660 --- [ai-gateway] [nio-9988-exec-3] o.s.jdbc.core.JdbcTemplate               : Executing prepared SQL update
2026-04-15T19:26:39.659+08:00 DEBUG 15660 --- [ai-gateway] [nio-9988-exec-3] o.s.jdbc.core.JdbcTemplate               : Executing prepared SQL statement [update api_keys
set used_quota = used_quota + ?, updated_at = now()
where id = ?
]
2026-04-15T19:26:39.663+08:00 DEBUG 15660 --- [ai-gateway] [nio-9988-exec-3] o.s.jdbc.core.JdbcTemplate               : Executing prepared SQL update
2026-04-15T19:26:39.664+08:00 DEBUG 15660 --- [ai-gateway] [nio-9988-exec-3] o.s.jdbc.core.JdbcTemplate               : Executing prepared SQL statement [insert into usage_daily (stat_date, user_id, model_code, provider_id, request_count, success_count, total_tokens, user_amount, cost_amount)
values (?, ?, ?, ?, 1, ?, ?, ?, ?)
on duplicate key update
    request_count = request_count + 1,
    success_count = success_count + values(success_count),
    total_tokens = total_tokens + values(total_tokens),
    user_amount = user_amount + values(user_amount),
    cost_amount = cost_amount + values(cost_amount),
    updated_at = now()
]
2026-04-15T19:26:39.666+08:00 DEBUG 15660 --- [ai-gateway] [nio-9988-exec-3] o.s.jdbc.core.JdbcTemplate               : SQLWarning ignored: SQL state 'HY000', error code '1287', message ['VALUES function' is deprecated and will be removed in a future release. Please use an alias (INSERT INTO ... VALUES (...) AS alias) and replace VALUES(col) in the ON DUPLICATE KEY UPDATE clause with alias.col instead]
2026-04-15T19:26:39.667+08:00 DEBUG 15660 --- [ai-gateway] [nio-9988-exec-3] o.s.jdbc.core.JdbcTemplate               : SQLWarning ignored: SQL state 'HY000', error code '1287', message ['VALUES function' is deprecated and will be removed in a future release. Please use an alias (INSERT INTO ... VALUES (...) AS alias) and replace VALUES(col) in the ON DUPLICATE KEY UPDATE clause with alias.col instead]
2026-04-15T19:26:39.667+08:00 DEBUG 15660 --- [ai-gateway] [nio-9988-exec-3] o.s.jdbc.core.JdbcTemplate               : SQLWarning ignored: SQL state 'HY000', error code '1287', message ['VALUES function' is deprecated and will be removed in a future release. Please use an alias (INSERT INTO ... VALUES (...) AS alias) and replace VALUES(col) in the ON DUPLICATE KEY UPDATE clause with alias.col instead]
2026-04-15T19:26:39.667+08:00 DEBUG 15660 --- [ai-gateway] [nio-9988-exec-3] o.s.jdbc.core.JdbcTemplate               : SQLWarning ignored: SQL state 'HY000', error code '1287', message ['VALUES function' is deprecated and will be removed in a future release. Please use an alias (INSERT INTO ... VALUES (...) AS alias) and replace VALUES(col) in the ON DUPLICATE KEY UPDATE clause with alias.col instead]
2026-04-15T19:26:39.668+08:00 DEBUG 15660 --- [ai-gateway] [nio-9988-exec-3] o.s.w.s.m.m.a.HttpEntityMethodProcessor  : Found 'Content-Type:text/event-stream;charset=UTF-8' in response
2026-04-15T19:26:39.668+08:00 DEBUG 15660 --- [ai-gateway] [nio-9988-exec-3] o.s.w.s.m.m.a.HttpEntityMethodProcessor  : Writing ["event: response.created<EOL>data: {"type":"response.created","response":{"id":"resp_05f3ef457fe412310169 (truncated)..."]
2026-04-15T19:26:39.671+08:00 DEBUG 15660 --- [ai-gateway] [nio-9988-exec-3] o.s.web.servlet.DispatcherServlet        : Completed 200 OK
2026-04-15T19:26:43.552+08:00 DEBUG 15660 --- [ai-gateway] [nio-9988-exec-9] o.s.web.servlet.DispatcherServlet        : POST "/v1/responses", parameters={}
2026-04-15T19:26:43.553+08:00 DEBUG 15660 --- [ai-gateway] [nio-9988-exec-9] s.w.s.m.m.a.RequestMappingHandlerMapping : Mapped to com.zxw.modules.gateway.controller.GatewayChatController#responses(String, String, HttpServletRequest)
2026-04-15T19:26:46.038+08:00 DEBUG 15660 --- [ai-gateway] [nio-9988-exec-9] m.m.a.RequestResponseBodyMethodProcessor : Read "application/json;charset=UTF-8" to ["{"model":"gpt-5.4","instructions":"You are Codex, a coding agent based on GPT-5. You and the user sh (truncated)..."]
2026-04-15T19:26:46.043+08:00 DEBUG 15660 --- [ai-gateway] [nio-9988-exec-9] o.s.jdbc.core.JdbcTemplate               : Executing prepared SQL query
2026-04-15T19:26:46.044+08:00 DEBUG 15660 --- [ai-gateway] [nio-9988-exec-9] o.s.jdbc.core.JdbcTemplate               : Executing prepared SQL statement [select k.id, k.user_id, k.secret_hash, k.status, k.total_quota, k.used_quota, k.expires_at,
       u.username, u.role_code, coalesce(w.balance, 0) as balance
from api_keys k
join users u on u.id = k.user_id and u.deleted = 0
left join wallets w on w.user_id = u.id
where k.access_key = ? and k.deleted = 0
]
2026-04-15T19:26:46.188+08:00 DEBUG 15660 --- [ai-gateway] [nio-9988-exec-9] o.s.jdbc.core.JdbcTemplate               : Executing prepared SQL update
2026-04-15T19:26:46.189+08:00 DEBUG 15660 --- [ai-gateway] [nio-9988-exec-9] o.s.jdbc.core.JdbcTemplate               : Executing prepared SQL statement [update api_keys set last_used_at = now(), updated_at = now() where id = ?]
2026-04-15T19:26:46.195+08:00 DEBUG 15660 --- [ai-gateway] [nio-9988-exec-9] o.s.jdbc.core.JdbcTemplate               : Executing prepared SQL query
2026-04-15T19:26:46.196+08:00 DEBUG 15660 --- [ai-gateway] [nio-9988-exec-9] o.s.jdbc.core.JdbcTemplate               : Executing prepared SQL statement [select m.id as model_id, m.model_code, m.model_name, m.prompt_price, m.completion_price,
       m.request_price, m.multiplier, p.id as provider_id, p.provider_name, p.base_url, p.provider_type,
       p.timeout_ms, r.upstream_model, t.id as provider_token_id, t.token_value_encrypted
from models m
join model_routes r on r.model_id = m.id and r.status = 'ACTIVE'
join providers p on p.id = r.provider_id and p.deleted = 0 and p.status = 'ACTIVE'
join provider_tokens t on t.provider_id = p.id and t.deleted = 0 and t.status = 'ACTIVE'
where m.model_code = ? and m.deleted = 0 and m.status = 'ACTIVE'
order by r.priority_no asc, t.weight_no desc, t.id asc
limit 1
]
2026-04-15T19:26:46.284+08:00 DEBUG 15660 --- [ai-gateway] [nio-9988-exec-8] o.s.web.servlet.DispatcherServlet        : GET "/admin/request-logs?limit=50", parameters={masked}
2026-04-15T19:26:46.285+08:00 DEBUG 15660 --- [ai-gateway] [nio-9988-exec-8] s.w.s.m.m.a.RequestMappingHandlerMapping : Mapped to com.zxw.modules.request.controller.AdminRequestLogController#list(int)
2026-04-15T19:26:46.288+08:00 DEBUG 15660 --- [ai-gateway] [nio-9988-exec-8] o.s.jdbc.core.JdbcTemplate               : Executing prepared SQL query
2026-04-15T19:26:46.289+08:00 DEBUG 15660 --- [ai-gateway] [nio-9988-exec-8] o.s.jdbc.core.JdbcTemplate               : Executing prepared SQL statement [select l.request_id, u.username, l.model_code, l.upstream_model, l.status_code,
       l.latency_ms, l.total_tokens, l.user_amount, l.cost_amount, l.success, l.created_at
from request_logs l
left join users u on u.id = l.user_id
order by l.id desc
limit ?
]
2026-04-15T19:26:46.293+08:00 DEBUG 15660 --- [ai-gateway] [nio-9988-exec-8] m.m.a.RequestResponseBodyMethodProcessor : Using 'application/json', given [*/*] and supported [application/json, application/*+json]
2026-04-15T19:26:46.294+08:00 DEBUG 15660 --- [ai-gateway] [nio-9988-exec-8] m.m.a.RequestResponseBodyMethodProcessor : Writing [ApiResponse[success=true, message=OK, data=[RequestLogItemResponse[requestId=req_933c5f32e36a4af68ad (truncated)...]
2026-04-15T19:26:46.297+08:00 DEBUG 15660 --- [ai-gateway] [nio-9988-exec-8] o.s.web.servlet.DispatcherServlet        : Completed 200 OK
2026-04-15T19:26:46.702+08:00 DEBUG 15660 --- [ai-gateway] [nio-9988-exec-1] o.s.web.servlet.DispatcherServlet        : GET "/admin/request-logs?limit=50", parameters={masked}
2026-04-15T19:26:46.703+08:00 DEBUG 15660 --- [ai-gateway] [nio-9988-exec-1] s.w.s.m.m.a.RequestMappingHandlerMapping : Mapped to com.zxw.modules.request.controller.AdminRequestLogController#list(int)
2026-04-15T19:26:46.705+08:00 DEBUG 15660 --- [ai-gateway] [nio-9988-exec-1] o.s.jdbc.core.JdbcTemplate               : Executing prepared SQL query
2026-04-15T19:26:46.706+08:00 DEBUG 15660 --- [ai-gateway] [nio-9988-exec-1] o.s.jdbc.core.JdbcTemplate               : Executing prepared SQL statement [select l.request_id, u.username, l.model_code, l.upstream_model, l.status_code,
       l.latency_ms, l.total_tokens, l.user_amount, l.cost_amount, l.success, l.created_at
from request_logs l
left join users u on u.id = l.user_id
order by l.id desc
limit ?
]
2026-04-15T19:26:46.709+08:00 DEBUG 15660 --- [ai-gateway] [nio-9988-exec-1] m.m.a.RequestResponseBodyMethodProcessor : Using 'application/json', given [*/*] and supported [application/json, application/*+json]
2026-04-15T19:26:46.710+08:00 DEBUG 15660 --- [ai-gateway] [nio-9988-exec-1] m.m.a.RequestResponseBodyMethodProcessor : Writing [ApiResponse[success=true, message=OK, data=[RequestLogItemResponse[requestId=req_933c5f32e36a4af68ad (truncated)...]
2026-04-15T19:26:46.712+08:00 DEBUG 15660 --- [ai-gateway] [nio-9988-exec-1] o.s.web.servlet.DispatcherServlet        : Completed 200 OK
2026-04-15T19:26:47.293+08:00 DEBUG 15660 --- [ai-gateway] [nio-9988-exec-4] o.s.web.servlet.DispatcherServlet        : GET "/admin/request-logs?limit=50", parameters={masked}
2026-04-15T19:26:47.294+08:00 DEBUG 15660 --- [ai-gateway] [nio-9988-exec-4] s.w.s.m.m.a.RequestMappingHandlerMapping : Mapped to com.zxw.modules.request.controller.AdminRequestLogController#list(int)
2026-04-15T19:26:47.295+08:00 DEBUG 15660 --- [ai-gateway] [nio-9988-exec-4] o.s.jdbc.core.JdbcTemplate               : Executing prepared SQL query
2026-04-15T19:26:47.296+08:00 DEBUG 15660 --- [ai-gateway] [nio-9988-exec-4] o.s.jdbc.core.JdbcTemplate               : Executing prepared SQL statement [select l.request_id, u.username, l.model_code, l.upstream_model, l.status_code,
       l.latency_ms, l.total_tokens, l.user_amount, l.cost_amount, l.success, l.created_at
from request_logs l
left join users u on u.id = l.user_id
order by l.id desc
limit ?
]
2026-04-15T19:26:47.299+08:00 DEBUG 15660 --- [ai-gateway] [nio-9988-exec-4] m.m.a.RequestResponseBodyMethodProcessor : Using 'application/json', given [*/*] and supported [application/json, application/*+json]
2026-04-15T19:26:47.300+08:00 DEBUG 15660 --- [ai-gateway] [nio-9988-exec-4] m.m.a.RequestResponseBodyMethodProcessor : Writing [ApiResponse[success=true, message=OK, data=[RequestLogItemResponse[requestId=req_933c5f32e36a4af68ad (truncated)...]
2026-04-15T19:26:47.301+08:00 DEBUG 15660 --- [ai-gateway] [nio-9988-exec-4] o.s.web.servlet.DispatcherServlet        : Completed 200 OK
2026-04-15T19:26:54.181+08:00 DEBUG 15660 --- [ai-gateway] [nio-9988-exec-9] o.s.jdbc.core.JdbcTemplate               : Executing prepared SQL update
2026-04-15T19:26:54.182+08:00 DEBUG 15660 --- [ai-gateway] [nio-9988-exec-9] o.s.jdbc.core.JdbcTemplate               : Executing prepared SQL statement [insert into request_logs (request_id, user_id, api_key_id, model_code, provider_id, provider_token_id, upstream_model,
                          request_path, request_method, request_ip, request_body_json, response_body_json,
                          prompt_tokens, completion_tokens, total_tokens, user_amount, cost_amount, latency_ms,
                          success, status_code, error_message, request_date, created_at)
values (?, ?, ?, ?, ?, ?, ?, ?, ?, ?, cast(? as json), cast(? as json), ?, ?, ?, ?, ?, ?, ?, ?, ?, ?, now())
]
2026-04-15T19:26:54.183+08:00 DEBUG 15660 --- [ai-gateway] [nio-9988-exec-9] o.s.jdbc.core.StatementCreatorUtils      : JDBC getParameterType call failed - using fallback method instead: java.sql.SQLException: Parameter metadata not available for the given statement
2026-04-15T19:26:54.209+08:00 DEBUG 15660 --- [ai-gateway] [nio-9988-exec-9] o.s.jdbc.core.JdbcTemplate               : Executing prepared SQL update
2026-04-15T19:26:54.210+08:00 DEBUG 15660 --- [ai-gateway] [nio-9988-exec-9] o.s.jdbc.core.JdbcTemplate               : Executing prepared SQL statement [update wallets
set balance = balance - ?, total_consume = total_consume + ?, updated_at = now()
where user_id = ?
]
2026-04-15T19:26:54.212+08:00 DEBUG 15660 --- [ai-gateway] [nio-9988-exec-9] o.s.jdbc.core.JdbcTemplate               : Executing prepared SQL query
2026-04-15T19:26:54.213+08:00 DEBUG 15660 --- [ai-gateway] [nio-9988-exec-9] o.s.jdbc.core.JdbcTemplate               : Executing prepared SQL statement [select id from wallets where user_id = ?]
2026-04-15T19:26:54.215+08:00 DEBUG 15660 --- [ai-gateway] [nio-9988-exec-9] o.s.jdbc.core.JdbcTemplate               : Executing prepared SQL query
2026-04-15T19:26:54.215+08:00 DEBUG 15660 --- [ai-gateway] [nio-9988-exec-9] o.s.jdbc.core.JdbcTemplate               : Executing prepared SQL statement [select balance from wallets where user_id = ?]
2026-04-15T19:26:54.216+08:00 DEBUG 15660 --- [ai-gateway] [nio-9988-exec-9] o.s.jdbc.core.JdbcTemplate               : Executing prepared SQL update
2026-04-15T19:26:54.216+08:00 DEBUG 15660 --- [ai-gateway] [nio-9988-exec-9] o.s.jdbc.core.JdbcTemplate               : Executing prepared SQL statement [insert into transactions (user_id, wallet_id, order_no, transaction_type, direction, amount,
                          balance_before, balance_after, status, description_text, transaction_date)
values (?, ?, ?, 'CONSUME', 'OUT', ?, ?, ?, 'SUCCESS', ?, curdate())
]
2026-04-15T19:26:54.222+08:00 DEBUG 15660 --- [ai-gateway] [nio-9988-exec-9] o.s.jdbc.core.JdbcTemplate               : Executing prepared SQL update
2026-04-15T19:26:54.223+08:00 DEBUG 15660 --- [ai-gateway] [nio-9988-exec-9] o.s.jdbc.core.JdbcTemplate               : Executing prepared SQL statement [update api_keys
set used_quota = used_quota + ?, updated_at = now()
where id = ?
]
2026-04-15T19:26:54.225+08:00 DEBUG 15660 --- [ai-gateway] [nio-9988-exec-9] o.s.jdbc.core.JdbcTemplate               : Executing prepared SQL update
2026-04-15T19:26:54.226+08:00 DEBUG 15660 --- [ai-gateway] [nio-9988-exec-9] o.s.jdbc.core.JdbcTemplate               : Executing prepared SQL statement [insert into usage_daily (stat_date, user_id, model_code, provider_id, request_count, success_count, total_tokens, user_amount, cost_amount)
values (?, ?, ?, ?, 1, ?, ?, ?, ?)
on duplicate key update
    request_count = request_count + 1,
    success_count = success_count + values(success_count),
    total_tokens = total_tokens + values(total_tokens),
    user_amount = user_amount + values(user_amount),
    cost_amount = cost_amount + values(cost_amount),
    updated_at = now()
]
2026-04-15T19:26:54.228+08:00 DEBUG 15660 --- [ai-gateway] [nio-9988-exec-9] o.s.jdbc.core.JdbcTemplate               : SQLWarning ignored: SQL state 'HY000', error code '1287', message ['VALUES function' is deprecated and will be removed in a future release. Please use an alias (INSERT INTO ... VALUES (...) AS alias) and replace VALUES(col) in the ON DUPLICATE KEY UPDATE clause with alias.col instead]
2026-04-15T19:26:54.229+08:00 DEBUG 15660 --- [ai-gateway] [nio-9988-exec-9] o.s.jdbc.core.JdbcTemplate               : SQLWarning ignored: SQL state 'HY000', error code '1287', message ['VALUES function' is deprecated and will be removed in a future release. Please use an alias (INSERT INTO ... VALUES (...) AS alias) and replace VALUES(col) in the ON DUPLICATE KEY UPDATE clause with alias.col instead]
2026-04-15T19:26:54.229+08:00 DEBUG 15660 --- [ai-gateway] [nio-9988-exec-9] o.s.jdbc.core.JdbcTemplate               : SQLWarning ignored: SQL state 'HY000', error code '1287', message ['VALUES function' is deprecated and will be removed in a future release. Please use an alias (INSERT INTO ... VALUES (...) AS alias) and replace VALUES(col) in the ON DUPLICATE KEY UPDATE clause with alias.col instead]
2026-04-15T19:26:54.230+08:00 DEBUG 15660 --- [ai-gateway] [nio-9988-exec-9] o.s.jdbc.core.JdbcTemplate               : SQLWarning ignored: SQL state 'HY000', error code '1287', message ['VALUES function' is deprecated and will be removed in a future release. Please use an alias (INSERT INTO ... VALUES (...) AS alias) and replace VALUES(col) in the ON DUPLICATE KEY UPDATE clause with alias.col instead]
2026-04-15T19:26:54.230+08:00 DEBUG 15660 --- [ai-gateway] [nio-9988-exec-9] o.s.w.s.m.m.a.HttpEntityMethodProcessor  : Found 'Content-Type:text/event-stream;charset=UTF-8' in response
2026-04-15T19:26:54.231+08:00 DEBUG 15660 --- [ai-gateway] [nio-9988-exec-9] o.s.w.s.m.m.a.HttpEntityMethodProcessor  : Writing ["event: response.created<EOL>data: {"type":"response.created","response":{"id":"resp_07291a3e71948bfb0169 (truncated)..."]
2026-04-15T19:26:54.233+08:00 DEBUG 15660 --- [ai-gateway] [nio-9988-exec-9] o.s.web.servlet.DispatcherServlet        : Completed 200 OK
2026-04-15T19:26:56.200+08:00 DEBUG 15660 --- [ai-gateway] [nio-9988-exec-7] o.s.web.servlet.DispatcherServlet        : POST "/v1/responses", parameters={}
2026-04-15T19:26:56.201+08:00 DEBUG 15660 --- [ai-gateway] [nio-9988-exec-7] s.w.s.m.m.a.RequestMappingHandlerMapping : Mapped to com.zxw.modules.gateway.controller.GatewayChatController#responses(String, String, HttpServletRequest)
2026-04-15T19:26:58.735+08:00 DEBUG 15660 --- [ai-gateway] [nio-9988-exec-7] m.m.a.RequestResponseBodyMethodProcessor : Read "application/json;charset=UTF-8" to ["{"model":"gpt-5.4","instructions":"You are Codex, a coding agent based on GPT-5. You and the user sh (truncated)..."]
2026-04-15T19:26:58.736+08:00 DEBUG 15660 --- [ai-gateway] [nio-9988-exec-7] o.s.jdbc.core.JdbcTemplate               : Executing prepared SQL query
2026-04-15T19:26:58.737+08:00 DEBUG 15660 --- [ai-gateway] [nio-9988-exec-7] o.s.jdbc.core.JdbcTemplate               : Executing prepared SQL statement [select k.id, k.user_id, k.secret_hash, k.status, k.total_quota, k.used_quota, k.expires_at,
       u.username, u.role_code, coalesce(w.balance, 0) as balance
from api_keys k
join users u on u.id = k.user_id and u.deleted = 0
left join wallets w on w.user_id = u.id
where k.access_key = ? and k.deleted = 0
]
2026-04-15T19:26:58.799+08:00 DEBUG 15660 --- [ai-gateway] [nio-9988-exec-7] o.s.jdbc.core.JdbcTemplate               : Executing prepared SQL update
2026-04-15T19:26:58.800+08:00 DEBUG 15660 --- [ai-gateway] [nio-9988-exec-7] o.s.jdbc.core.JdbcTemplate               : Executing prepared SQL statement [update api_keys set last_used_at = now(), updated_at = now() where id = ?]
2026-04-15T19:26:58.805+08:00 DEBUG 15660 --- [ai-gateway] [nio-9988-exec-7] o.s.jdbc.core.JdbcTemplate               : Executing prepared SQL query
2026-04-15T19:26:58.805+08:00 DEBUG 15660 --- [ai-gateway] [nio-9988-exec-7] o.s.jdbc.core.JdbcTemplate               : Executing prepared SQL statement [select m.id as model_id, m.model_code, m.model_name, m.prompt_price, m.completion_price,
       m.request_price, m.multiplier, p.id as provider_id, p.provider_name, p.base_url, p.provider_type,
       p.timeout_ms, r.upstream_model, t.id as provider_token_id, t.token_value_encrypted
from models m
join model_routes r on r.model_id = m.id and r.status = 'ACTIVE'
join providers p on p.id = r.provider_id and p.deleted = 0 and p.status = 'ACTIVE'
join provider_tokens t on t.provider_id = p.id and t.deleted = 0 and t.status = 'ACTIVE'
where m.model_code = ? and m.deleted = 0 and m.status = 'ACTIVE'
order by r.priority_no asc, t.weight_no desc, t.id asc
limit 1
]
2026-04-15T19:27:08.924+08:00 DEBUG 15660 --- [ai-gateway] [nio-9988-exec-7] o.s.jdbc.core.JdbcTemplate               : Executing prepared SQL update
2026-04-15T19:27:08.925+08:00 DEBUG 15660 --- [ai-gateway] [nio-9988-exec-7] o.s.jdbc.core.JdbcTemplate               : Executing prepared SQL statement [insert into request_logs (request_id, user_id, api_key_id, model_code, provider_id, provider_token_id, upstream_model,
                          request_path, request_method, request_ip, request_body_json, response_body_json,
                          prompt_tokens, completion_tokens, total_tokens, user_amount, cost_amount, latency_ms,
                          success, status_code, error_message, request_date, created_at)
values (?, ?, ?, ?, ?, ?, ?, ?, ?, ?, cast(? as json), cast(? as json), ?, ?, ?, ?, ?, ?, ?, ?, ?, ?, now())
]
2026-04-15T19:27:08.926+08:00 DEBUG 15660 --- [ai-gateway] [nio-9988-exec-7] o.s.jdbc.core.StatementCreatorUtils      : JDBC getParameterType call failed - using fallback method instead: java.sql.SQLException: Parameter metadata not available for the given statement
2026-04-15T19:27:08.959+08:00 DEBUG 15660 --- [ai-gateway] [nio-9988-exec-7] o.s.jdbc.core.JdbcTemplate               : Executing prepared SQL update
2026-04-15T19:27:08.960+08:00 DEBUG 15660 --- [ai-gateway] [nio-9988-exec-7] o.s.jdbc.core.JdbcTemplate               : Executing prepared SQL statement [update wallets
set balance = balance - ?, total_consume = total_consume + ?, updated_at = now()
where user_id = ?
]
2026-04-15T19:27:08.962+08:00 DEBUG 15660 --- [ai-gateway] [nio-9988-exec-7] o.s.jdbc.core.JdbcTemplate               : Executing prepared SQL query
2026-04-15T19:27:08.963+08:00 DEBUG 15660 --- [ai-gateway] [nio-9988-exec-7] o.s.jdbc.core.JdbcTemplate               : Executing prepared SQL statement [select id from wallets where user_id = ?]
2026-04-15T19:27:08.964+08:00 DEBUG 15660 --- [ai-gateway] [nio-9988-exec-7] o.s.jdbc.core.JdbcTemplate               : Executing prepared SQL query
2026-04-15T19:27:08.965+08:00 DEBUG 15660 --- [ai-gateway] [nio-9988-exec-7] o.s.jdbc.core.JdbcTemplate               : Executing prepared SQL statement [select balance from wallets where user_id = ?]
2026-04-15T19:27:08.966+08:00 DEBUG 15660 --- [ai-gateway] [nio-9988-exec-7] o.s.jdbc.core.JdbcTemplate               : Executing prepared SQL update
2026-04-15T19:27:08.966+08:00 DEBUG 15660 --- [ai-gateway] [nio-9988-exec-7] o.s.jdbc.core.JdbcTemplate               : Executing prepared SQL statement [insert into transactions (user_id, wallet_id, order_no, transaction_type, direction, amount,
                          balance_before, balance_after, status, description_text, transaction_date)
values (?, ?, ?, 'CONSUME', 'OUT', ?, ?, ?, 'SUCCESS', ?, curdate())
]
2026-04-15T19:27:08.970+08:00 DEBUG 15660 --- [ai-gateway] [nio-9988-exec-7] o.s.jdbc.core.JdbcTemplate               : Executing prepared SQL update
2026-04-15T19:27:08.971+08:00 DEBUG 15660 --- [ai-gateway] [nio-9988-exec-7] o.s.jdbc.core.JdbcTemplate               : Executing prepared SQL statement [update api_keys
set used_quota = used_quota + ?, updated_at = now()
where id = ?
]
2026-04-15T19:27:08.974+08:00 DEBUG 15660 --- [ai-gateway] [nio-9988-exec-7] o.s.jdbc.core.JdbcTemplate               : Executing prepared SQL update
2026-04-15T19:27:08.975+08:00 DEBUG 15660 --- [ai-gateway] [nio-9988-exec-7] o.s.jdbc.core.JdbcTemplate               : Executing prepared SQL statement [insert into usage_daily (stat_date, user_id, model_code, provider_id, request_count, success_count, total_tokens, user_amount, cost_amount)
values (?, ?, ?, ?, 1, ?, ?, ?, ?)
on duplicate key update
    request_count = request_count + 1,
    success_count = success_count + values(success_count),
    total_tokens = total_tokens + values(total_tokens),
    user_amount = user_amount + values(user_amount),
    cost_amount = cost_amount + values(cost_amount),
    updated_at = now()
]
2026-04-15T19:27:08.978+08:00 DEBUG 15660 --- [ai-gateway] [nio-9988-exec-7] o.s.jdbc.core.JdbcTemplate               : SQLWarning ignored: SQL state 'HY000', error code '1287', message ['VALUES function' is deprecated and will be removed in a future release. Please use an alias (INSERT INTO ... VALUES (...) AS alias) and replace VALUES(col) in the ON DUPLICATE KEY UPDATE clause with alias.col instead]
2026-04-15T19:27:08.979+08:00 DEBUG 15660 --- [ai-gateway] [nio-9988-exec-7] o.s.jdbc.core.JdbcTemplate               : SQLWarning ignored: SQL state 'HY000', error code '1287', message ['VALUES function' is deprecated and will be removed in a future release. Please use an alias (INSERT INTO ... VALUES (...) AS alias) and replace VALUES(col) in the ON DUPLICATE KEY UPDATE clause with alias.col instead]
2026-04-15T19:27:08.979+08:00 DEBUG 15660 --- [ai-gateway] [nio-9988-exec-7] o.s.jdbc.core.JdbcTemplate               : SQLWarning ignored: SQL state 'HY000', error code '1287', message ['VALUES function' is deprecated and will be removed in a future release. Please use an alias (INSERT INTO ... VALUES (...) AS alias) and replace VALUES(col) in the ON DUPLICATE KEY UPDATE clause with alias.col instead]
2026-04-15T19:27:08.980+08:00 DEBUG 15660 --- [ai-gateway] [nio-9988-exec-7] o.s.jdbc.core.JdbcTemplate               : SQLWarning ignored: SQL state 'HY000', error code '1287', message ['VALUES function' is deprecated and will be removed in a future release. Please use an alias (INSERT INTO ... VALUES (...) AS alias) and replace VALUES(col) in the ON DUPLICATE KEY UPDATE clause with alias.col instead]
2026-04-15T19:27:08.982+08:00 DEBUG 15660 --- [ai-gateway] [nio-9988-exec-7] o.s.w.s.m.m.a.HttpEntityMethodProcessor  : Found 'Content-Type:text/event-stream;charset=UTF-8' in response
2026-04-15T19:27:08.983+08:00 DEBUG 15660 --- [ai-gateway] [nio-9988-exec-7] o.s.w.s.m.m.a.HttpEntityMethodProcessor  : Writing ["event: response.created<EOL>data: {"type":"response.created","response":{"id":"resp_099a93d0f4b091e50169 (truncated)..."]
2026-04-15T19:27:08.984+08:00 DEBUG 15660 --- [ai-gateway] [nio-9988-exec-7] o.s.web.servlet.DispatcherServlet        : Completed 200 OK
2026-04-15T19:27:11.164+08:00 DEBUG 15660 --- [ai-gateway] [nio-9988-exec-5] o.s.web.servlet.DispatcherServlet        : POST "/v1/responses", parameters={}
2026-04-15T19:27:11.164+08:00 DEBUG 15660 --- [ai-gateway] [nio-9988-exec-5] s.w.s.m.m.a.RequestMappingHandlerMapping : Mapped to com.zxw.modules.gateway.controller.GatewayChatController#responses(String, String, HttpServletRequest)
2026-04-15T19:27:13.847+08:00 DEBUG 15660 --- [ai-gateway] [nio-9988-exec-5] m.m.a.RequestResponseBodyMethodProcessor : Read "application/json;charset=UTF-8" to ["{"model":"gpt-5.4","instructions":"You are Codex, a coding agent based on GPT-5. You and the user sh (truncated)..."]
2026-04-15T19:27:13.848+08:00 DEBUG 15660 --- [ai-gateway] [nio-9988-exec-5] o.s.jdbc.core.JdbcTemplate               : Executing prepared SQL query
2026-04-15T19:27:13.849+08:00 DEBUG 15660 --- [ai-gateway] [nio-9988-exec-5] o.s.jdbc.core.JdbcTemplate               : Executing prepared SQL statement [select k.id, k.user_id, k.secret_hash, k.status, k.total_quota, k.used_quota, k.expires_at,
       u.username, u.role_code, coalesce(w.balance, 0) as balance
from api_keys k
join users u on u.id = k.user_id and u.deleted = 0
left join wallets w on w.user_id = u.id
where k.access_key = ? and k.deleted = 0
]
2026-04-15T19:27:13.913+08:00 DEBUG 15660 --- [ai-gateway] [nio-9988-exec-5] o.s.jdbc.core.JdbcTemplate               : Executing prepared SQL update
2026-04-15T19:27:13.914+08:00 DEBUG 15660 --- [ai-gateway] [nio-9988-exec-5] o.s.jdbc.core.JdbcTemplate               : Executing prepared SQL statement [update api_keys set last_used_at = now(), updated_at = now() where id = ?]
2026-04-15T19:27:13.919+08:00 DEBUG 15660 --- [ai-gateway] [nio-9988-exec-5] o.s.jdbc.core.JdbcTemplate               : Executing prepared SQL query
2026-04-15T19:27:13.919+08:00 DEBUG 15660 --- [ai-gateway] [nio-9988-exec-5] o.s.jdbc.core.JdbcTemplate               : Executing prepared SQL statement [select m.id as model_id, m.model_code, m.model_name, m.prompt_price, m.completion_price,
       m.request_price, m.multiplier, p.id as provider_id, p.provider_name, p.base_url, p.provider_type,
       p.timeout_ms, r.upstream_model, t.id as provider_token_id, t.token_value_encrypted
from models m
join model_routes r on r.model_id = m.id and r.status = 'ACTIVE'
join providers p on p.id = r.provider_id and p.deleted = 0 and p.status = 'ACTIVE'
join provider_tokens t on t.provider_id = p.id and t.deleted = 0 and t.status = 'ACTIVE'
where m.model_code = ? and m.deleted = 0 and m.status = 'ACTIVE'
order by r.priority_no asc, t.weight_no desc, t.id asc
limit 1
]
2026-04-15T19:27:21.595+08:00 DEBUG 15660 --- [ai-gateway] [nio-9988-exec-3] o.s.web.servlet.DispatcherServlet        : GET "/admin/request-logs?limit=50", parameters={masked}
2026-04-15T19:27:21.596+08:00 DEBUG 15660 --- [ai-gateway] [nio-9988-exec-3] s.w.s.m.m.a.RequestMappingHandlerMapping : Mapped to com.zxw.modules.request.controller.AdminRequestLogController#list(int)
2026-04-15T19:27:21.598+08:00 DEBUG 15660 --- [ai-gateway] [nio-9988-exec-3] o.s.jdbc.core.JdbcTemplate               : Executing prepared SQL query
2026-04-15T19:27:21.599+08:00 DEBUG 15660 --- [ai-gateway] [nio-9988-exec-3] o.s.jdbc.core.JdbcTemplate               : Executing prepared SQL statement [select l.request_id, u.username, l.model_code, l.upstream_model, l.status_code,
       l.latency_ms, l.total_tokens, l.user_amount, l.cost_amount, l.success, l.created_at
from request_logs l
left join users u on u.id = l.user_id
order by l.id desc
limit ?
]
2026-04-15T19:27:21.602+08:00 DEBUG 15660 --- [ai-gateway] [nio-9988-exec-3] m.m.a.RequestResponseBodyMethodProcessor : Using 'application/json', given [*/*] and supported [application/json, application/*+json]
2026-04-15T19:27:21.604+08:00 DEBUG 15660 --- [ai-gateway] [nio-9988-exec-3] m.m.a.RequestResponseBodyMethodProcessor : Writing [ApiResponse[success=true, message=OK, data=[RequestLogItemResponse[requestId=req_4c8dcbc0e38f4f05a92 (truncated)...]
2026-04-15T19:27:21.605+08:00 DEBUG 15660 --- [ai-gateway] [nio-9988-exec-3] o.s.web.servlet.DispatcherServlet        : Completed 200 OK
2026-04-15T19:27:22.068+08:00 DEBUG 15660 --- [ai-gateway] [nio-9988-exec-6] o.s.web.servlet.DispatcherServlet        : GET "/admin/request-logs?limit=50", parameters={masked}
2026-04-15T19:27:22.069+08:00 DEBUG 15660 --- [ai-gateway] [nio-9988-exec-6] s.w.s.m.m.a.RequestMappingHandlerMapping : Mapped to com.zxw.modules.request.controller.AdminRequestLogController#list(int)
2026-04-15T19:27:22.071+08:00 DEBUG 15660 --- [ai-gateway] [nio-9988-exec-6] o.s.jdbc.core.JdbcTemplate               : Executing prepared SQL query
2026-04-15T19:27:22.072+08:00 DEBUG 15660 --- [ai-gateway] [nio-9988-exec-6] o.s.jdbc.core.JdbcTemplate               : Executing prepared SQL statement [select l.request_id, u.username, l.model_code, l.upstream_model, l.status_code,
       l.latency_ms, l.total_tokens, l.user_amount, l.cost_amount, l.success, l.created_at
from request_logs l
left join users u on u.id = l.user_id
order by l.id desc
limit ?
]
2026-04-15T19:27:22.074+08:00 DEBUG 15660 --- [ai-gateway] [nio-9988-exec-6] m.m.a.RequestResponseBodyMethodProcessor : Using 'application/json', given [*/*] and supported [application/json, application/*+json]
2026-04-15T19:27:22.076+08:00 DEBUG 15660 --- [ai-gateway] [nio-9988-exec-6] m.m.a.RequestResponseBodyMethodProcessor : Writing [ApiResponse[success=true, message=OK, data=[RequestLogItemResponse[requestId=req_4c8dcbc0e38f4f05a92 (truncated)...]
2026-04-15T19:27:22.078+08:00 DEBUG 15660 --- [ai-gateway] [nio-9988-exec-6] o.s.web.servlet.DispatcherServlet        : Completed 200 OK
2026-04-15T19:27:25.437+08:00 DEBUG 15660 --- [ai-gateway] [nio-9988-exec-5] o.s.jdbc.core.JdbcTemplate               : Executing prepared SQL update
2026-04-15T19:27:25.438+08:00 DEBUG 15660 --- [ai-gateway] [nio-9988-exec-5] o.s.jdbc.core.JdbcTemplate               : Executing prepared SQL statement [insert into request_logs (request_id, user_id, api_key_id, model_code, provider_id, provider_token_id, upstream_model,
                          request_path, request_method, request_ip, request_body_json, response_body_json,
                          prompt_tokens, completion_tokens, total_tokens, user_amount, cost_amount, latency_ms,
                          success, status_code, error_message, request_date, created_at)
values (?, ?, ?, ?, ?, ?, ?, ?, ?, ?, cast(? as json), cast(? as json), ?, ?, ?, ?, ?, ?, ?, ?, ?, ?, now())
]
2026-04-15T19:27:25.440+08:00 DEBUG 15660 --- [ai-gateway] [nio-9988-exec-5] o.s.jdbc.core.StatementCreatorUtils      : JDBC getParameterType call failed - using fallback method instead: java.sql.SQLException: Parameter metadata not available for the given statement
2026-04-15T19:27:25.470+08:00 DEBUG 15660 --- [ai-gateway] [nio-9988-exec-5] o.s.jdbc.core.JdbcTemplate               : Executing prepared SQL update
2026-04-15T19:27:25.471+08:00 DEBUG 15660 --- [ai-gateway] [nio-9988-exec-5] o.s.jdbc.core.JdbcTemplate               : Executing prepared SQL statement [update wallets
set balance = balance - ?, total_consume = total_consume + ?, updated_at = now()
where user_id = ?
]
2026-04-15T19:27:25.474+08:00 DEBUG 15660 --- [ai-gateway] [nio-9988-exec-5] o.s.jdbc.core.JdbcTemplate               : Executing prepared SQL query
2026-04-15T19:27:25.476+08:00 DEBUG 15660 --- [ai-gateway] [nio-9988-exec-5] o.s.jdbc.core.JdbcTemplate               : Executing prepared SQL statement [select id from wallets where user_id = ?]
2026-04-15T19:27:25.476+08:00 DEBUG 15660 --- [ai-gateway] [nio-9988-exec-5] o.s.jdbc.core.JdbcTemplate               : Executing prepared SQL query
2026-04-15T19:27:25.477+08:00 DEBUG 15660 --- [ai-gateway] [nio-9988-exec-5] o.s.jdbc.core.JdbcTemplate               : Executing prepared SQL statement [select balance from wallets where user_id = ?]
2026-04-15T19:27:25.477+08:00 DEBUG 15660 --- [ai-gateway] [nio-9988-exec-5] o.s.jdbc.core.JdbcTemplate               : Executing prepared SQL update
2026-04-15T19:27:25.478+08:00 DEBUG 15660 --- [ai-gateway] [nio-9988-exec-5] o.s.jdbc.core.JdbcTemplate               : Executing prepared SQL statement [insert into transactions (user_id, wallet_id, order_no, transaction_type, direction, amount,
                          balance_before, balance_after, status, description_text, transaction_date)
values (?, ?, ?, 'CONSUME', 'OUT', ?, ?, ?, 'SUCCESS', ?, curdate())
]
2026-04-15T19:27:25.479+08:00 DEBUG 15660 --- [ai-gateway] [nio-9988-exec-5] o.s.jdbc.core.JdbcTemplate               : Executing prepared SQL update
2026-04-15T19:27:25.480+08:00 DEBUG 15660 --- [ai-gateway] [nio-9988-exec-5] o.s.jdbc.core.JdbcTemplate               : Executing prepared SQL statement [update api_keys
set used_quota = used_quota + ?, updated_at = now()
where id = ?
]
2026-04-15T19:27:25.483+08:00 DEBUG 15660 --- [ai-gateway] [nio-9988-exec-5] o.s.jdbc.core.JdbcTemplate               : Executing prepared SQL update
2026-04-15T19:27:25.483+08:00 DEBUG 15660 --- [ai-gateway] [nio-9988-exec-5] o.s.jdbc.core.JdbcTemplate               : Executing prepared SQL statement [insert into usage_daily (stat_date, user_id, model_code, provider_id, request_count, success_count, total_tokens, user_amount, cost_amount)
values (?, ?, ?, ?, 1, ?, ?, ?, ?)
on duplicate key update
    request_count = request_count + 1,
    success_count = success_count + values(success_count),
    total_tokens = total_tokens + values(total_tokens),
    user_amount = user_amount + values(user_amount),
    cost_amount = cost_amount + values(cost_amount),
    updated_at = now()
]
2026-04-15T19:27:25.485+08:00 DEBUG 15660 --- [ai-gateway] [nio-9988-exec-5] o.s.jdbc.core.JdbcTemplate               : SQLWarning ignored: SQL state 'HY000', error code '1287', message ['VALUES function' is deprecated and will be removed in a future release. Please use an alias (INSERT INTO ... VALUES (...) AS alias) and replace VALUES(col) in the ON DUPLICATE KEY UPDATE clause with alias.col instead]
2026-04-15T19:27:25.486+08:00 DEBUG 15660 --- [ai-gateway] [nio-9988-exec-5] o.s.jdbc.core.JdbcTemplate               : SQLWarning ignored: SQL state 'HY000', error code '1287', message ['VALUES function' is deprecated and will be removed in a future release. Please use an alias (INSERT INTO ... VALUES (...) AS alias) and replace VALUES(col) in the ON DUPLICATE KEY UPDATE clause with alias.col instead]
2026-04-15T19:27:25.487+08:00 DEBUG 15660 --- [ai-gateway] [nio-9988-exec-5] o.s.jdbc.core.JdbcTemplate               : SQLWarning ignored: SQL state 'HY000', error code '1287', message ['VALUES function' is deprecated and will be removed in a future release. Please use an alias (INSERT INTO ... VALUES (...) AS alias) and replace VALUES(col) in the ON DUPLICATE KEY UPDATE clause with alias.col instead]
2026-04-15T19:27:25.487+08:00 DEBUG 15660 --- [ai-gateway] [nio-9988-exec-5] o.s.jdbc.core.JdbcTemplate               : SQLWarning ignored: SQL state 'HY000', error code '1287', message ['VALUES function' is deprecated and will be removed in a future release. Please use an alias (INSERT INTO ... VALUES (...) AS alias) and replace VALUES(col) in the ON DUPLICATE KEY UPDATE clause with alias.col instead]
2026-04-15T19:27:25.488+08:00 DEBUG 15660 --- [ai-gateway] [nio-9988-exec-5] o.s.w.s.m.m.a.HttpEntityMethodProcessor  : Found 'Content-Type:text/event-stream;charset=UTF-8' in response
2026-04-15T19:27:25.489+08:00 DEBUG 15660 --- [ai-gateway] [nio-9988-exec-5] o.s.w.s.m.m.a.HttpEntityMethodProcessor  : Writing ["event: response.created<EOL>data: {"type":"response.created","response":{"id":"resp_01adedac6d2be6a40169 (truncated)..."]
2026-04-15T19:27:25.490+08:00 DEBUG 15660 --- [ai-gateway] [nio-9988-exec-5] o.s.web.servlet.DispatcherServlet        : Completed 200 OK
2026-04-15T19:27:27.427+08:00 DEBUG 15660 --- [ai-gateway] [nio-9988-exec-1] o.s.web.servlet.DispatcherServlet        : POST "/v1/responses", parameters={}
2026-04-15T19:27:27.428+08:00 DEBUG 15660 --- [ai-gateway] [nio-9988-exec-1] s.w.s.m.m.a.RequestMappingHandlerMapping : Mapped to com.zxw.modules.gateway.controller.GatewayChatController#responses(String, String, HttpServletRequest)
2026-04-15T19:27:30.172+08:00 DEBUG 15660 --- [ai-gateway] [nio-9988-exec-1] m.m.a.RequestResponseBodyMethodProcessor : Read "application/json;charset=UTF-8" to ["{"model":"gpt-5.4","instructions":"You are Codex, a coding agent based on GPT-5. You and the user sh (truncated)..."]
2026-04-15T19:27:30.174+08:00 DEBUG 15660 --- [ai-gateway] [nio-9988-exec-1] o.s.jdbc.core.JdbcTemplate               : Executing prepared SQL query
2026-04-15T19:27:30.175+08:00 DEBUG 15660 --- [ai-gateway] [nio-9988-exec-1] o.s.jdbc.core.JdbcTemplate               : Executing prepared SQL statement [select k.id, k.user_id, k.secret_hash, k.status, k.total_quota, k.used_quota, k.expires_at,
       u.username, u.role_code, coalesce(w.balance, 0) as balance
from api_keys k
join users u on u.id = k.user_id and u.deleted = 0
left join wallets w on w.user_id = u.id
where k.access_key = ? and k.deleted = 0
]
2026-04-15T19:27:30.237+08:00 DEBUG 15660 --- [ai-gateway] [nio-9988-exec-1] o.s.jdbc.core.JdbcTemplate               : Executing prepared SQL update
2026-04-15T19:27:30.238+08:00 DEBUG 15660 --- [ai-gateway] [nio-9988-exec-1] o.s.jdbc.core.JdbcTemplate               : Executing prepared SQL statement [update api_keys set last_used_at = now(), updated_at = now() where id = ?]
2026-04-15T19:27:30.242+08:00 DEBUG 15660 --- [ai-gateway] [nio-9988-exec-1] o.s.jdbc.core.JdbcTemplate               : Executing prepared SQL query
2026-04-15T19:27:30.244+08:00 DEBUG 15660 --- [ai-gateway] [nio-9988-exec-1] o.s.jdbc.core.JdbcTemplate               : Executing prepared SQL statement [select m.id as model_id, m.model_code, m.model_name, m.prompt_price, m.completion_price,
       m.request_price, m.multiplier, p.id as provider_id, p.provider_name, p.base_url, p.provider_type,
       p.timeout_ms, r.upstream_model, t.id as provider_token_id, t.token_value_encrypted
from models m
join model_routes r on r.model_id = m.id and r.status = 'ACTIVE'
join providers p on p.id = r.provider_id and p.deleted = 0 and p.status = 'ACTIVE'
join provider_tokens t on t.provider_id = p.id and t.deleted = 0 and t.status = 'ACTIVE'
where m.model_code = ? and m.deleted = 0 and m.status = 'ACTIVE'
order by r.priority_no asc, t.weight_no desc, t.id asc
limit 1
]
2026-04-15T19:27:52.389+08:00 DEBUG 15660 --- [ai-gateway] [nio-9988-exec-1] o.s.jdbc.core.JdbcTemplate               : Executing prepared SQL update
2026-04-15T19:27:52.390+08:00 DEBUG 15660 --- [ai-gateway] [nio-9988-exec-1] o.s.jdbc.core.JdbcTemplate               : Executing prepared SQL statement [insert into request_logs (request_id, user_id, api_key_id, model_code, provider_id, provider_token_id, upstream_model,
                          request_path, request_method, request_ip, request_body_json, response_body_json,
                          prompt_tokens, completion_tokens, total_tokens, user_amount, cost_amount, latency_ms,
                          success, status_code, error_message, request_date, created_at)
values (?, ?, ?, ?, ?, ?, ?, ?, ?, ?, cast(? as json), cast(? as json), ?, ?, ?, ?, ?, ?, ?, ?, ?, ?, now())
]
2026-04-15T19:27:52.392+08:00 DEBUG 15660 --- [ai-gateway] [nio-9988-exec-1] o.s.jdbc.core.StatementCreatorUtils      : JDBC getParameterType call failed - using fallback method instead: java.sql.SQLException: Parameter metadata not available for the given statement
2026-04-15T19:27:52.449+08:00 DEBUG 15660 --- [ai-gateway] [nio-9988-exec-1] o.s.jdbc.core.JdbcTemplate               : Executing prepared SQL update
2026-04-15T19:27:52.450+08:00 DEBUG 15660 --- [ai-gateway] [nio-9988-exec-1] o.s.jdbc.core.JdbcTemplate               : Executing prepared SQL statement [update wallets
set balance = balance - ?, total_consume = total_consume + ?, updated_at = now()
where user_id = ?
]
2026-04-15T19:27:52.452+08:00 DEBUG 15660 --- [ai-gateway] [nio-9988-exec-1] o.s.jdbc.core.JdbcTemplate               : Executing prepared SQL query
2026-04-15T19:27:52.453+08:00 DEBUG 15660 --- [ai-gateway] [nio-9988-exec-1] o.s.jdbc.core.JdbcTemplate               : Executing prepared SQL statement [select id from wallets where user_id = ?]
2026-04-15T19:27:52.453+08:00 DEBUG 15660 --- [ai-gateway] [nio-9988-exec-1] o.s.jdbc.core.JdbcTemplate               : Executing prepared SQL query
2026-04-15T19:27:52.454+08:00 DEBUG 15660 --- [ai-gateway] [nio-9988-exec-1] o.s.jdbc.core.JdbcTemplate               : Executing prepared SQL statement [select balance from wallets where user_id = ?]
2026-04-15T19:27:52.455+08:00 DEBUG 15660 --- [ai-gateway] [nio-9988-exec-1] o.s.jdbc.core.JdbcTemplate               : Executing prepared SQL update
2026-04-15T19:27:52.455+08:00 DEBUG 15660 --- [ai-gateway] [nio-9988-exec-1] o.s.jdbc.core.JdbcTemplate               : Executing prepared SQL statement [insert into transactions (user_id, wallet_id, order_no, transaction_type, direction, amount,
                          balance_before, balance_after, status, description_text, transaction_date)
values (?, ?, ?, 'CONSUME', 'OUT', ?, ?, ?, 'SUCCESS', ?, curdate())
]
2026-04-15T19:27:52.458+08:00 DEBUG 15660 --- [ai-gateway] [nio-9988-exec-1] o.s.jdbc.core.JdbcTemplate               : Executing prepared SQL update
2026-04-15T19:27:52.458+08:00 DEBUG 15660 --- [ai-gateway] [nio-9988-exec-1] o.s.jdbc.core.JdbcTemplate               : Executing prepared SQL statement [update api_keys
set used_quota = used_quota + ?, updated_at = now()
where id = ?
]
2026-04-15T19:27:52.460+08:00 DEBUG 15660 --- [ai-gateway] [nio-9988-exec-1] o.s.jdbc.core.JdbcTemplate               : Executing prepared SQL update
2026-04-15T19:27:52.461+08:00 DEBUG 15660 --- [ai-gateway] [nio-9988-exec-1] o.s.jdbc.core.JdbcTemplate               : Executing prepared SQL statement [insert into usage_daily (stat_date, user_id, model_code, provider_id, request_count, success_count, total_tokens, user_amount, cost_amount)
values (?, ?, ?, ?, 1, ?, ?, ?, ?)
on duplicate key update
    request_count = request_count + 1,
    success_count = success_count + values(success_count),
    total_tokens = total_tokens + values(total_tokens),
    user_amount = user_amount + values(user_amount),
    cost_amount = cost_amount + values(cost_amount),
    updated_at = now()
]
2026-04-15T19:27:52.463+08:00 DEBUG 15660 --- [ai-gateway] [nio-9988-exec-1] o.s.jdbc.core.JdbcTemplate               : SQLWarning ignored: SQL state 'HY000', error code '1287', message ['VALUES function' is deprecated and will be removed in a future release. Please use an alias (INSERT INTO ... VALUES (...) AS alias) and replace VALUES(col) in the ON DUPLICATE KEY UPDATE clause with alias.col instead]
2026-04-15T19:27:52.464+08:00 DEBUG 15660 --- [ai-gateway] [nio-9988-exec-1] o.s.jdbc.core.JdbcTemplate               : SQLWarning ignored: SQL state 'HY000', error code '1287', message ['VALUES function' is deprecated and will be removed in a future release. Please use an alias (INSERT INTO ... VALUES (...) AS alias) and replace VALUES(col) in the ON DUPLICATE KEY UPDATE clause with alias.col instead]
2026-04-15T19:27:52.465+08:00 DEBUG 15660 --- [ai-gateway] [nio-9988-exec-1] o.s.jdbc.core.JdbcTemplate               : SQLWarning ignored: SQL state 'HY000', error code '1287', message ['VALUES function' is deprecated and will be removed in a future release. Please use an alias (INSERT INTO ... VALUES (...) AS alias) and replace VALUES(col) in the ON DUPLICATE KEY UPDATE clause with alias.col instead]
2026-04-15T19:27:52.465+08:00 DEBUG 15660 --- [ai-gateway] [nio-9988-exec-1] o.s.jdbc.core.JdbcTemplate               : SQLWarning ignored: SQL state 'HY000', error code '1287', message ['VALUES function' is deprecated and will be removed in a future release. Please use an alias (INSERT INTO ... VALUES (...) AS alias) and replace VALUES(col) in the ON DUPLICATE KEY UPDATE clause with alias.col instead]
2026-04-15T19:27:52.466+08:00 DEBUG 15660 --- [ai-gateway] [nio-9988-exec-1] o.s.w.s.m.m.a.HttpEntityMethodProcessor  : Found 'Content-Type:text/event-stream;charset=UTF-8' in response
2026-04-15T19:27:52.467+08:00 DEBUG 15660 --- [ai-gateway] [nio-9988-exec-1] o.s.w.s.m.m.a.HttpEntityMethodProcessor  : Writing ["event: response.created<EOL>data: {"type":"response.created","response":{"id":"resp_00252c4a69713d480169 (truncated)..."]
2026-04-15T19:27:52.468+08:00 DEBUG 15660 --- [ai-gateway] [nio-9988-exec-1] o.s.web.servlet.DispatcherServlet        : Completed 200 OK
2026-04-15T19:27:54.826+08:00 DEBUG 15660 --- [ai-gateway] [nio-9988-exec-9] o.s.web.servlet.DispatcherServlet        : POST "/v1/responses", parameters={}
2026-04-15T19:27:54.827+08:00 DEBUG 15660 --- [ai-gateway] [nio-9988-exec-9] s.w.s.m.m.a.RequestMappingHandlerMapping : Mapped to com.zxw.modules.gateway.controller.GatewayChatController#responses(String, String, HttpServletRequest)
2026-04-15T19:27:57.631+08:00 DEBUG 15660 --- [ai-gateway] [nio-9988-exec-9] m.m.a.RequestResponseBodyMethodProcessor : Read "application/json;charset=UTF-8" to ["{"model":"gpt-5.4","instructions":"You are Codex, a coding agent based on GPT-5. You and the user sh (truncated)..."]
2026-04-15T19:27:57.632+08:00 DEBUG 15660 --- [ai-gateway] [nio-9988-exec-9] o.s.jdbc.core.JdbcTemplate               : Executing prepared SQL query
2026-04-15T19:27:57.633+08:00 DEBUG 15660 --- [ai-gateway] [nio-9988-exec-9] o.s.jdbc.core.JdbcTemplate               : Executing prepared SQL statement [select k.id, k.user_id, k.secret_hash, k.status, k.total_quota, k.used_quota, k.expires_at,
       u.username, u.role_code, coalesce(w.balance, 0) as balance
from api_keys k
join users u on u.id = k.user_id and u.deleted = 0
left join wallets w on w.user_id = u.id
where k.access_key = ? and k.deleted = 0
]
2026-04-15T19:27:57.693+08:00 DEBUG 15660 --- [ai-gateway] [nio-9988-exec-9] o.s.jdbc.core.JdbcTemplate               : Executing prepared SQL update
2026-04-15T19:27:57.694+08:00 DEBUG 15660 --- [ai-gateway] [nio-9988-exec-9] o.s.jdbc.core.JdbcTemplate               : Executing prepared SQL statement [update api_keys set last_used_at = now(), updated_at = now() where id = ?]
2026-04-15T19:27:57.713+08:00 DEBUG 15660 --- [ai-gateway] [nio-9988-exec-9] o.s.jdbc.core.JdbcTemplate               : Executing prepared SQL query
2026-04-15T19:27:57.714+08:00 DEBUG 15660 --- [ai-gateway] [nio-9988-exec-9] o.s.jdbc.core.JdbcTemplate               : Executing prepared SQL statement [select m.id as model_id, m.model_code, m.model_name, m.prompt_price, m.completion_price,
       m.request_price, m.multiplier, p.id as provider_id, p.provider_name, p.base_url, p.provider_type,
       p.timeout_ms, r.upstream_model, t.id as provider_token_id, t.token_value_encrypted
from models m
join model_routes r on r.model_id = m.id and r.status = 'ACTIVE'
join providers p on p.id = r.provider_id and p.deleted = 0 and p.status = 'ACTIVE'
join provider_tokens t on t.provider_id = p.id and t.deleted = 0 and t.status = 'ACTIVE'
where m.model_code = ? and m.deleted = 0 and m.status = 'ACTIVE'
order by r.priority_no asc, t.weight_no desc, t.id asc
limit 1
]
2026-04-15T19:28:10.680+08:00 DEBUG 15660 --- [ai-gateway] [nio-9988-exec-9] o.s.jdbc.core.JdbcTemplate               : Executing prepared SQL update
2026-04-15T19:28:10.681+08:00 DEBUG 15660 --- [ai-gateway] [nio-9988-exec-9] o.s.jdbc.core.JdbcTemplate               : Executing prepared SQL statement [insert into request_logs (request_id, user_id, api_key_id, model_code, provider_id, provider_token_id, upstream_model,
                          request_path, request_method, request_ip, request_body_json, response_body_json,
                          prompt_tokens, completion_tokens, total_tokens, user_amount, cost_amount, latency_ms,
                          success, status_code, error_message, request_date, created_at)
values (?, ?, ?, ?, ?, ?, ?, ?, ?, ?, cast(? as json), cast(? as json), ?, ?, ?, ?, ?, ?, ?, ?, ?, ?, now())
]
2026-04-15T19:28:10.682+08:00 DEBUG 15660 --- [ai-gateway] [nio-9988-exec-9] o.s.jdbc.core.StatementCreatorUtils      : JDBC getParameterType call failed - using fallback method instead: java.sql.SQLException: Parameter metadata not available for the given statement
2026-04-15T19:28:10.708+08:00 DEBUG 15660 --- [ai-gateway] [nio-9988-exec-9] o.s.jdbc.core.JdbcTemplate               : Executing prepared SQL update
2026-04-15T19:28:10.709+08:00 DEBUG 15660 --- [ai-gateway] [nio-9988-exec-9] o.s.jdbc.core.JdbcTemplate               : Executing prepared SQL statement [update wallets
set balance = balance - ?, total_consume = total_consume + ?, updated_at = now()
where user_id = ?
]
2026-04-15T19:28:10.712+08:00 DEBUG 15660 --- [ai-gateway] [nio-9988-exec-9] o.s.jdbc.core.JdbcTemplate               : Executing prepared SQL query
2026-04-15T19:28:10.713+08:00 DEBUG 15660 --- [ai-gateway] [nio-9988-exec-9] o.s.jdbc.core.JdbcTemplate               : Executing prepared SQL statement [select id from wallets where user_id = ?]
2026-04-15T19:28:10.714+08:00 DEBUG 15660 --- [ai-gateway] [nio-9988-exec-9] o.s.jdbc.core.JdbcTemplate               : Executing prepared SQL query
2026-04-15T19:28:10.716+08:00 DEBUG 15660 --- [ai-gateway] [nio-9988-exec-9] o.s.jdbc.core.JdbcTemplate               : Executing prepared SQL statement [select balance from wallets where user_id = ?]
2026-04-15T19:28:10.716+08:00 DEBUG 15660 --- [ai-gateway] [nio-9988-exec-9] o.s.jdbc.core.JdbcTemplate               : Executing prepared SQL update
2026-04-15T19:28:10.716+08:00 DEBUG 15660 --- [ai-gateway] [nio-9988-exec-9] o.s.jdbc.core.JdbcTemplate               : Executing prepared SQL statement [insert into transactions (user_id, wallet_id, order_no, transaction_type, direction, amount,
                          balance_before, balance_after, status, description_text, transaction_date)
values (?, ?, ?, 'CONSUME', 'OUT', ?, ?, ?, 'SUCCESS', ?, curdate())
]
2026-04-15T19:28:10.718+08:00 DEBUG 15660 --- [ai-gateway] [nio-9988-exec-9] o.s.jdbc.core.JdbcTemplate               : Executing prepared SQL update
2026-04-15T19:28:10.718+08:00 DEBUG 15660 --- [ai-gateway] [nio-9988-exec-9] o.s.jdbc.core.JdbcTemplate               : Executing prepared SQL statement [update api_keys
set used_quota = used_quota + ?, updated_at = now()
where id = ?
]
2026-04-15T19:28:10.720+08:00 DEBUG 15660 --- [ai-gateway] [nio-9988-exec-9] o.s.jdbc.core.JdbcTemplate               : Executing prepared SQL update
2026-04-15T19:28:10.721+08:00 DEBUG 15660 --- [ai-gateway] [nio-9988-exec-9] o.s.jdbc.core.JdbcTemplate               : Executing prepared SQL statement [insert into usage_daily (stat_date, user_id, model_code, provider_id, request_count, success_count, total_tokens, user_amount, cost_amount)
values (?, ?, ?, ?, 1, ?, ?, ?, ?)
on duplicate key update
    request_count = request_count + 1,
    success_count = success_count + values(success_count),
    total_tokens = total_tokens + values(total_tokens),
    user_amount = user_amount + values(user_amount),
    cost_amount = cost_amount + values(cost_amount),
    updated_at = now()
]
2026-04-15T19:28:10.726+08:00 DEBUG 15660 --- [ai-gateway] [nio-9988-exec-9] o.s.jdbc.core.JdbcTemplate               : SQLWarning ignored: SQL state 'HY000', error code '1287', message ['VALUES function' is deprecated and will be removed in a future release. Please use an alias (INSERT INTO ... VALUES (...) AS alias) and replace VALUES(col) in the ON DUPLICATE KEY UPDATE clause with alias.col instead]
2026-04-15T19:28:10.729+08:00 DEBUG 15660 --- [ai-gateway] [nio-9988-exec-9] o.s.jdbc.core.JdbcTemplate               : SQLWarning ignored: SQL state 'HY000', error code '1287', message ['VALUES function' is deprecated and will be removed in a future release. Please use an alias (INSERT INTO ... VALUES (...) AS alias) and replace VALUES(col) in the ON DUPLICATE KEY UPDATE clause with alias.col instead]
2026-04-15T19:28:10.729+08:00 DEBUG 15660 --- [ai-gateway] [nio-9988-exec-9] o.s.jdbc.core.JdbcTemplate               : SQLWarning ignored: SQL state 'HY000', error code '1287', message ['VALUES function' is deprecated and will be removed in a future release. Please use an alias (INSERT INTO ... VALUES (...) AS alias) and replace VALUES(col) in the ON DUPLICATE KEY UPDATE clause with alias.col instead]
2026-04-15T19:28:10.729+08:00 DEBUG 15660 --- [ai-gateway] [nio-9988-exec-9] o.s.jdbc.core.JdbcTemplate               : SQLWarning ignored: SQL state 'HY000', error code '1287', message ['VALUES function' is deprecated and will be removed in a future release. Please use an alias (INSERT INTO ... VALUES (...) AS alias) and replace VALUES(col) in the ON DUPLICATE KEY UPDATE clause with alias.col instead]
2026-04-15T19:28:10.729+08:00 DEBUG 15660 --- [ai-gateway] [nio-9988-exec-9] o.s.w.s.m.m.a.HttpEntityMethodProcessor  : Found 'Content-Type:text/event-stream;charset=UTF-8' in response
2026-04-15T19:28:10.731+08:00 DEBUG 15660 --- [ai-gateway] [nio-9988-exec-9] o.s.w.s.m.m.a.HttpEntityMethodProcessor  : Writing ["event: response.created<EOL>data: {"type":"response.created","response":{"id":"resp_0a6c382823c3b3e60169 (truncated)..."]
2026-04-15T19:28:10.732+08:00 DEBUG 15660 --- [ai-gateway] [nio-9988-exec-9] o.s.web.servlet.DispatcherServlet        : Completed 200 OK
2026-04-15T19:28:12.222+08:00 DEBUG 15660 --- [ai-gateway] [nio-9988-exec-7] o.s.web.servlet.DispatcherServlet        : POST "/v1/responses", parameters={}
2026-04-15T19:28:12.223+08:00 DEBUG 15660 --- [ai-gateway] [nio-9988-exec-7] s.w.s.m.m.a.RequestMappingHandlerMapping : Mapped to com.zxw.modules.gateway.controller.GatewayChatController#responses(String, String, HttpServletRequest)
2026-04-15T19:28:15.175+08:00 DEBUG 15660 --- [ai-gateway] [nio-9988-exec-7] m.m.a.RequestResponseBodyMethodProcessor : Read "application/json;charset=UTF-8" to ["{"model":"gpt-5.4","instructions":"You are Codex, a coding agent based on GPT-5. You and the user sh (truncated)..."]
2026-04-15T19:28:15.177+08:00 DEBUG 15660 --- [ai-gateway] [nio-9988-exec-7] o.s.jdbc.core.JdbcTemplate               : Executing prepared SQL query
2026-04-15T19:28:15.177+08:00 DEBUG 15660 --- [ai-gateway] [nio-9988-exec-7] o.s.jdbc.core.JdbcTemplate               : Executing prepared SQL statement [select k.id, k.user_id, k.secret_hash, k.status, k.total_quota, k.used_quota, k.expires_at,
       u.username, u.role_code, coalesce(w.balance, 0) as balance
from api_keys k
join users u on u.id = k.user_id and u.deleted = 0
left join wallets w on w.user_id = u.id
where k.access_key = ? and k.deleted = 0
]
2026-04-15T19:28:15.246+08:00 DEBUG 15660 --- [ai-gateway] [nio-9988-exec-7] o.s.jdbc.core.JdbcTemplate               : Executing prepared SQL update
2026-04-15T19:28:15.247+08:00 DEBUG 15660 --- [ai-gateway] [nio-9988-exec-7] o.s.jdbc.core.JdbcTemplate               : Executing prepared SQL statement [update api_keys set last_used_at = now(), updated_at = now() where id = ?]
2026-04-15T19:28:15.253+08:00 DEBUG 15660 --- [ai-gateway] [nio-9988-exec-7] o.s.jdbc.core.JdbcTemplate               : Executing prepared SQL query
2026-04-15T19:28:15.254+08:00 DEBUG 15660 --- [ai-gateway] [nio-9988-exec-7] o.s.jdbc.core.JdbcTemplate               : Executing prepared SQL statement [select m.id as model_id, m.model_code, m.model_name, m.prompt_price, m.completion_price,
       m.request_price, m.multiplier, p.id as provider_id, p.provider_name, p.base_url, p.provider_type,
       p.timeout_ms, r.upstream_model, t.id as provider_token_id, t.token_value_encrypted
from models m
join model_routes r on r.model_id = m.id and r.status = 'ACTIVE'
join providers p on p.id = r.provider_id and p.deleted = 0 and p.status = 'ACTIVE'
join provider_tokens t on t.provider_id = p.id and t.deleted = 0 and t.status = 'ACTIVE'
where m.model_code = ? and m.deleted = 0 and m.status = 'ACTIVE'
order by r.priority_no asc, t.weight_no desc, t.id asc
limit 1
]
2026-04-15T19:28:52.241+08:00 DEBUG 15660 --- [ai-gateway] [nio-9988-exec-7] o.s.jdbc.core.JdbcTemplate               : Executing prepared SQL update
2026-04-15T19:28:52.242+08:00 DEBUG 15660 --- [ai-gateway] [nio-9988-exec-7] o.s.jdbc.core.JdbcTemplate               : Executing prepared SQL statement [insert into request_logs (request_id, user_id, api_key_id, model_code, provider_id, provider_token_id, upstream_model,
                          request_path, request_method, request_ip, request_body_json, response_body_json,
                          prompt_tokens, completion_tokens, total_tokens, user_amount, cost_amount, latency_ms,
                          success, status_code, error_message, request_date, created_at)
values (?, ?, ?, ?, ?, ?, ?, ?, ?, ?, cast(? as json), cast(? as json), ?, ?, ?, ?, ?, ?, ?, ?, ?, ?, now())
]
2026-04-15T19:28:52.243+08:00 DEBUG 15660 --- [ai-gateway] [nio-9988-exec-7] o.s.jdbc.core.StatementCreatorUtils      : JDBC getParameterType call failed - using fallback method instead: java.sql.SQLException: Parameter metadata not available for the given statement
2026-04-15T19:28:52.274+08:00 DEBUG 15660 --- [ai-gateway] [nio-9988-exec-7] o.s.jdbc.core.JdbcTemplate               : Executing prepared SQL update
2026-04-15T19:28:52.275+08:00 DEBUG 15660 --- [ai-gateway] [nio-9988-exec-7] o.s.jdbc.core.JdbcTemplate               : Executing prepared SQL statement [update wallets
set balance = balance - ?, total_consume = total_consume + ?, updated_at = now()
where user_id = ?
]
2026-04-15T19:28:52.278+08:00 DEBUG 15660 --- [ai-gateway] [nio-9988-exec-7] o.s.jdbc.core.JdbcTemplate               : Executing prepared SQL query
2026-04-15T19:28:52.279+08:00 DEBUG 15660 --- [ai-gateway] [nio-9988-exec-7] o.s.jdbc.core.JdbcTemplate               : Executing prepared SQL statement [select id from wallets where user_id = ?]
2026-04-15T19:28:52.279+08:00 DEBUG 15660 --- [ai-gateway] [nio-9988-exec-7] o.s.jdbc.core.JdbcTemplate               : Executing prepared SQL query
2026-04-15T19:28:52.281+08:00 DEBUG 15660 --- [ai-gateway] [nio-9988-exec-7] o.s.jdbc.core.JdbcTemplate               : Executing prepared SQL statement [select balance from wallets where user_id = ?]
2026-04-15T19:28:52.281+08:00 DEBUG 15660 --- [ai-gateway] [nio-9988-exec-7] o.s.jdbc.core.JdbcTemplate               : Executing prepared SQL update
2026-04-15T19:28:52.282+08:00 DEBUG 15660 --- [ai-gateway] [nio-9988-exec-7] o.s.jdbc.core.JdbcTemplate               : Executing prepared SQL statement [insert into transactions (user_id, wallet_id, order_no, transaction_type, direction, amount,
                          balance_before, balance_after, status, description_text, transaction_date)
values (?, ?, ?, 'CONSUME', 'OUT', ?, ?, ?, 'SUCCESS', ?, curdate())
]
2026-04-15T19:28:52.284+08:00 DEBUG 15660 --- [ai-gateway] [nio-9988-exec-7] o.s.jdbc.core.JdbcTemplate               : Executing prepared SQL update
2026-04-15T19:28:52.285+08:00 DEBUG 15660 --- [ai-gateway] [nio-9988-exec-7] o.s.jdbc.core.JdbcTemplate               : Executing prepared SQL statement [update api_keys
set used_quota = used_quota + ?, updated_at = now()
where id = ?
]
2026-04-15T19:28:52.286+08:00 DEBUG 15660 --- [ai-gateway] [nio-9988-exec-7] o.s.jdbc.core.JdbcTemplate               : Executing prepared SQL update
2026-04-15T19:28:52.287+08:00 DEBUG 15660 --- [ai-gateway] [nio-9988-exec-7] o.s.jdbc.core.JdbcTemplate               : Executing prepared SQL statement [insert into usage_daily (stat_date, user_id, model_code, provider_id, request_count, success_count, total_tokens, user_amount, cost_amount)
values (?, ?, ?, ?, 1, ?, ?, ?, ?)
on duplicate key update
    request_count = request_count + 1,
    success_count = success_count + values(success_count),
    total_tokens = total_tokens + values(total_tokens),
    user_amount = user_amount + values(user_amount),
    cost_amount = cost_amount + values(cost_amount),
    updated_at = now()
]
2026-04-15T19:28:52.289+08:00 DEBUG 15660 --- [ai-gateway] [nio-9988-exec-7] o.s.jdbc.core.JdbcTemplate               : SQLWarning ignored: SQL state 'HY000', error code '1287', message ['VALUES function' is deprecated and will be removed in a future release. Please use an alias (INSERT INTO ... VALUES (...) AS alias) and replace VALUES(col) in the ON DUPLICATE KEY UPDATE clause with alias.col instead]
2026-04-15T19:28:52.290+08:00 DEBUG 15660 --- [ai-gateway] [nio-9988-exec-7] o.s.jdbc.core.JdbcTemplate               : SQLWarning ignored: SQL state 'HY000', error code '1287', message ['VALUES function' is deprecated and will be removed in a future release. Please use an alias (INSERT INTO ... VALUES (...) AS alias) and replace VALUES(col) in the ON DUPLICATE KEY UPDATE clause with alias.col instead]
2026-04-15T19:28:52.291+08:00 DEBUG 15660 --- [ai-gateway] [nio-9988-exec-7] o.s.jdbc.core.JdbcTemplate               : SQLWarning ignored: SQL state 'HY000', error code '1287', message ['VALUES function' is deprecated and will be removed in a future release. Please use an alias (INSERT INTO ... VALUES (...) AS alias) and replace VALUES(col) in the ON DUPLICATE KEY UPDATE clause with alias.col instead]
2026-04-15T19:28:52.291+08:00 DEBUG 15660 --- [ai-gateway] [nio-9988-exec-7] o.s.jdbc.core.JdbcTemplate               : SQLWarning ignored: SQL state 'HY000', error code '1287', message ['VALUES function' is deprecated and will be removed in a future release. Please use an alias (INSERT INTO ... VALUES (...) AS alias) and replace VALUES(col) in the ON DUPLICATE KEY UPDATE clause with alias.col instead]
2026-04-15T19:28:52.293+08:00 DEBUG 15660 --- [ai-gateway] [nio-9988-exec-7] o.s.w.s.m.m.a.HttpEntityMethodProcessor  : Found 'Content-Type:text/event-stream;charset=UTF-8' in response
2026-04-15T19:28:52.293+08:00 DEBUG 15660 --- [ai-gateway] [nio-9988-exec-7] o.s.w.s.m.m.a.HttpEntityMethodProcessor  : Writing ["event: response.created<EOL>data: {"type":"response.created","response":{"id":"resp_037b0b96c1927bb20169 (truncated)..."]
2026-04-15T19:28:52.297+08:00 DEBUG 15660 --- [ai-gateway] [nio-9988-exec-7] o.s.web.servlet.DispatcherServlet        : Completed 200 OK
2026-04-15T19:28:55.580+08:00 DEBUG 15660 --- [ai-gateway] [nio-9988-exec-6] o.s.web.servlet.DispatcherServlet        : POST "/v1/responses", parameters={}
2026-04-15T19:28:55.582+08:00 DEBUG 15660 --- [ai-gateway] [nio-9988-exec-6] s.w.s.m.m.a.RequestMappingHandlerMapping : Mapped to com.zxw.modules.gateway.controller.GatewayChatController#responses(String, String, HttpServletRequest)
2026-04-15T19:29:01.726+08:00 DEBUG 15660 --- [ai-gateway] [nio-9988-exec-6] m.m.a.RequestResponseBodyMethodProcessor : Read "application/json;charset=UTF-8" to ["{"model":"gpt-5.4","instructions":"You are Codex, a coding agent based on GPT-5. You and the user sh (truncated)..."]
2026-04-15T19:29:01.728+08:00 DEBUG 15660 --- [ai-gateway] [nio-9988-exec-6] o.s.jdbc.core.JdbcTemplate               : Executing prepared SQL query
2026-04-15T19:29:01.729+08:00 DEBUG 15660 --- [ai-gateway] [nio-9988-exec-6] o.s.jdbc.core.JdbcTemplate               : Executing prepared SQL statement [select k.id, k.user_id, k.secret_hash, k.status, k.total_quota, k.used_quota, k.expires_at,
       u.username, u.role_code, coalesce(w.balance, 0) as balance
from api_keys k
join users u on u.id = k.user_id and u.deleted = 0
left join wallets w on w.user_id = u.id
where k.access_key = ? and k.deleted = 0
]
2026-04-15T19:29:01.807+08:00 DEBUG 15660 --- [ai-gateway] [nio-9988-exec-6] o.s.jdbc.core.JdbcTemplate               : Executing prepared SQL update
2026-04-15T19:29:01.808+08:00 DEBUG 15660 --- [ai-gateway] [nio-9988-exec-6] o.s.jdbc.core.JdbcTemplate               : Executing prepared SQL statement [update api_keys set last_used_at = now(), updated_at = now() where id = ?]
2026-04-15T19:29:01.814+08:00 DEBUG 15660 --- [ai-gateway] [nio-9988-exec-6] o.s.jdbc.core.JdbcTemplate               : Executing prepared SQL query
2026-04-15T19:29:01.815+08:00 DEBUG 15660 --- [ai-gateway] [nio-9988-exec-6] o.s.jdbc.core.JdbcTemplate               : Executing prepared SQL statement [select m.id as model_id, m.model_code, m.model_name, m.prompt_price, m.completion_price,
       m.request_price, m.multiplier, p.id as provider_id, p.provider_name, p.base_url, p.provider_type,
       p.timeout_ms, r.upstream_model, t.id as provider_token_id, t.token_value_encrypted
from models m
join model_routes r on r.model_id = m.id and r.status = 'ACTIVE'
join providers p on p.id = r.provider_id and p.deleted = 0 and p.status = 'ACTIVE'
join provider_tokens t on t.provider_id = p.id and t.deleted = 0 and t.status = 'ACTIVE'
where m.model_code = ? and m.deleted = 0 and m.status = 'ACTIVE'
order by r.priority_no asc, t.weight_no desc, t.id asc
limit 1
]
2026-04-15T19:29:23.375+08:00 DEBUG 15660 --- [ai-gateway] [nio-9988-exec-6] o.s.jdbc.core.JdbcTemplate               : Executing prepared SQL update
2026-04-15T19:29:23.376+08:00 DEBUG 15660 --- [ai-gateway] [nio-9988-exec-6] o.s.jdbc.core.JdbcTemplate               : Executing prepared SQL statement [insert into request_logs (request_id, user_id, api_key_id, model_code, provider_id, provider_token_id, upstream_model,
                          request_path, request_method, request_ip, request_body_json, response_body_json,
                          prompt_tokens, completion_tokens, total_tokens, user_amount, cost_amount, latency_ms,
                          success, status_code, error_message, request_date, created_at)
values (?, ?, ?, ?, ?, ?, ?, ?, ?, ?, cast(? as json), cast(? as json), ?, ?, ?, ?, ?, ?, ?, ?, ?, ?, now())
]
2026-04-15T19:29:23.378+08:00 DEBUG 15660 --- [ai-gateway] [nio-9988-exec-6] o.s.jdbc.core.StatementCreatorUtils      : JDBC getParameterType call failed - using fallback method instead: java.sql.SQLException: Parameter metadata not available for the given statement
2026-04-15T19:29:23.407+08:00 DEBUG 15660 --- [ai-gateway] [nio-9988-exec-6] o.s.jdbc.core.JdbcTemplate               : Executing prepared SQL update
2026-04-15T19:29:23.408+08:00 DEBUG 15660 --- [ai-gateway] [nio-9988-exec-6] o.s.jdbc.core.JdbcTemplate               : Executing prepared SQL statement [update wallets
set balance = balance - ?, total_consume = total_consume + ?, updated_at = now()
where user_id = ?
]
2026-04-15T19:29:23.410+08:00 DEBUG 15660 --- [ai-gateway] [nio-9988-exec-6] o.s.jdbc.core.JdbcTemplate               : Executing prepared SQL query
2026-04-15T19:29:23.411+08:00 DEBUG 15660 --- [ai-gateway] [nio-9988-exec-6] o.s.jdbc.core.JdbcTemplate               : Executing prepared SQL statement [select id from wallets where user_id = ?]
2026-04-15T19:29:23.412+08:00 DEBUG 15660 --- [ai-gateway] [nio-9988-exec-6] o.s.jdbc.core.JdbcTemplate               : Executing prepared SQL query
2026-04-15T19:29:23.413+08:00 DEBUG 15660 --- [ai-gateway] [nio-9988-exec-6] o.s.jdbc.core.JdbcTemplate               : Executing prepared SQL statement [select balance from wallets where user_id = ?]
2026-04-15T19:29:23.414+08:00 DEBUG 15660 --- [ai-gateway] [nio-9988-exec-6] o.s.jdbc.core.JdbcTemplate               : Executing prepared SQL update
2026-04-15T19:29:23.415+08:00 DEBUG 15660 --- [ai-gateway] [nio-9988-exec-6] o.s.jdbc.core.JdbcTemplate               : Executing prepared SQL statement [insert into transactions (user_id, wallet_id, order_no, transaction_type, direction, amount,
                          balance_before, balance_after, status, description_text, transaction_date)
values (?, ?, ?, 'CONSUME', 'OUT', ?, ?, ?, 'SUCCESS', ?, curdate())
]
2026-04-15T19:29:23.417+08:00 DEBUG 15660 --- [ai-gateway] [nio-9988-exec-6] o.s.jdbc.core.JdbcTemplate               : Executing prepared SQL update
2026-04-15T19:29:23.418+08:00 DEBUG 15660 --- [ai-gateway] [nio-9988-exec-6] o.s.jdbc.core.JdbcTemplate               : Executing prepared SQL statement [update api_keys
set used_quota = used_quota + ?, updated_at = now()
where id = ?
]
2026-04-15T19:29:23.420+08:00 DEBUG 15660 --- [ai-gateway] [nio-9988-exec-6] o.s.jdbc.core.JdbcTemplate               : Executing prepared SQL update
2026-04-15T19:29:23.421+08:00 DEBUG 15660 --- [ai-gateway] [nio-9988-exec-6] o.s.jdbc.core.JdbcTemplate               : Executing prepared SQL statement [insert into usage_daily (stat_date, user_id, model_code, provider_id, request_count, success_count, total_tokens, user_amount, cost_amount)
values (?, ?, ?, ?, 1, ?, ?, ?, ?)
on duplicate key update
    request_count = request_count + 1,
    success_count = success_count + values(success_count),
    total_tokens = total_tokens + values(total_tokens),
    user_amount = user_amount + values(user_amount),
    cost_amount = cost_amount + values(cost_amount),
    updated_at = now()
]
2026-04-15T19:29:23.427+08:00 DEBUG 15660 --- [ai-gateway] [nio-9988-exec-6] o.s.jdbc.core.JdbcTemplate               : SQLWarning ignored: SQL state 'HY000', error code '1287', message ['VALUES function' is deprecated and will be removed in a future release. Please use an alias (INSERT INTO ... VALUES (...) AS alias) and replace VALUES(col) in the ON DUPLICATE KEY UPDATE clause with alias.col instead]
2026-04-15T19:29:23.428+08:00 DEBUG 15660 --- [ai-gateway] [nio-9988-exec-6] o.s.jdbc.core.JdbcTemplate               : SQLWarning ignored: SQL state 'HY000', error code '1287', message ['VALUES function' is deprecated and will be removed in a future release. Please use an alias (INSERT INTO ... VALUES (...) AS alias) and replace VALUES(col) in the ON DUPLICATE KEY UPDATE clause with alias.col instead]
2026-04-15T19:29:23.428+08:00 DEBUG 15660 --- [ai-gateway] [nio-9988-exec-6] o.s.jdbc.core.JdbcTemplate               : SQLWarning ignored: SQL state 'HY000', error code '1287', message ['VALUES function' is deprecated and will be removed in a future release. Please use an alias (INSERT INTO ... VALUES (...) AS alias) and replace VALUES(col) in the ON DUPLICATE KEY UPDATE clause with alias.col instead]
2026-04-15T19:29:23.428+08:00 DEBUG 15660 --- [ai-gateway] [nio-9988-exec-6] o.s.jdbc.core.JdbcTemplate               : SQLWarning ignored: SQL state 'HY000', error code '1287', message ['VALUES function' is deprecated and will be removed in a future release. Please use an alias (INSERT INTO ... VALUES (...) AS alias) and replace VALUES(col) in the ON DUPLICATE KEY UPDATE clause with alias.col instead]
2026-04-15T19:29:23.429+08:00 DEBUG 15660 --- [ai-gateway] [nio-9988-exec-6] o.s.w.s.m.m.a.HttpEntityMethodProcessor  : Found 'Content-Type:text/event-stream;charset=UTF-8' in response
2026-04-15T19:29:23.429+08:00 DEBUG 15660 --- [ai-gateway] [nio-9988-exec-6] o.s.w.s.m.m.a.HttpEntityMethodProcessor  : Writing ["event: response.created<EOL>data: {"type":"response.created","response":{"id":"resp_0a617aeb3ce4af9c0169 (truncated)..."]
2026-04-15T19:29:23.431+08:00 DEBUG 15660 --- [ai-gateway] [nio-9988-exec-6] o.s.web.servlet.DispatcherServlet        : Completed 200 OK
2026-04-15T19:29:25.320+08:00 DEBUG 15660 --- [ai-gateway] [nio-9988-exec-8] o.s.web.servlet.DispatcherServlet        : POST "/v1/responses", parameters={}
2026-04-15T19:29:25.321+08:00 DEBUG 15660 --- [ai-gateway] [nio-9988-exec-8] s.w.s.m.m.a.RequestMappingHandlerMapping : Mapped to com.zxw.modules.gateway.controller.GatewayChatController#responses(String, String, HttpServletRequest)
2026-04-15T19:29:30.717+08:00 DEBUG 15660 --- [ai-gateway] [nio-9988-exec-8] m.m.a.RequestResponseBodyMethodProcessor : Read "application/json;charset=UTF-8" to ["{"model":"gpt-5.4","instructions":"You are Codex, a coding agent based on GPT-5. You and the user sh (truncated)..."]
2026-04-15T19:29:30.719+08:00 DEBUG 15660 --- [ai-gateway] [nio-9988-exec-8] o.s.jdbc.core.JdbcTemplate               : Executing prepared SQL query
2026-04-15T19:29:30.720+08:00 DEBUG 15660 --- [ai-gateway] [nio-9988-exec-8] o.s.jdbc.core.JdbcTemplate               : Executing prepared SQL statement [select k.id, k.user_id, k.secret_hash, k.status, k.total_quota, k.used_quota, k.expires_at,
       u.username, u.role_code, coalesce(w.balance, 0) as balance
from api_keys k
join users u on u.id = k.user_id and u.deleted = 0
left join wallets w on w.user_id = u.id
where k.access_key = ? and k.deleted = 0
]
2026-04-15T19:29:30.801+08:00 DEBUG 15660 --- [ai-gateway] [nio-9988-exec-8] o.s.jdbc.core.JdbcTemplate               : Executing prepared SQL update
2026-04-15T19:29:30.802+08:00 DEBUG 15660 --- [ai-gateway] [nio-9988-exec-8] o.s.jdbc.core.JdbcTemplate               : Executing prepared SQL statement [update api_keys set last_used_at = now(), updated_at = now() where id = ?]
2026-04-15T19:29:30.809+08:00 DEBUG 15660 --- [ai-gateway] [nio-9988-exec-8] o.s.jdbc.core.JdbcTemplate               : Executing prepared SQL query
2026-04-15T19:29:30.810+08:00 DEBUG 15660 --- [ai-gateway] [nio-9988-exec-8] o.s.jdbc.core.JdbcTemplate               : Executing prepared SQL statement [select m.id as model_id, m.model_code, m.model_name, m.prompt_price, m.completion_price,
       m.request_price, m.multiplier, p.id as provider_id, p.provider_name, p.base_url, p.provider_type,
       p.timeout_ms, r.upstream_model, t.id as provider_token_id, t.token_value_encrypted
from models m
join model_routes r on r.model_id = m.id and r.status = 'ACTIVE'
join providers p on p.id = r.provider_id and p.deleted = 0 and p.status = 'ACTIVE'
join provider_tokens t on t.provider_id = p.id and t.deleted = 0 and t.status = 'ACTIVE'
where m.model_code = ? and m.deleted = 0 and m.status = 'ACTIVE'
order by r.priority_no asc, t.weight_no desc, t.id asc
limit 1
]
2026-04-15T19:29:40.132+08:00 DEBUG 15660 --- [ai-gateway] [nio-9988-exec-8] o.s.jdbc.core.JdbcTemplate               : Executing prepared SQL update
2026-04-15T19:29:40.133+08:00 DEBUG 15660 --- [ai-gateway] [nio-9988-exec-8] o.s.jdbc.core.JdbcTemplate               : Executing prepared SQL statement [insert into request_logs (request_id, user_id, api_key_id, model_code, provider_id, provider_token_id, upstream_model,
                          request_path, request_method, request_ip, request_body_json, response_body_json,
                          prompt_tokens, completion_tokens, total_tokens, user_amount, cost_amount, latency_ms,
                          success, status_code, error_message, request_date, created_at)
values (?, ?, ?, ?, ?, ?, ?, ?, ?, ?, cast(? as json), cast(? as json), ?, ?, ?, ?, ?, ?, ?, ?, ?, ?, now())
]
2026-04-15T19:29:40.133+08:00 DEBUG 15660 --- [ai-gateway] [nio-9988-exec-8] o.s.jdbc.core.StatementCreatorUtils      : JDBC getParameterType call failed - using fallback method instead: java.sql.SQLException: Parameter metadata not available for the given statement
2026-04-15T19:29:40.196+08:00 DEBUG 15660 --- [ai-gateway] [nio-9988-exec-8] o.s.jdbc.core.JdbcTemplate               : Executing prepared SQL update
2026-04-15T19:29:40.197+08:00 DEBUG 15660 --- [ai-gateway] [nio-9988-exec-8] o.s.jdbc.core.JdbcTemplate               : Executing prepared SQL statement [update wallets
set balance = balance - ?, total_consume = total_consume + ?, updated_at = now()
where user_id = ?
]
2026-04-15T19:29:40.201+08:00 DEBUG 15660 --- [ai-gateway] [nio-9988-exec-8] o.s.jdbc.core.JdbcTemplate               : Executing prepared SQL query
2026-04-15T19:29:40.202+08:00 DEBUG 15660 --- [ai-gateway] [nio-9988-exec-8] o.s.jdbc.core.JdbcTemplate               : Executing prepared SQL statement [select id from wallets where user_id = ?]
2026-04-15T19:29:40.204+08:00 DEBUG 15660 --- [ai-gateway] [nio-9988-exec-8] o.s.jdbc.core.JdbcTemplate               : Executing prepared SQL query
2026-04-15T19:29:40.205+08:00 DEBUG 15660 --- [ai-gateway] [nio-9988-exec-8] o.s.jdbc.core.JdbcTemplate               : Executing prepared SQL statement [select balance from wallets where user_id = ?]
2026-04-15T19:29:40.206+08:00 DEBUG 15660 --- [ai-gateway] [nio-9988-exec-8] o.s.jdbc.core.JdbcTemplate               : Executing prepared SQL update
2026-04-15T19:29:40.206+08:00 DEBUG 15660 --- [ai-gateway] [nio-9988-exec-8] o.s.jdbc.core.JdbcTemplate               : Executing prepared SQL statement [insert into transactions (user_id, wallet_id, order_no, transaction_type, direction, amount,
                          balance_before, balance_after, status, description_text, transaction_date)
values (?, ?, ?, 'CONSUME', 'OUT', ?, ?, ?, 'SUCCESS', ?, curdate())
]
2026-04-15T19:29:40.208+08:00 DEBUG 15660 --- [ai-gateway] [nio-9988-exec-8] o.s.jdbc.core.JdbcTemplate               : Executing prepared SQL update
2026-04-15T19:29:40.209+08:00 DEBUG 15660 --- [ai-gateway] [nio-9988-exec-8] o.s.jdbc.core.JdbcTemplate               : Executing prepared SQL statement [update api_keys
set used_quota = used_quota + ?, updated_at = now()
where id = ?
]
2026-04-15T19:29:40.210+08:00 DEBUG 15660 --- [ai-gateway] [nio-9988-exec-8] o.s.jdbc.core.JdbcTemplate               : Executing prepared SQL update
2026-04-15T19:29:40.211+08:00 DEBUG 15660 --- [ai-gateway] [nio-9988-exec-8] o.s.jdbc.core.JdbcTemplate               : Executing prepared SQL statement [insert into usage_daily (stat_date, user_id, model_code, provider_id, request_count, success_count, total_tokens, user_amount, cost_amount)
values (?, ?, ?, ?, 1, ?, ?, ?, ?)
on duplicate key update
    request_count = request_count + 1,
    success_count = success_count + values(success_count),
    total_tokens = total_tokens + values(total_tokens),
    user_amount = user_amount + values(user_amount),
    cost_amount = cost_amount + values(cost_amount),
    updated_at = now()
]
2026-04-15T19:29:40.214+08:00 DEBUG 15660 --- [ai-gateway] [nio-9988-exec-8] o.s.jdbc.core.JdbcTemplate               : SQLWarning ignored: SQL state 'HY000', error code '1287', message ['VALUES function' is deprecated and will be removed in a future release. Please use an alias (INSERT INTO ... VALUES (...) AS alias) and replace VALUES(col) in the ON DUPLICATE KEY UPDATE clause with alias.col instead]
2026-04-15T19:29:40.215+08:00 DEBUG 15660 --- [ai-gateway] [nio-9988-exec-8] o.s.jdbc.core.JdbcTemplate               : SQLWarning ignored: SQL state 'HY000', error code '1287', message ['VALUES function' is deprecated and will be removed in a future release. Please use an alias (INSERT INTO ... VALUES (...) AS alias) and replace VALUES(col) in the ON DUPLICATE KEY UPDATE clause with alias.col instead]
2026-04-15T19:29:40.215+08:00 DEBUG 15660 --- [ai-gateway] [nio-9988-exec-8] o.s.jdbc.core.JdbcTemplate               : SQLWarning ignored: SQL state 'HY000', error code '1287', message ['VALUES function' is deprecated and will be removed in a future release. Please use an alias (INSERT INTO ... VALUES (...) AS alias) and replace VALUES(col) in the ON DUPLICATE KEY UPDATE clause with alias.col instead]
2026-04-15T19:29:40.215+08:00 DEBUG 15660 --- [ai-gateway] [nio-9988-exec-8] o.s.jdbc.core.JdbcTemplate               : SQLWarning ignored: SQL state 'HY000', error code '1287', message ['VALUES function' is deprecated and will be removed in a future release. Please use an alias (INSERT INTO ... VALUES (...) AS alias) and replace VALUES(col) in the ON DUPLICATE KEY UPDATE clause with alias.col instead]
2026-04-15T19:29:40.217+08:00 DEBUG 15660 --- [ai-gateway] [nio-9988-exec-8] o.s.w.s.m.m.a.HttpEntityMethodProcessor  : Found 'Content-Type:text/event-stream;charset=UTF-8' in response
2026-04-15T19:29:40.217+08:00 DEBUG 15660 --- [ai-gateway] [nio-9988-exec-8] o.s.w.s.m.m.a.HttpEntityMethodProcessor  : Writing ["event: response.created<EOL>data: {"type":"response.created","response":{"id":"resp_02c1ac53bfe64f2e0169 (truncated)..."]
2026-04-15T19:29:40.219+08:00 DEBUG 15660 --- [ai-gateway] [nio-9988-exec-8] o.s.web.servlet.DispatcherServlet        : Completed 200 OK
2026-04-15T19:29:42.067+08:00 DEBUG 15660 --- [ai-gateway] [nio-9988-exec-4] o.s.web.servlet.DispatcherServlet        : POST "/v1/responses", parameters={}
2026-04-15T19:29:42.067+08:00 DEBUG 15660 --- [ai-gateway] [nio-9988-exec-4] s.w.s.m.m.a.RequestMappingHandlerMapping : Mapped to com.zxw.modules.gateway.controller.GatewayChatController#responses(String, String, HttpServletRequest)
2026-04-15T19:29:47.647+08:00 DEBUG 15660 --- [ai-gateway] [nio-9988-exec-4] m.m.a.RequestResponseBodyMethodProcessor : Read "application/json;charset=UTF-8" to ["{"model":"gpt-5.4","instructions":"You are Codex, a coding agent based on GPT-5. You and the user sh (truncated)..."]
2026-04-15T19:29:47.648+08:00 DEBUG 15660 --- [ai-gateway] [nio-9988-exec-4] o.s.jdbc.core.JdbcTemplate               : Executing prepared SQL query
2026-04-15T19:29:47.649+08:00 DEBUG 15660 --- [ai-gateway] [nio-9988-exec-4] o.s.jdbc.core.JdbcTemplate               : Executing prepared SQL statement [select k.id, k.user_id, k.secret_hash, k.status, k.total_quota, k.used_quota, k.expires_at,
       u.username, u.role_code, coalesce(w.balance, 0) as balance
from api_keys k
join users u on u.id = k.user_id and u.deleted = 0
left join wallets w on w.user_id = u.id
where k.access_key = ? and k.deleted = 0
]
2026-04-15T19:29:47.713+08:00 DEBUG 15660 --- [ai-gateway] [nio-9988-exec-4] o.s.jdbc.core.JdbcTemplate               : Executing prepared SQL update
2026-04-15T19:29:47.714+08:00 DEBUG 15660 --- [ai-gateway] [nio-9988-exec-4] o.s.jdbc.core.JdbcTemplate               : Executing prepared SQL statement [update api_keys set last_used_at = now(), updated_at = now() where id = ?]
2026-04-15T19:29:47.719+08:00 DEBUG 15660 --- [ai-gateway] [nio-9988-exec-4] o.s.jdbc.core.JdbcTemplate               : Executing prepared SQL query
2026-04-15T19:29:47.720+08:00 DEBUG 15660 --- [ai-gateway] [nio-9988-exec-4] o.s.jdbc.core.JdbcTemplate               : Executing prepared SQL statement [select m.id as model_id, m.model_code, m.model_name, m.prompt_price, m.completion_price,
       m.request_price, m.multiplier, p.id as provider_id, p.provider_name, p.base_url, p.provider_type,
       p.timeout_ms, r.upstream_model, t.id as provider_token_id, t.token_value_encrypted
from models m
join model_routes r on r.model_id = m.id and r.status = 'ACTIVE'
join providers p on p.id = r.provider_id and p.deleted = 0 and p.status = 'ACTIVE'
join provider_tokens t on t.provider_id = p.id and t.deleted = 0 and t.status = 'ACTIVE'
where m.model_code = ? and m.deleted = 0 and m.status = 'ACTIVE'
order by r.priority_no asc, t.weight_no desc, t.id asc
limit 1
]
2026-04-15T19:30:12.715+08:00 DEBUG 15660 --- [ai-gateway] [nio-9988-exec-4] o.s.jdbc.core.JdbcTemplate               : Executing prepared SQL update
2026-04-15T19:30:12.716+08:00 DEBUG 15660 --- [ai-gateway] [nio-9988-exec-4] o.s.jdbc.core.JdbcTemplate               : Executing prepared SQL statement [insert into request_logs (request_id, user_id, api_key_id, model_code, provider_id, provider_token_id, upstream_model,
                          request_path, request_method, request_ip, request_body_json, response_body_json,
                          prompt_tokens, completion_tokens, total_tokens, user_amount, cost_amount, latency_ms,
                          success, status_code, error_message, request_date, created_at)
values (?, ?, ?, ?, ?, ?, ?, ?, ?, ?, cast(? as json), cast(? as json), ?, ?, ?, ?, ?, ?, ?, ?, ?, ?, now())
]
2026-04-15T19:30:12.717+08:00 DEBUG 15660 --- [ai-gateway] [nio-9988-exec-4] o.s.jdbc.core.StatementCreatorUtils      : JDBC getParameterType call failed - using fallback method instead: java.sql.SQLException: Parameter metadata not available for the given statement
2026-04-15T19:30:12.766+08:00 DEBUG 15660 --- [ai-gateway] [nio-9988-exec-4] o.s.jdbc.core.JdbcTemplate               : Executing prepared SQL update
2026-04-15T19:30:12.767+08:00 DEBUG 15660 --- [ai-gateway] [nio-9988-exec-4] o.s.jdbc.core.JdbcTemplate               : Executing prepared SQL statement [update wallets
set balance = balance - ?, total_consume = total_consume + ?, updated_at = now()
where user_id = ?
]
2026-04-15T19:30:12.769+08:00 DEBUG 15660 --- [ai-gateway] [nio-9988-exec-4] o.s.jdbc.core.JdbcTemplate               : Executing prepared SQL query
2026-04-15T19:30:12.770+08:00 DEBUG 15660 --- [ai-gateway] [nio-9988-exec-4] o.s.jdbc.core.JdbcTemplate               : Executing prepared SQL statement [select id from wallets where user_id = ?]
2026-04-15T19:30:12.771+08:00 DEBUG 15660 --- [ai-gateway] [nio-9988-exec-4] o.s.jdbc.core.JdbcTemplate               : Executing prepared SQL query
2026-04-15T19:30:12.772+08:00 DEBUG 15660 --- [ai-gateway] [nio-9988-exec-4] o.s.jdbc.core.JdbcTemplate               : Executing prepared SQL statement [select balance from wallets where user_id = ?]
2026-04-15T19:30:12.773+08:00 DEBUG 15660 --- [ai-gateway] [nio-9988-exec-4] o.s.jdbc.core.JdbcTemplate               : Executing prepared SQL update
2026-04-15T19:30:12.773+08:00 DEBUG 15660 --- [ai-gateway] [nio-9988-exec-4] o.s.jdbc.core.JdbcTemplate               : Executing prepared SQL statement [insert into transactions (user_id, wallet_id, order_no, transaction_type, direction, amount,
                          balance_before, balance_after, status, description_text, transaction_date)
values (?, ?, ?, 'CONSUME', 'OUT', ?, ?, ?, 'SUCCESS', ?, curdate())
]
2026-04-15T19:30:12.776+08:00 DEBUG 15660 --- [ai-gateway] [nio-9988-exec-4] o.s.jdbc.core.JdbcTemplate               : Executing prepared SQL update
2026-04-15T19:30:12.777+08:00 DEBUG 15660 --- [ai-gateway] [nio-9988-exec-4] o.s.jdbc.core.JdbcTemplate               : Executing prepared SQL statement [update api_keys
set used_quota = used_quota + ?, updated_at = now()
where id = ?
]
2026-04-15T19:30:12.778+08:00 DEBUG 15660 --- [ai-gateway] [nio-9988-exec-4] o.s.jdbc.core.JdbcTemplate               : Executing prepared SQL update
2026-04-15T19:30:12.779+08:00 DEBUG 15660 --- [ai-gateway] [nio-9988-exec-4] o.s.jdbc.core.JdbcTemplate               : Executing prepared SQL statement [insert into usage_daily (stat_date, user_id, model_code, provider_id, request_count, success_count, total_tokens, user_amount, cost_amount)
values (?, ?, ?, ?, 1, ?, ?, ?, ?)
on duplicate key update
    request_count = request_count + 1,
    success_count = success_count + values(success_count),
    total_tokens = total_tokens + values(total_tokens),
    user_amount = user_amount + values(user_amount),
    cost_amount = cost_amount + values(cost_amount),
    updated_at = now()
]
2026-04-15T19:30:12.783+08:00 DEBUG 15660 --- [ai-gateway] [nio-9988-exec-4] o.s.jdbc.core.JdbcTemplate               : SQLWarning ignored: SQL state 'HY000', error code '1287', message ['VALUES function' is deprecated and will be removed in a future release. Please use an alias (INSERT INTO ... VALUES (...) AS alias) and replace VALUES(col) in the ON DUPLICATE KEY UPDATE clause with alias.col instead]
2026-04-15T19:30:12.784+08:00 DEBUG 15660 --- [ai-gateway] [nio-9988-exec-4] o.s.jdbc.core.JdbcTemplate               : SQLWarning ignored: SQL state 'HY000', error code '1287', message ['VALUES function' is deprecated and will be removed in a future release. Please use an alias (INSERT INTO ... VALUES (...) AS alias) and replace VALUES(col) in the ON DUPLICATE KEY UPDATE clause with alias.col instead]
2026-04-15T19:30:12.784+08:00 DEBUG 15660 --- [ai-gateway] [nio-9988-exec-4] o.s.jdbc.core.JdbcTemplate               : SQLWarning ignored: SQL state 'HY000', error code '1287', message ['VALUES function' is deprecated and will be removed in a future release. Please use an alias (INSERT INTO ... VALUES (...) AS alias) and replace VALUES(col) in the ON DUPLICATE KEY UPDATE clause with alias.col instead]
2026-04-15T19:30:12.784+08:00 DEBUG 15660 --- [ai-gateway] [nio-9988-exec-4] o.s.jdbc.core.JdbcTemplate               : SQLWarning ignored: SQL state 'HY000', error code '1287', message ['VALUES function' is deprecated and will be removed in a future release. Please use an alias (INSERT INTO ... VALUES (...) AS alias) and replace VALUES(col) in the ON DUPLICATE KEY UPDATE clause with alias.col instead]
2026-04-15T19:30:12.785+08:00 DEBUG 15660 --- [ai-gateway] [nio-9988-exec-4] o.s.w.s.m.m.a.HttpEntityMethodProcessor  : Found 'Content-Type:text/event-stream;charset=UTF-8' in response
2026-04-15T19:30:12.786+08:00 DEBUG 15660 --- [ai-gateway] [nio-9988-exec-4] o.s.w.s.m.m.a.HttpEntityMethodProcessor  : Writing ["event: response.created<EOL>data: {"type":"response.created","response":{"id":"resp_0b60e82c2610892b0169 (truncated)..."]
2026-04-15T19:30:12.788+08:00 DEBUG 15660 --- [ai-gateway] [nio-9988-exec-4] o.s.web.servlet.DispatcherServlet        : Completed 200 OK
2026-04-15T19:30:15.231+08:00 DEBUG 15660 --- [ai-gateway] [nio-9988-exec-2] o.s.web.servlet.DispatcherServlet        : POST "/v1/responses", parameters={}
2026-04-15T19:30:15.231+08:00 DEBUG 15660 --- [ai-gateway] [nio-9988-exec-2] s.w.s.m.m.a.RequestMappingHandlerMapping : Mapped to com.zxw.modules.gateway.controller.GatewayChatController#responses(String, String, HttpServletRequest)
2026-04-15T19:30:20.868+08:00 DEBUG 15660 --- [ai-gateway] [nio-9988-exec-2] m.m.a.RequestResponseBodyMethodProcessor : Read "application/json;charset=UTF-8" to ["{"model":"gpt-5.4","instructions":"You are Codex, a coding agent based on GPT-5. You and the user sh (truncated)..."]
2026-04-15T19:30:20.870+08:00 DEBUG 15660 --- [ai-gateway] [nio-9988-exec-2] o.s.jdbc.core.JdbcTemplate               : Executing prepared SQL query
2026-04-15T19:30:20.870+08:00 DEBUG 15660 --- [ai-gateway] [nio-9988-exec-2] o.s.jdbc.core.JdbcTemplate               : Executing prepared SQL statement [select k.id, k.user_id, k.secret_hash, k.status, k.total_quota, k.used_quota, k.expires_at,
       u.username, u.role_code, coalesce(w.balance, 0) as balance
from api_keys k
join users u on u.id = k.user_id and u.deleted = 0
left join wallets w on w.user_id = u.id
where k.access_key = ? and k.deleted = 0
]
2026-04-15T19:30:20.959+08:00 DEBUG 15660 --- [ai-gateway] [nio-9988-exec-2] o.s.jdbc.core.JdbcTemplate               : Executing prepared SQL update
2026-04-15T19:30:20.960+08:00 DEBUG 15660 --- [ai-gateway] [nio-9988-exec-2] o.s.jdbc.core.JdbcTemplate               : Executing prepared SQL statement [update api_keys set last_used_at = now(), updated_at = now() where id = ?]
2026-04-15T19:30:20.965+08:00 DEBUG 15660 --- [ai-gateway] [nio-9988-exec-2] o.s.jdbc.core.JdbcTemplate               : Executing prepared SQL query
2026-04-15T19:30:20.966+08:00 DEBUG 15660 --- [ai-gateway] [nio-9988-exec-2] o.s.jdbc.core.JdbcTemplate               : Executing prepared SQL statement [select m.id as model_id, m.model_code, m.model_name, m.prompt_price, m.completion_price,
       m.request_price, m.multiplier, p.id as provider_id, p.provider_name, p.base_url, p.provider_type,
       p.timeout_ms, r.upstream_model, t.id as provider_token_id, t.token_value_encrypted
from models m
join model_routes r on r.model_id = m.id and r.status = 'ACTIVE'
join providers p on p.id = r.provider_id and p.deleted = 0 and p.status = 'ACTIVE'
join provider_tokens t on t.provider_id = p.id and t.deleted = 0 and t.status = 'ACTIVE'
where m.model_code = ? and m.deleted = 0 and m.status = 'ACTIVE'
order by r.priority_no asc, t.weight_no desc, t.id asc
limit 1
]
2026-04-15T19:30:54.283+08:00 DEBUG 15660 --- [ai-gateway] [nio-9988-exec-2] o.s.jdbc.core.JdbcTemplate               : Executing prepared SQL update
2026-04-15T19:30:54.284+08:00 DEBUG 15660 --- [ai-gateway] [nio-9988-exec-2] o.s.jdbc.core.JdbcTemplate               : Executing prepared SQL statement [insert into request_logs (request_id, user_id, api_key_id, model_code, provider_id, provider_token_id, upstream_model,
                          request_path, request_method, request_ip, request_body_json, response_body_json,
                          prompt_tokens, completion_tokens, total_tokens, user_amount, cost_amount, latency_ms,
                          success, status_code, error_message, request_date, created_at)
values (?, ?, ?, ?, ?, ?, ?, ?, ?, ?, cast(? as json), cast(? as json), ?, ?, ?, ?, ?, ?, ?, ?, ?, ?, now())
]
2026-04-15T19:30:54.286+08:00 DEBUG 15660 --- [ai-gateway] [nio-9988-exec-2] o.s.jdbc.core.StatementCreatorUtils      : JDBC getParameterType call failed - using fallback method instead: java.sql.SQLException: Parameter metadata not available for the given statement
2026-04-15T19:30:54.316+08:00 DEBUG 15660 --- [ai-gateway] [nio-9988-exec-2] o.s.jdbc.core.JdbcTemplate               : Executing prepared SQL update
2026-04-15T19:30:54.317+08:00 DEBUG 15660 --- [ai-gateway] [nio-9988-exec-2] o.s.jdbc.core.JdbcTemplate               : Executing prepared SQL statement [update wallets
set balance = balance - ?, total_consume = total_consume + ?, updated_at = now()
where user_id = ?
]
2026-04-15T19:30:54.319+08:00 DEBUG 15660 --- [ai-gateway] [nio-9988-exec-2] o.s.jdbc.core.JdbcTemplate               : Executing prepared SQL query
2026-04-15T19:30:54.320+08:00 DEBUG 15660 --- [ai-gateway] [nio-9988-exec-2] o.s.jdbc.core.JdbcTemplate               : Executing prepared SQL statement [select id from wallets where user_id = ?]
2026-04-15T19:30:54.320+08:00 DEBUG 15660 --- [ai-gateway] [nio-9988-exec-2] o.s.jdbc.core.JdbcTemplate               : Executing prepared SQL query
2026-04-15T19:30:54.322+08:00 DEBUG 15660 --- [ai-gateway] [nio-9988-exec-2] o.s.jdbc.core.JdbcTemplate               : Executing prepared SQL statement [select balance from wallets where user_id = ?]
2026-04-15T19:30:54.323+08:00 DEBUG 15660 --- [ai-gateway] [nio-9988-exec-2] o.s.jdbc.core.JdbcTemplate               : Executing prepared SQL update
2026-04-15T19:30:54.324+08:00 DEBUG 15660 --- [ai-gateway] [nio-9988-exec-2] o.s.jdbc.core.JdbcTemplate               : Executing prepared SQL statement [insert into transactions (user_id, wallet_id, order_no, transaction_type, direction, amount,
                          balance_before, balance_after, status, description_text, transaction_date)
values (?, ?, ?, 'CONSUME', 'OUT', ?, ?, ?, 'SUCCESS', ?, curdate())
]
2026-04-15T19:30:54.326+08:00 DEBUG 15660 --- [ai-gateway] [nio-9988-exec-2] o.s.jdbc.core.JdbcTemplate               : Executing prepared SQL update
2026-04-15T19:30:54.327+08:00 DEBUG 15660 --- [ai-gateway] [nio-9988-exec-2] o.s.jdbc.core.JdbcTemplate               : Executing prepared SQL statement [update api_keys
set used_quota = used_quota + ?, updated_at = now()
where id = ?
]
2026-04-15T19:30:54.328+08:00 DEBUG 15660 --- [ai-gateway] [nio-9988-exec-2] o.s.jdbc.core.JdbcTemplate               : Executing prepared SQL update
2026-04-15T19:30:54.329+08:00 DEBUG 15660 --- [ai-gateway] [nio-9988-exec-2] o.s.jdbc.core.JdbcTemplate               : Executing prepared SQL statement [insert into usage_daily (stat_date, user_id, model_code, provider_id, request_count, success_count, total_tokens, user_amount, cost_amount)
values (?, ?, ?, ?, 1, ?, ?, ?, ?)
on duplicate key update
    request_count = request_count + 1,
    success_count = success_count + values(success_count),
    total_tokens = total_tokens + values(total_tokens),
    user_amount = user_amount + values(user_amount),
    cost_amount = cost_amount + values(cost_amount),
    updated_at = now()
]
2026-04-15T19:30:54.332+08:00 DEBUG 15660 --- [ai-gateway] [nio-9988-exec-2] o.s.jdbc.core.JdbcTemplate               : SQLWarning ignored: SQL state 'HY000', error code '1287', message ['VALUES function' is deprecated and will be removed in a future release. Please use an alias (INSERT INTO ... VALUES (...) AS alias) and replace VALUES(col) in the ON DUPLICATE KEY UPDATE clause with alias.col instead]
2026-04-15T19:30:54.333+08:00 DEBUG 15660 --- [ai-gateway] [nio-9988-exec-2] o.s.jdbc.core.JdbcTemplate               : SQLWarning ignored: SQL state 'HY000', error code '1287', message ['VALUES function' is deprecated and will be removed in a future release. Please use an alias (INSERT INTO ... VALUES (...) AS alias) and replace VALUES(col) in the ON DUPLICATE KEY UPDATE clause with alias.col instead]
2026-04-15T19:30:54.334+08:00 DEBUG 15660 --- [ai-gateway] [nio-9988-exec-2] o.s.jdbc.core.JdbcTemplate               : SQLWarning ignored: SQL state 'HY000', error code '1287', message ['VALUES function' is deprecated and will be removed in a future release. Please use an alias (INSERT INTO ... VALUES (...) AS alias) and replace VALUES(col) in the ON DUPLICATE KEY UPDATE clause with alias.col instead]
2026-04-15T19:30:54.334+08:00 DEBUG 15660 --- [ai-gateway] [nio-9988-exec-2] o.s.jdbc.core.JdbcTemplate               : SQLWarning ignored: SQL state 'HY000', error code '1287', message ['VALUES function' is deprecated and will be removed in a future release. Please use an alias (INSERT INTO ... VALUES (...) AS alias) and replace VALUES(col) in the ON DUPLICATE KEY UPDATE clause with alias.col instead]
2026-04-15T19:30:54.335+08:00 DEBUG 15660 --- [ai-gateway] [nio-9988-exec-2] o.s.w.s.m.m.a.HttpEntityMethodProcessor  : Found 'Content-Type:text/event-stream;charset=UTF-8' in response
2026-04-15T19:30:54.337+08:00 DEBUG 15660 --- [ai-gateway] [nio-9988-exec-2] o.s.w.s.m.m.a.HttpEntityMethodProcessor  : Writing ["event: response.created<EOL>data: {"type":"response.created","response":{"id":"resp_09d14304af2cc1350169 (truncated)..."]
2026-04-15T19:30:54.338+08:00 DEBUG 15660 --- [ai-gateway] [nio-9988-exec-2] o.s.web.servlet.DispatcherServlet        : Completed 200 OK
2026-04-15T19:30:56.450+08:00 DEBUG 15660 --- [ai-gateway] [nio-9988-exec-7] o.s.web.servlet.DispatcherServlet        : POST "/v1/responses", parameters={}
2026-04-15T19:30:56.450+08:00 DEBUG 15660 --- [ai-gateway] [nio-9988-exec-7] s.w.s.m.m.a.RequestMappingHandlerMapping : Mapped to com.zxw.modules.gateway.controller.GatewayChatController#responses(String, String, HttpServletRequest)
2026-04-15T19:31:02.182+08:00 DEBUG 15660 --- [ai-gateway] [nio-9988-exec-7] m.m.a.RequestResponseBodyMethodProcessor : Read "application/json;charset=UTF-8" to ["{"model":"gpt-5.4","instructions":"You are Codex, a coding agent based on GPT-5. You and the user sh (truncated)..."]
2026-04-15T19:31:02.183+08:00 DEBUG 15660 --- [ai-gateway] [nio-9988-exec-7] o.s.jdbc.core.JdbcTemplate               : Executing prepared SQL query
2026-04-15T19:31:02.184+08:00 DEBUG 15660 --- [ai-gateway] [nio-9988-exec-7] o.s.jdbc.core.JdbcTemplate               : Executing prepared SQL statement [select k.id, k.user_id, k.secret_hash, k.status, k.total_quota, k.used_quota, k.expires_at,
       u.username, u.role_code, coalesce(w.balance, 0) as balance
from api_keys k
join users u on u.id = k.user_id and u.deleted = 0
left join wallets w on w.user_id = u.id
where k.access_key = ? and k.deleted = 0
]
2026-04-15T19:31:02.249+08:00 DEBUG 15660 --- [ai-gateway] [nio-9988-exec-7] o.s.jdbc.core.JdbcTemplate               : Executing prepared SQL update
2026-04-15T19:31:02.250+08:00 DEBUG 15660 --- [ai-gateway] [nio-9988-exec-7] o.s.jdbc.core.JdbcTemplate               : Executing prepared SQL statement [update api_keys set last_used_at = now(), updated_at = now() where id = ?]
2026-04-15T19:31:02.257+08:00 DEBUG 15660 --- [ai-gateway] [nio-9988-exec-7] o.s.jdbc.core.JdbcTemplate               : Executing prepared SQL query
2026-04-15T19:31:02.258+08:00 DEBUG 15660 --- [ai-gateway] [nio-9988-exec-7] o.s.jdbc.core.JdbcTemplate               : Executing prepared SQL statement [select m.id as model_id, m.model_code, m.model_name, m.prompt_price, m.completion_price,
       m.request_price, m.multiplier, p.id as provider_id, p.provider_name, p.base_url, p.provider_type,
       p.timeout_ms, r.upstream_model, t.id as provider_token_id, t.token_value_encrypted
from models m
join model_routes r on r.model_id = m.id and r.status = 'ACTIVE'
join providers p on p.id = r.provider_id and p.deleted = 0 and p.status = 'ACTIVE'
join provider_tokens t on t.provider_id = p.id and t.deleted = 0 and t.status = 'ACTIVE'
where m.model_code = ? and m.deleted = 0 and m.status = 'ACTIVE'
order by r.priority_no asc, t.weight_no desc, t.id asc
limit 1
]
2026-04-15T19:31:22.052+08:00 DEBUG 15660 --- [ai-gateway] [nio-9988-exec-7] o.s.jdbc.core.JdbcTemplate               : Executing prepared SQL update
2026-04-15T19:31:22.053+08:00 DEBUG 15660 --- [ai-gateway] [nio-9988-exec-7] o.s.jdbc.core.JdbcTemplate               : Executing prepared SQL statement [insert into request_logs (request_id, user_id, api_key_id, model_code, provider_id, provider_token_id, upstream_model,
                          request_path, request_method, request_ip, request_body_json, response_body_json,
                          prompt_tokens, completion_tokens, total_tokens, user_amount, cost_amount, latency_ms,
                          success, status_code, error_message, request_date, created_at)
values (?, ?, ?, ?, ?, ?, ?, ?, ?, ?, cast(? as json), cast(? as json), ?, ?, ?, ?, ?, ?, ?, ?, ?, ?, now())
]
2026-04-15T19:31:22.054+08:00 DEBUG 15660 --- [ai-gateway] [nio-9988-exec-7] o.s.jdbc.core.StatementCreatorUtils      : JDBC getParameterType call failed - using fallback method instead: java.sql.SQLException: Parameter metadata not available for the given statement
2026-04-15T19:31:22.094+08:00 DEBUG 15660 --- [ai-gateway] [nio-9988-exec-7] o.s.jdbc.core.JdbcTemplate               : Executing prepared SQL update
2026-04-15T19:31:22.095+08:00 DEBUG 15660 --- [ai-gateway] [nio-9988-exec-7] o.s.jdbc.core.JdbcTemplate               : Executing prepared SQL statement [update wallets
set balance = balance - ?, total_consume = total_consume + ?, updated_at = now()
where user_id = ?
]
2026-04-15T19:31:22.098+08:00 DEBUG 15660 --- [ai-gateway] [nio-9988-exec-7] o.s.jdbc.core.JdbcTemplate               : Executing prepared SQL query
2026-04-15T19:31:22.099+08:00 DEBUG 15660 --- [ai-gateway] [nio-9988-exec-7] o.s.jdbc.core.JdbcTemplate               : Executing prepared SQL statement [select id from wallets where user_id = ?]
2026-04-15T19:31:22.100+08:00 DEBUG 15660 --- [ai-gateway] [nio-9988-exec-7] o.s.jdbc.core.JdbcTemplate               : Executing prepared SQL query
2026-04-15T19:31:22.101+08:00 DEBUG 15660 --- [ai-gateway] [nio-9988-exec-7] o.s.jdbc.core.JdbcTemplate               : Executing prepared SQL statement [select balance from wallets where user_id = ?]
2026-04-15T19:31:22.101+08:00 DEBUG 15660 --- [ai-gateway] [nio-9988-exec-7] o.s.jdbc.core.JdbcTemplate               : Executing prepared SQL update
2026-04-15T19:31:22.101+08:00 DEBUG 15660 --- [ai-gateway] [nio-9988-exec-7] o.s.jdbc.core.JdbcTemplate               : Executing prepared SQL statement [insert into transactions (user_id, wallet_id, order_no, transaction_type, direction, amount,
                          balance_before, balance_after, status, description_text, transaction_date)
values (?, ?, ?, 'CONSUME', 'OUT', ?, ?, ?, 'SUCCESS', ?, curdate())
]
2026-04-15T19:31:22.103+08:00 DEBUG 15660 --- [ai-gateway] [nio-9988-exec-7] o.s.jdbc.core.JdbcTemplate               : Executing prepared SQL update
2026-04-15T19:31:22.104+08:00 DEBUG 15660 --- [ai-gateway] [nio-9988-exec-7] o.s.jdbc.core.JdbcTemplate               : Executing prepared SQL statement [update api_keys
set used_quota = used_quota + ?, updated_at = now()
where id = ?
]
2026-04-15T19:31:22.106+08:00 DEBUG 15660 --- [ai-gateway] [nio-9988-exec-7] o.s.jdbc.core.JdbcTemplate               : Executing prepared SQL update
2026-04-15T19:31:22.107+08:00 DEBUG 15660 --- [ai-gateway] [nio-9988-exec-7] o.s.jdbc.core.JdbcTemplate               : Executing prepared SQL statement [insert into usage_daily (stat_date, user_id, model_code, provider_id, request_count, success_count, total_tokens, user_amount, cost_amount)
values (?, ?, ?, ?, 1, ?, ?, ?, ?)
on duplicate key update
    request_count = request_count + 1,
    success_count = success_count + values(success_count),
    total_tokens = total_tokens + values(total_tokens),
    user_amount = user_amount + values(user_amount),
    cost_amount = cost_amount + values(cost_amount),
    updated_at = now()
]
2026-04-15T19:31:22.109+08:00 DEBUG 15660 --- [ai-gateway] [nio-9988-exec-7] o.s.jdbc.core.JdbcTemplate               : SQLWarning ignored: SQL state 'HY000', error code '1287', message ['VALUES function' is deprecated and will be removed in a future release. Please use an alias (INSERT INTO ... VALUES (...) AS alias) and replace VALUES(col) in the ON DUPLICATE KEY UPDATE clause with alias.col instead]
2026-04-15T19:31:22.110+08:00 DEBUG 15660 --- [ai-gateway] [nio-9988-exec-7] o.s.jdbc.core.JdbcTemplate               : SQLWarning ignored: SQL state 'HY000', error code '1287', message ['VALUES function' is deprecated and will be removed in a future release. Please use an alias (INSERT INTO ... VALUES (...) AS alias) and replace VALUES(col) in the ON DUPLICATE KEY UPDATE clause with alias.col instead]
2026-04-15T19:31:22.110+08:00 DEBUG 15660 --- [ai-gateway] [nio-9988-exec-7] o.s.jdbc.core.JdbcTemplate               : SQLWarning ignored: SQL state 'HY000', error code '1287', message ['VALUES function' is deprecated and will be removed in a future release. Please use an alias (INSERT INTO ... VALUES (...) AS alias) and replace VALUES(col) in the ON DUPLICATE KEY UPDATE clause with alias.col instead]
2026-04-15T19:31:22.111+08:00 DEBUG 15660 --- [ai-gateway] [nio-9988-exec-7] o.s.jdbc.core.JdbcTemplate               : SQLWarning ignored: SQL state 'HY000', error code '1287', message ['VALUES function' is deprecated and will be removed in a future release. Please use an alias (INSERT INTO ... VALUES (...) AS alias) and replace VALUES(col) in the ON DUPLICATE KEY UPDATE clause with alias.col instead]
2026-04-15T19:31:22.112+08:00 DEBUG 15660 --- [ai-gateway] [nio-9988-exec-7] o.s.w.s.m.m.a.HttpEntityMethodProcessor  : Found 'Content-Type:text/event-stream;charset=UTF-8' in response
2026-04-15T19:31:22.112+08:00 DEBUG 15660 --- [ai-gateway] [nio-9988-exec-7] o.s.w.s.m.m.a.HttpEntityMethodProcessor  : Writing ["event: response.created<EOL>data: {"type":"response.created","response":{"id":"resp_0fa3db96ecfdf42f0169 (truncated)..."]
2026-04-15T19:31:22.113+08:00 DEBUG 15660 --- [ai-gateway] [nio-9988-exec-7] o.s.web.servlet.DispatcherServlet        : Completed 200 OK
2026-04-15T19:31:24.059+08:00 DEBUG 15660 --- [ai-gateway] [nio-9988-exec-6] o.s.web.servlet.DispatcherServlet        : POST "/v1/responses", parameters={}
2026-04-15T19:31:24.060+08:00 DEBUG 15660 --- [ai-gateway] [nio-9988-exec-6] s.w.s.m.m.a.RequestMappingHandlerMapping : Mapped to com.zxw.modules.gateway.controller.GatewayChatController#responses(String, String, HttpServletRequest)
2026-04-15T19:31:30.041+08:00 DEBUG 15660 --- [ai-gateway] [nio-9988-exec-6] m.m.a.RequestResponseBodyMethodProcessor : Read "application/json;charset=UTF-8" to ["{"model":"gpt-5.4","instructions":"You are Codex, a coding agent based on GPT-5. You and the user sh (truncated)..."]
2026-04-15T19:31:30.042+08:00 DEBUG 15660 --- [ai-gateway] [nio-9988-exec-6] o.s.jdbc.core.JdbcTemplate               : Executing prepared SQL query
2026-04-15T19:31:30.043+08:00 DEBUG 15660 --- [ai-gateway] [nio-9988-exec-6] o.s.jdbc.core.JdbcTemplate               : Executing prepared SQL statement [select k.id, k.user_id, k.secret_hash, k.status, k.total_quota, k.used_quota, k.expires_at,
       u.username, u.role_code, coalesce(w.balance, 0) as balance
from api_keys k
join users u on u.id = k.user_id and u.deleted = 0
left join wallets w on w.user_id = u.id
where k.access_key = ? and k.deleted = 0
]
2026-04-15T19:31:30.105+08:00 DEBUG 15660 --- [ai-gateway] [nio-9988-exec-6] o.s.jdbc.core.JdbcTemplate               : Executing prepared SQL update
2026-04-15T19:31:30.106+08:00 DEBUG 15660 --- [ai-gateway] [nio-9988-exec-6] o.s.jdbc.core.JdbcTemplate               : Executing prepared SQL statement [update api_keys set last_used_at = now(), updated_at = now() where id = ?]
2026-04-15T19:31:30.112+08:00 DEBUG 15660 --- [ai-gateway] [nio-9988-exec-6] o.s.jdbc.core.JdbcTemplate               : Executing prepared SQL query
2026-04-15T19:31:30.113+08:00 DEBUG 15660 --- [ai-gateway] [nio-9988-exec-6] o.s.jdbc.core.JdbcTemplate               : Executing prepared SQL statement [select m.id as model_id, m.model_code, m.model_name, m.prompt_price, m.completion_price,
       m.request_price, m.multiplier, p.id as provider_id, p.provider_name, p.base_url, p.provider_type,
       p.timeout_ms, r.upstream_model, t.id as provider_token_id, t.token_value_encrypted
from models m
join model_routes r on r.model_id = m.id and r.status = 'ACTIVE'
join providers p on p.id = r.provider_id and p.deleted = 0 and p.status = 'ACTIVE'
join provider_tokens t on t.provider_id = p.id and t.deleted = 0 and t.status = 'ACTIVE'
where m.model_code = ? and m.deleted = 0 and m.status = 'ACTIVE'
order by r.priority_no asc, t.weight_no desc, t.id asc
limit 1
]
2026-04-15T19:31:42.327+08:00 DEBUG 15660 --- [ai-gateway] [nio-9988-exec-6] o.s.jdbc.core.JdbcTemplate               : Executing prepared SQL update
2026-04-15T19:31:42.328+08:00 DEBUG 15660 --- [ai-gateway] [nio-9988-exec-6] o.s.jdbc.core.JdbcTemplate               : Executing prepared SQL statement [insert into request_logs (request_id, user_id, api_key_id, model_code, provider_id, provider_token_id, upstream_model,
                          request_path, request_method, request_ip, request_body_json, response_body_json,
                          prompt_tokens, completion_tokens, total_tokens, user_amount, cost_amount, latency_ms,
                          success, status_code, error_message, request_date, created_at)
values (?, ?, ?, ?, ?, ?, ?, ?, ?, ?, cast(? as json), cast(? as json), ?, ?, ?, ?, ?, ?, ?, ?, ?, ?, now())
]
2026-04-15T19:31:42.329+08:00 DEBUG 15660 --- [ai-gateway] [nio-9988-exec-6] o.s.jdbc.core.StatementCreatorUtils      : JDBC getParameterType call failed - using fallback method instead: java.sql.SQLException: Parameter metadata not available for the given statement
2026-04-15T19:31:42.402+08:00 DEBUG 15660 --- [ai-gateway] [nio-9988-exec-6] o.s.jdbc.core.JdbcTemplate               : Executing prepared SQL update
2026-04-15T19:31:42.403+08:00 DEBUG 15660 --- [ai-gateway] [nio-9988-exec-6] o.s.jdbc.core.JdbcTemplate               : Executing prepared SQL statement [update wallets
set balance = balance - ?, total_consume = total_consume + ?, updated_at = now()
where user_id = ?
]
2026-04-15T19:31:42.404+08:00 DEBUG 15660 --- [ai-gateway] [nio-9988-exec-6] o.s.jdbc.core.JdbcTemplate               : Executing prepared SQL query
2026-04-15T19:31:42.405+08:00 DEBUG 15660 --- [ai-gateway] [nio-9988-exec-6] o.s.jdbc.core.JdbcTemplate               : Executing prepared SQL statement [select id from wallets where user_id = ?]
2026-04-15T19:31:42.406+08:00 DEBUG 15660 --- [ai-gateway] [nio-9988-exec-6] o.s.jdbc.core.JdbcTemplate               : Executing prepared SQL query
2026-04-15T19:31:42.408+08:00 DEBUG 15660 --- [ai-gateway] [nio-9988-exec-6] o.s.jdbc.core.JdbcTemplate               : Executing prepared SQL statement [select balance from wallets where user_id = ?]
2026-04-15T19:31:42.410+08:00 DEBUG 15660 --- [ai-gateway] [nio-9988-exec-6] o.s.jdbc.core.JdbcTemplate               : Executing prepared SQL update
2026-04-15T19:31:42.410+08:00 DEBUG 15660 --- [ai-gateway] [nio-9988-exec-6] o.s.jdbc.core.JdbcTemplate               : Executing prepared SQL statement [insert into transactions (user_id, wallet_id, order_no, transaction_type, direction, amount,
                          balance_before, balance_after, status, description_text, transaction_date)
values (?, ?, ?, 'CONSUME', 'OUT', ?, ?, ?, 'SUCCESS', ?, curdate())
]
2026-04-15T19:31:42.414+08:00 DEBUG 15660 --- [ai-gateway] [nio-9988-exec-6] o.s.jdbc.core.JdbcTemplate               : Executing prepared SQL update
2026-04-15T19:31:42.414+08:00 DEBUG 15660 --- [ai-gateway] [nio-9988-exec-6] o.s.jdbc.core.JdbcTemplate               : Executing prepared SQL statement [update api_keys
set used_quota = used_quota + ?, updated_at = now()
where id = ?
]
2026-04-15T19:31:42.416+08:00 DEBUG 15660 --- [ai-gateway] [nio-9988-exec-6] o.s.jdbc.core.JdbcTemplate               : Executing prepared SQL update
2026-04-15T19:31:42.417+08:00 DEBUG 15660 --- [ai-gateway] [nio-9988-exec-6] o.s.jdbc.core.JdbcTemplate               : Executing prepared SQL statement [insert into usage_daily (stat_date, user_id, model_code, provider_id, request_count, success_count, total_tokens, user_amount, cost_amount)
values (?, ?, ?, ?, 1, ?, ?, ?, ?)
on duplicate key update
    request_count = request_count + 1,
    success_count = success_count + values(success_count),
    total_tokens = total_tokens + values(total_tokens),
    user_amount = user_amount + values(user_amount),
    cost_amount = cost_amount + values(cost_amount),
    updated_at = now()
]
2026-04-15T19:31:42.420+08:00 DEBUG 15660 --- [ai-gateway] [nio-9988-exec-6] o.s.jdbc.core.JdbcTemplate               : SQLWarning ignored: SQL state 'HY000', error code '1287', message ['VALUES function' is deprecated and will be removed in a future release. Please use an alias (INSERT INTO ... VALUES (...) AS alias) and replace VALUES(col) in the ON DUPLICATE KEY UPDATE clause with alias.col instead]
2026-04-15T19:31:42.420+08:00 DEBUG 15660 --- [ai-gateway] [nio-9988-exec-6] o.s.jdbc.core.JdbcTemplate               : SQLWarning ignored: SQL state 'HY000', error code '1287', message ['VALUES function' is deprecated and will be removed in a future release. Please use an alias (INSERT INTO ... VALUES (...) AS alias) and replace VALUES(col) in the ON DUPLICATE KEY UPDATE clause with alias.col instead]
2026-04-15T19:31:42.420+08:00 DEBUG 15660 --- [ai-gateway] [nio-9988-exec-6] o.s.jdbc.core.JdbcTemplate               : SQLWarning ignored: SQL state 'HY000', error code '1287', message ['VALUES function' is deprecated and will be removed in a future release. Please use an alias (INSERT INTO ... VALUES (...) AS alias) and replace VALUES(col) in the ON DUPLICATE KEY UPDATE clause with alias.col instead]
2026-04-15T19:31:42.420+08:00 DEBUG 15660 --- [ai-gateway] [nio-9988-exec-6] o.s.jdbc.core.JdbcTemplate               : SQLWarning ignored: SQL state 'HY000', error code '1287', message ['VALUES function' is deprecated and will be removed in a future release. Please use an alias (INSERT INTO ... VALUES (...) AS alias) and replace VALUES(col) in the ON DUPLICATE KEY UPDATE clause with alias.col instead]
2026-04-15T19:31:42.422+08:00 DEBUG 15660 --- [ai-gateway] [nio-9988-exec-6] o.s.w.s.m.m.a.HttpEntityMethodProcessor  : Found 'Content-Type:text/event-stream;charset=UTF-8' in response
2026-04-15T19:31:42.422+08:00 DEBUG 15660 --- [ai-gateway] [nio-9988-exec-6] o.s.w.s.m.m.a.HttpEntityMethodProcessor  : Writing ["event: response.created<EOL>data: {"type":"response.created","response":{"id":"resp_0f261a2d37a524030169 (truncated)..."]
2026-04-15T19:31:42.424+08:00 DEBUG 15660 --- [ai-gateway] [nio-9988-exec-6] o.s.web.servlet.DispatcherServlet        : Completed 200 OK
2026-04-15T19:31:44.183+08:00 DEBUG 15660 --- [ai-gateway] [nio-9988-exec-8] o.s.web.servlet.DispatcherServlet        : POST "/v1/responses", parameters={}
2026-04-15T19:31:44.185+08:00 DEBUG 15660 --- [ai-gateway] [nio-9988-exec-8] s.w.s.m.m.a.RequestMappingHandlerMapping : Mapped to com.zxw.modules.gateway.controller.GatewayChatController#responses(String, String, HttpServletRequest)
2026-04-15T19:31:50.261+08:00 DEBUG 15660 --- [ai-gateway] [nio-9988-exec-8] m.m.a.RequestResponseBodyMethodProcessor : Read "application/json;charset=UTF-8" to ["{"model":"gpt-5.4","instructions":"You are Codex, a coding agent based on GPT-5. You and the user sh (truncated)..."]
2026-04-15T19:31:50.263+08:00 DEBUG 15660 --- [ai-gateway] [nio-9988-exec-8] o.s.jdbc.core.JdbcTemplate               : Executing prepared SQL query
2026-04-15T19:31:50.264+08:00 DEBUG 15660 --- [ai-gateway] [nio-9988-exec-8] o.s.jdbc.core.JdbcTemplate               : Executing prepared SQL statement [select k.id, k.user_id, k.secret_hash, k.status, k.total_quota, k.used_quota, k.expires_at,
       u.username, u.role_code, coalesce(w.balance, 0) as balance
from api_keys k
join users u on u.id = k.user_id and u.deleted = 0
left join wallets w on w.user_id = u.id
where k.access_key = ? and k.deleted = 0
]
2026-04-15T19:31:50.331+08:00 DEBUG 15660 --- [ai-gateway] [nio-9988-exec-8] o.s.jdbc.core.JdbcTemplate               : Executing prepared SQL update
2026-04-15T19:31:50.331+08:00 DEBUG 15660 --- [ai-gateway] [nio-9988-exec-8] o.s.jdbc.core.JdbcTemplate               : Executing prepared SQL statement [update api_keys set last_used_at = now(), updated_at = now() where id = ?]
2026-04-15T19:31:50.337+08:00 DEBUG 15660 --- [ai-gateway] [nio-9988-exec-8] o.s.jdbc.core.JdbcTemplate               : Executing prepared SQL query
2026-04-15T19:31:50.338+08:00 DEBUG 15660 --- [ai-gateway] [nio-9988-exec-8] o.s.jdbc.core.JdbcTemplate               : Executing prepared SQL statement [select m.id as model_id, m.model_code, m.model_name, m.prompt_price, m.completion_price,
       m.request_price, m.multiplier, p.id as provider_id, p.provider_name, p.base_url, p.provider_type,
       p.timeout_ms, r.upstream_model, t.id as provider_token_id, t.token_value_encrypted
from models m
join model_routes r on r.model_id = m.id and r.status = 'ACTIVE'
join providers p on p.id = r.provider_id and p.deleted = 0 and p.status = 'ACTIVE'
join provider_tokens t on t.provider_id = p.id and t.deleted = 0 and t.status = 'ACTIVE'
where m.model_code = ? and m.deleted = 0 and m.status = 'ACTIVE'
order by r.priority_no asc, t.weight_no desc, t.id asc
limit 1
]
2026-04-15T19:32:03.579+08:00 DEBUG 15660 --- [ai-gateway] [nio-9988-exec-8] o.s.jdbc.core.JdbcTemplate               : Executing prepared SQL update
2026-04-15T19:32:03.580+08:00 DEBUG 15660 --- [ai-gateway] [nio-9988-exec-8] o.s.jdbc.core.JdbcTemplate               : Executing prepared SQL statement [insert into request_logs (request_id, user_id, api_key_id, model_code, provider_id, provider_token_id, upstream_model,
                          request_path, request_method, request_ip, request_body_json, response_body_json,
                          prompt_tokens, completion_tokens, total_tokens, user_amount, cost_amount, latency_ms,
                          success, status_code, error_message, request_date, created_at)
values (?, ?, ?, ?, ?, ?, ?, ?, ?, ?, cast(? as json), cast(? as json), ?, ?, ?, ?, ?, ?, ?, ?, ?, ?, now())
]
2026-04-15T19:32:03.581+08:00 DEBUG 15660 --- [ai-gateway] [nio-9988-exec-8] o.s.jdbc.core.StatementCreatorUtils      : JDBC getParameterType call failed - using fallback method instead: java.sql.SQLException: Parameter metadata not available for the given statement
2026-04-15T19:32:03.619+08:00 DEBUG 15660 --- [ai-gateway] [nio-9988-exec-8] o.s.jdbc.core.JdbcTemplate               : Executing prepared SQL update
2026-04-15T19:32:03.620+08:00 DEBUG 15660 --- [ai-gateway] [nio-9988-exec-8] o.s.jdbc.core.JdbcTemplate               : Executing prepared SQL statement [update wallets
set balance = balance - ?, total_consume = total_consume + ?, updated_at = now()
where user_id = ?
]
2026-04-15T19:32:03.623+08:00 DEBUG 15660 --- [ai-gateway] [nio-9988-exec-8] o.s.jdbc.core.JdbcTemplate               : Executing prepared SQL query
2026-04-15T19:32:03.624+08:00 DEBUG 15660 --- [ai-gateway] [nio-9988-exec-8] o.s.jdbc.core.JdbcTemplate               : Executing prepared SQL statement [select id from wallets where user_id = ?]
2026-04-15T19:32:03.626+08:00 DEBUG 15660 --- [ai-gateway] [nio-9988-exec-8] o.s.jdbc.core.JdbcTemplate               : Executing prepared SQL query
2026-04-15T19:32:03.627+08:00 DEBUG 15660 --- [ai-gateway] [nio-9988-exec-8] o.s.jdbc.core.JdbcTemplate               : Executing prepared SQL statement [select balance from wallets where user_id = ?]
2026-04-15T19:32:03.628+08:00 DEBUG 15660 --- [ai-gateway] [nio-9988-exec-8] o.s.jdbc.core.JdbcTemplate               : Executing prepared SQL update
2026-04-15T19:32:03.629+08:00 DEBUG 15660 --- [ai-gateway] [nio-9988-exec-8] o.s.jdbc.core.JdbcTemplate               : Executing prepared SQL statement [insert into transactions (user_id, wallet_id, order_no, transaction_type, direction, amount,
                          balance_before, balance_after, status, description_text, transaction_date)
values (?, ?, ?, 'CONSUME', 'OUT', ?, ?, ?, 'SUCCESS', ?, curdate())
]
2026-04-15T19:32:03.631+08:00 DEBUG 15660 --- [ai-gateway] [nio-9988-exec-8] o.s.jdbc.core.JdbcTemplate               : Executing prepared SQL update
2026-04-15T19:32:03.632+08:00 DEBUG 15660 --- [ai-gateway] [nio-9988-exec-8] o.s.jdbc.core.JdbcTemplate               : Executing prepared SQL statement [update api_keys
set used_quota = used_quota + ?, updated_at = now()
where id = ?
]
2026-04-15T19:32:03.634+08:00 DEBUG 15660 --- [ai-gateway] [nio-9988-exec-8] o.s.jdbc.core.JdbcTemplate               : Executing prepared SQL update
2026-04-15T19:32:03.635+08:00 DEBUG 15660 --- [ai-gateway] [nio-9988-exec-8] o.s.jdbc.core.JdbcTemplate               : Executing prepared SQL statement [insert into usage_daily (stat_date, user_id, model_code, provider_id, request_count, success_count, total_tokens, user_amount, cost_amount)
values (?, ?, ?, ?, 1, ?, ?, ?, ?)
on duplicate key update
    request_count = request_count + 1,
    success_count = success_count + values(success_count),
    total_tokens = total_tokens + values(total_tokens),
    user_amount = user_amount + values(user_amount),
    cost_amount = cost_amount + values(cost_amount),
    updated_at = now()
]
2026-04-15T19:32:03.638+08:00 DEBUG 15660 --- [ai-gateway] [nio-9988-exec-8] o.s.jdbc.core.JdbcTemplate               : SQLWarning ignored: SQL state 'HY000', error code '1287', message ['VALUES function' is deprecated and will be removed in a future release. Please use an alias (INSERT INTO ... VALUES (...) AS alias) and replace VALUES(col) in the ON DUPLICATE KEY UPDATE clause with alias.col instead]
2026-04-15T19:32:03.639+08:00 DEBUG 15660 --- [ai-gateway] [nio-9988-exec-8] o.s.jdbc.core.JdbcTemplate               : SQLWarning ignored: SQL state 'HY000', error code '1287', message ['VALUES function' is deprecated and will be removed in a future release. Please use an alias (INSERT INTO ... VALUES (...) AS alias) and replace VALUES(col) in the ON DUPLICATE KEY UPDATE clause with alias.col instead]
2026-04-15T19:32:03.639+08:00 DEBUG 15660 --- [ai-gateway] [nio-9988-exec-8] o.s.jdbc.core.JdbcTemplate               : SQLWarning ignored: SQL state 'HY000', error code '1287', message ['VALUES function' is deprecated and will be removed in a future release. Please use an alias (INSERT INTO ... VALUES (...) AS alias) and replace VALUES(col) in the ON DUPLICATE KEY UPDATE clause with alias.col instead]
2026-04-15T19:32:03.639+08:00 DEBUG 15660 --- [ai-gateway] [nio-9988-exec-8] o.s.jdbc.core.JdbcTemplate               : SQLWarning ignored: SQL state 'HY000', error code '1287', message ['VALUES function' is deprecated and will be removed in a future release. Please use an alias (INSERT INTO ... VALUES (...) AS alias) and replace VALUES(col) in the ON DUPLICATE KEY UPDATE clause with alias.col instead]
2026-04-15T19:32:03.641+08:00 DEBUG 15660 --- [ai-gateway] [nio-9988-exec-8] o.s.w.s.m.m.a.HttpEntityMethodProcessor  : Found 'Content-Type:text/event-stream;charset=UTF-8' in response
2026-04-15T19:32:03.642+08:00 DEBUG 15660 --- [ai-gateway] [nio-9988-exec-8] o.s.w.s.m.m.a.HttpEntityMethodProcessor  : Writing ["event: response.created<EOL>data: {"type":"response.created","response":{"id":"resp_0cf76e049a26436f0169 (truncated)..."]
2026-04-15T19:32:03.644+08:00 DEBUG 15660 --- [ai-gateway] [nio-9988-exec-8] o.s.web.servlet.DispatcherServlet        : Completed 200 OK
2026-04-15T19:32:05.342+08:00 DEBUG 15660 --- [ai-gateway] [nio-9988-exec-4] o.s.web.servlet.DispatcherServlet        : POST "/v1/responses", parameters={}
2026-04-15T19:32:05.343+08:00 DEBUG 15660 --- [ai-gateway] [nio-9988-exec-4] s.w.s.m.m.a.RequestMappingHandlerMapping : Mapped to com.zxw.modules.gateway.controller.GatewayChatController#responses(String, String, HttpServletRequest)
2026-04-15T19:32:12.312+08:00 DEBUG 15660 --- [ai-gateway] [nio-9988-exec-4] m.m.a.RequestResponseBodyMethodProcessor : Read "application/json;charset=UTF-8" to ["{"model":"gpt-5.4","instructions":"You are Codex, a coding agent based on GPT-5. You and the user sh (truncated)..."]
2026-04-15T19:32:12.313+08:00 DEBUG 15660 --- [ai-gateway] [nio-9988-exec-4] o.s.jdbc.core.JdbcTemplate               : Executing prepared SQL query
2026-04-15T19:32:12.314+08:00 DEBUG 15660 --- [ai-gateway] [nio-9988-exec-4] o.s.jdbc.core.JdbcTemplate               : Executing prepared SQL statement [select k.id, k.user_id, k.secret_hash, k.status, k.total_quota, k.used_quota, k.expires_at,
       u.username, u.role_code, coalesce(w.balance, 0) as balance
from api_keys k
join users u on u.id = k.user_id and u.deleted = 0
left join wallets w on w.user_id = u.id
where k.access_key = ? and k.deleted = 0
]
2026-04-15T19:32:12.382+08:00 DEBUG 15660 --- [ai-gateway] [nio-9988-exec-4] o.s.jdbc.core.JdbcTemplate               : Executing prepared SQL update
2026-04-15T19:32:12.383+08:00 DEBUG 15660 --- [ai-gateway] [nio-9988-exec-4] o.s.jdbc.core.JdbcTemplate               : Executing prepared SQL statement [update api_keys set last_used_at = now(), updated_at = now() where id = ?]
2026-04-15T19:32:12.386+08:00 DEBUG 15660 --- [ai-gateway] [nio-9988-exec-4] o.s.jdbc.core.JdbcTemplate               : Executing prepared SQL query
2026-04-15T19:32:12.388+08:00 DEBUG 15660 --- [ai-gateway] [nio-9988-exec-4] o.s.jdbc.core.JdbcTemplate               : Executing prepared SQL statement [select m.id as model_id, m.model_code, m.model_name, m.prompt_price, m.completion_price,
       m.request_price, m.multiplier, p.id as provider_id, p.provider_name, p.base_url, p.provider_type,
       p.timeout_ms, r.upstream_model, t.id as provider_token_id, t.token_value_encrypted
from models m
join model_routes r on r.model_id = m.id and r.status = 'ACTIVE'
join providers p on p.id = r.provider_id and p.deleted = 0 and p.status = 'ACTIVE'
join provider_tokens t on t.provider_id = p.id and t.deleted = 0 and t.status = 'ACTIVE'
where m.model_code = ? and m.deleted = 0 and m.status = 'ACTIVE'
order by r.priority_no asc, t.weight_no desc, t.id asc
limit 1
]
2026-04-15T19:32:20.422+08:00 DEBUG 15660 --- [ai-gateway] [nio-9988-exec-4] o.s.jdbc.core.JdbcTemplate               : Executing prepared SQL update
2026-04-15T19:32:20.423+08:00 DEBUG 15660 --- [ai-gateway] [nio-9988-exec-4] o.s.jdbc.core.JdbcTemplate               : Executing prepared SQL statement [insert into request_logs (request_id, user_id, api_key_id, model_code, provider_id, provider_token_id, upstream_model,
                          request_path, request_method, request_ip, request_body_json, response_body_json,
                          prompt_tokens, completion_tokens, total_tokens, user_amount, cost_amount, latency_ms,
                          success, status_code, error_message, request_date, created_at)
values (?, ?, ?, ?, ?, ?, ?, ?, ?, ?, cast(? as json), cast(? as json), ?, ?, ?, ?, ?, ?, ?, ?, ?, ?, now())
]
2026-04-15T19:32:20.424+08:00 DEBUG 15660 --- [ai-gateway] [nio-9988-exec-4] o.s.jdbc.core.StatementCreatorUtils      : JDBC getParameterType call failed - using fallback method instead: java.sql.SQLException: Parameter metadata not available for the given statement
2026-04-15T19:32:20.462+08:00 DEBUG 15660 --- [ai-gateway] [nio-9988-exec-4] o.s.jdbc.core.JdbcTemplate               : Executing prepared SQL update
2026-04-15T19:32:20.463+08:00 DEBUG 15660 --- [ai-gateway] [nio-9988-exec-4] o.s.jdbc.core.JdbcTemplate               : Executing prepared SQL statement [update wallets
set balance = balance - ?, total_consume = total_consume + ?, updated_at = now()
where user_id = ?
]
2026-04-15T19:32:20.465+08:00 DEBUG 15660 --- [ai-gateway] [nio-9988-exec-4] o.s.jdbc.core.JdbcTemplate               : Executing prepared SQL query
2026-04-15T19:32:20.465+08:00 DEBUG 15660 --- [ai-gateway] [nio-9988-exec-4] o.s.jdbc.core.JdbcTemplate               : Executing prepared SQL statement [select id from wallets where user_id = ?]
2026-04-15T19:32:20.467+08:00 DEBUG 15660 --- [ai-gateway] [nio-9988-exec-4] o.s.jdbc.core.JdbcTemplate               : Executing prepared SQL query
2026-04-15T19:32:20.468+08:00 DEBUG 15660 --- [ai-gateway] [nio-9988-exec-4] o.s.jdbc.core.JdbcTemplate               : Executing prepared SQL statement [select balance from wallets where user_id = ?]
2026-04-15T19:32:20.468+08:00 DEBUG 15660 --- [ai-gateway] [nio-9988-exec-4] o.s.jdbc.core.JdbcTemplate               : Executing prepared SQL update
2026-04-15T19:32:20.468+08:00 DEBUG 15660 --- [ai-gateway] [nio-9988-exec-4] o.s.jdbc.core.JdbcTemplate               : Executing prepared SQL statement [insert into transactions (user_id, wallet_id, order_no, transaction_type, direction, amount,
                          balance_before, balance_after, status, description_text, transaction_date)
values (?, ?, ?, 'CONSUME', 'OUT', ?, ?, ?, 'SUCCESS', ?, curdate())
]
2026-04-15T19:32:20.471+08:00 DEBUG 15660 --- [ai-gateway] [nio-9988-exec-4] o.s.jdbc.core.JdbcTemplate               : Executing prepared SQL update
2026-04-15T19:32:20.472+08:00 DEBUG 15660 --- [ai-gateway] [nio-9988-exec-4] o.s.jdbc.core.JdbcTemplate               : Executing prepared SQL statement [update api_keys
set used_quota = used_quota + ?, updated_at = now()
where id = ?
]
2026-04-15T19:32:20.473+08:00 DEBUG 15660 --- [ai-gateway] [nio-9988-exec-4] o.s.jdbc.core.JdbcTemplate               : Executing prepared SQL update
2026-04-15T19:32:20.474+08:00 DEBUG 15660 --- [ai-gateway] [nio-9988-exec-4] o.s.jdbc.core.JdbcTemplate               : Executing prepared SQL statement [insert into usage_daily (stat_date, user_id, model_code, provider_id, request_count, success_count, total_tokens, user_amount, cost_amount)
values (?, ?, ?, ?, 1, ?, ?, ?, ?)
on duplicate key update
    request_count = request_count + 1,
    success_count = success_count + values(success_count),
    total_tokens = total_tokens + values(total_tokens),
    user_amount = user_amount + values(user_amount),
    cost_amount = cost_amount + values(cost_amount),
    updated_at = now()
]
2026-04-15T19:32:20.476+08:00 DEBUG 15660 --- [ai-gateway] [nio-9988-exec-4] o.s.jdbc.core.JdbcTemplate               : SQLWarning ignored: SQL state 'HY000', error code '1287', message ['VALUES function' is deprecated and will be removed in a future release. Please use an alias (INSERT INTO ... VALUES (...) AS alias) and replace VALUES(col) in the ON DUPLICATE KEY UPDATE clause with alias.col instead]
2026-04-15T19:32:20.477+08:00 DEBUG 15660 --- [ai-gateway] [nio-9988-exec-4] o.s.jdbc.core.JdbcTemplate               : SQLWarning ignored: SQL state 'HY000', error code '1287', message ['VALUES function' is deprecated and will be removed in a future release. Please use an alias (INSERT INTO ... VALUES (...) AS alias) and replace VALUES(col) in the ON DUPLICATE KEY UPDATE clause with alias.col instead]
2026-04-15T19:32:20.478+08:00 DEBUG 15660 --- [ai-gateway] [nio-9988-exec-4] o.s.jdbc.core.JdbcTemplate               : SQLWarning ignored: SQL state 'HY000', error code '1287', message ['VALUES function' is deprecated and will be removed in a future release. Please use an alias (INSERT INTO ... VALUES (...) AS alias) and replace VALUES(col) in the ON DUPLICATE KEY UPDATE clause with alias.col instead]
2026-04-15T19:32:20.478+08:00 DEBUG 15660 --- [ai-gateway] [nio-9988-exec-4] o.s.jdbc.core.JdbcTemplate               : SQLWarning ignored: SQL state 'HY000', error code '1287', message ['VALUES function' is deprecated and will be removed in a future release. Please use an alias (INSERT INTO ... VALUES (...) AS alias) and replace VALUES(col) in the ON DUPLICATE KEY UPDATE clause with alias.col instead]
2026-04-15T19:32:20.479+08:00 DEBUG 15660 --- [ai-gateway] [nio-9988-exec-4] o.s.w.s.m.m.a.HttpEntityMethodProcessor  : Found 'Content-Type:text/event-stream;charset=UTF-8' in response
2026-04-15T19:32:20.479+08:00 DEBUG 15660 --- [ai-gateway] [nio-9988-exec-4] o.s.w.s.m.m.a.HttpEntityMethodProcessor  : Writing ["event: response.created<EOL>data: {"type":"response.created","response":{"id":"resp_0c73b42ccbbf0bc50169 (truncated)..."]
2026-04-15T19:32:20.481+08:00 DEBUG 15660 --- [ai-gateway] [nio-9988-exec-4] o.s.web.servlet.DispatcherServlet        : Completed 200 OK
2026-04-15T19:32:25.867+08:00 DEBUG 15660 --- [ai-gateway] [nio-9988-exec-2] o.s.web.servlet.DispatcherServlet        : POST "/v1/responses", parameters={}
2026-04-15T19:32:25.868+08:00 DEBUG 15660 --- [ai-gateway] [nio-9988-exec-2] s.w.s.m.m.a.RequestMappingHandlerMapping : Mapped to com.zxw.modules.gateway.controller.GatewayChatController#responses(String, String, HttpServletRequest)
2026-04-15T19:32:32.015+08:00 DEBUG 15660 --- [ai-gateway] [nio-9988-exec-2] m.m.a.RequestResponseBodyMethodProcessor : Read "application/json;charset=UTF-8" to ["{"model":"gpt-5.4","instructions":"You are Codex, a coding agent based on GPT-5. You and the user sh (truncated)..."]
2026-04-15T19:32:32.017+08:00 DEBUG 15660 --- [ai-gateway] [nio-9988-exec-2] o.s.jdbc.core.JdbcTemplate               : Executing prepared SQL query
2026-04-15T19:32:32.018+08:00 DEBUG 15660 --- [ai-gateway] [nio-9988-exec-2] o.s.jdbc.core.JdbcTemplate               : Executing prepared SQL statement [select k.id, k.user_id, k.secret_hash, k.status, k.total_quota, k.used_quota, k.expires_at,
       u.username, u.role_code, coalesce(w.balance, 0) as balance
from api_keys k
join users u on u.id = k.user_id and u.deleted = 0
left join wallets w on w.user_id = u.id
where k.access_key = ? and k.deleted = 0
]
2026-04-15T19:32:32.086+08:00 DEBUG 15660 --- [ai-gateway] [nio-9988-exec-2] o.s.jdbc.core.JdbcTemplate               : Executing prepared SQL update
2026-04-15T19:32:32.087+08:00 DEBUG 15660 --- [ai-gateway] [nio-9988-exec-2] o.s.jdbc.core.JdbcTemplate               : Executing prepared SQL statement [update api_keys set last_used_at = now(), updated_at = now() where id = ?]
2026-04-15T19:32:32.093+08:00 DEBUG 15660 --- [ai-gateway] [nio-9988-exec-2] o.s.jdbc.core.JdbcTemplate               : Executing prepared SQL query
2026-04-15T19:32:32.094+08:00 DEBUG 15660 --- [ai-gateway] [nio-9988-exec-2] o.s.jdbc.core.JdbcTemplate               : Executing prepared SQL statement [select m.id as model_id, m.model_code, m.model_name, m.prompt_price, m.completion_price,
       m.request_price, m.multiplier, p.id as provider_id, p.provider_name, p.base_url, p.provider_type,
       p.timeout_ms, r.upstream_model, t.id as provider_token_id, t.token_value_encrypted
from models m
join model_routes r on r.model_id = m.id and r.status = 'ACTIVE'
join providers p on p.id = r.provider_id and p.deleted = 0 and p.status = 'ACTIVE'
join provider_tokens t on t.provider_id = p.id and t.deleted = 0 and t.status = 'ACTIVE'
where m.model_code = ? and m.deleted = 0 and m.status = 'ACTIVE'
order by r.priority_no asc, t.weight_no desc, t.id asc
limit 1
]
2026-04-15T19:32:43.684+08:00 DEBUG 15660 --- [ai-gateway] [nio-9988-exec-2] o.s.jdbc.core.JdbcTemplate               : Executing prepared SQL update
2026-04-15T19:32:43.685+08:00 DEBUG 15660 --- [ai-gateway] [nio-9988-exec-2] o.s.jdbc.core.JdbcTemplate               : Executing prepared SQL statement [insert into request_logs (request_id, user_id, api_key_id, model_code, provider_id, provider_token_id, upstream_model,
                          request_path, request_method, request_ip, request_body_json, response_body_json,
                          prompt_tokens, completion_tokens, total_tokens, user_amount, cost_amount, latency_ms,
                          success, status_code, error_message, request_date, created_at)
values (?, ?, ?, ?, ?, ?, ?, ?, ?, ?, cast(? as json), cast(? as json), ?, ?, ?, ?, ?, ?, ?, ?, ?, ?, now())
]
2026-04-15T19:32:43.686+08:00 DEBUG 15660 --- [ai-gateway] [nio-9988-exec-2] o.s.jdbc.core.StatementCreatorUtils      : JDBC getParameterType call failed - using fallback method instead: java.sql.SQLException: Parameter metadata not available for the given statement
2026-04-15T19:32:43.753+08:00 DEBUG 15660 --- [ai-gateway] [nio-9988-exec-2] o.s.jdbc.core.JdbcTemplate               : Executing prepared SQL update
2026-04-15T19:32:43.754+08:00 DEBUG 15660 --- [ai-gateway] [nio-9988-exec-2] o.s.jdbc.core.JdbcTemplate               : Executing prepared SQL statement [update wallets
set balance = balance - ?, total_consume = total_consume + ?, updated_at = now()
where user_id = ?
]
2026-04-15T19:32:43.756+08:00 DEBUG 15660 --- [ai-gateway] [nio-9988-exec-2] o.s.jdbc.core.JdbcTemplate               : Executing prepared SQL query
2026-04-15T19:32:43.757+08:00 DEBUG 15660 --- [ai-gateway] [nio-9988-exec-2] o.s.jdbc.core.JdbcTemplate               : Executing prepared SQL statement [select id from wallets where user_id = ?]
2026-04-15T19:32:43.758+08:00 DEBUG 15660 --- [ai-gateway] [nio-9988-exec-2] o.s.jdbc.core.JdbcTemplate               : Executing prepared SQL query
2026-04-15T19:32:43.759+08:00 DEBUG 15660 --- [ai-gateway] [nio-9988-exec-2] o.s.jdbc.core.JdbcTemplate               : Executing prepared SQL statement [select balance from wallets where user_id = ?]
2026-04-15T19:32:43.761+08:00 DEBUG 15660 --- [ai-gateway] [nio-9988-exec-2] o.s.jdbc.core.JdbcTemplate               : Executing prepared SQL update
2026-04-15T19:32:43.762+08:00 DEBUG 15660 --- [ai-gateway] [nio-9988-exec-2] o.s.jdbc.core.JdbcTemplate               : Executing prepared SQL statement [insert into transactions (user_id, wallet_id, order_no, transaction_type, direction, amount,
                          balance_before, balance_after, status, description_text, transaction_date)
values (?, ?, ?, 'CONSUME', 'OUT', ?, ?, ?, 'SUCCESS', ?, curdate())
]
2026-04-15T19:32:43.764+08:00 DEBUG 15660 --- [ai-gateway] [nio-9988-exec-2] o.s.jdbc.core.JdbcTemplate               : Executing prepared SQL update
2026-04-15T19:32:43.765+08:00 DEBUG 15660 --- [ai-gateway] [nio-9988-exec-2] o.s.jdbc.core.JdbcTemplate               : Executing prepared SQL statement [update api_keys
set used_quota = used_quota + ?, updated_at = now()
where id = ?
]
2026-04-15T19:32:43.767+08:00 DEBUG 15660 --- [ai-gateway] [nio-9988-exec-2] o.s.jdbc.core.JdbcTemplate               : Executing prepared SQL update
2026-04-15T19:32:43.767+08:00 DEBUG 15660 --- [ai-gateway] [nio-9988-exec-2] o.s.jdbc.core.JdbcTemplate               : Executing prepared SQL statement [insert into usage_daily (stat_date, user_id, model_code, provider_id, request_count, success_count, total_tokens, user_amount, cost_amount)
values (?, ?, ?, ?, 1, ?, ?, ?, ?)
on duplicate key update
    request_count = request_count + 1,
    success_count = success_count + values(success_count),
    total_tokens = total_tokens + values(total_tokens),
    user_amount = user_amount + values(user_amount),
    cost_amount = cost_amount + values(cost_amount),
    updated_at = now()
]
2026-04-15T19:32:43.769+08:00 DEBUG 15660 --- [ai-gateway] [nio-9988-exec-2] o.s.jdbc.core.JdbcTemplate               : SQLWarning ignored: SQL state 'HY000', error code '1287', message ['VALUES function' is deprecated and will be removed in a future release. Please use an alias (INSERT INTO ... VALUES (...) AS alias) and replace VALUES(col) in the ON DUPLICATE KEY UPDATE clause with alias.col instead]
2026-04-15T19:32:43.770+08:00 DEBUG 15660 --- [ai-gateway] [nio-9988-exec-2] o.s.jdbc.core.JdbcTemplate               : SQLWarning ignored: SQL state 'HY000', error code '1287', message ['VALUES function' is deprecated and will be removed in a future release. Please use an alias (INSERT INTO ... VALUES (...) AS alias) and replace VALUES(col) in the ON DUPLICATE KEY UPDATE clause with alias.col instead]
2026-04-15T19:32:43.770+08:00 DEBUG 15660 --- [ai-gateway] [nio-9988-exec-2] o.s.jdbc.core.JdbcTemplate               : SQLWarning ignored: SQL state 'HY000', error code '1287', message ['VALUES function' is deprecated and will be removed in a future release. Please use an alias (INSERT INTO ... VALUES (...) AS alias) and replace VALUES(col) in the ON DUPLICATE KEY UPDATE clause with alias.col instead]
2026-04-15T19:32:43.770+08:00 DEBUG 15660 --- [ai-gateway] [nio-9988-exec-2] o.s.jdbc.core.JdbcTemplate               : SQLWarning ignored: SQL state 'HY000', error code '1287', message ['VALUES function' is deprecated and will be removed in a future release. Please use an alias (INSERT INTO ... VALUES (...) AS alias) and replace VALUES(col) in the ON DUPLICATE KEY UPDATE clause with alias.col instead]
2026-04-15T19:32:43.771+08:00 DEBUG 15660 --- [ai-gateway] [nio-9988-exec-2] o.s.w.s.m.m.a.HttpEntityMethodProcessor  : Found 'Content-Type:text/event-stream;charset=UTF-8' in response
2026-04-15T19:32:43.771+08:00 DEBUG 15660 --- [ai-gateway] [nio-9988-exec-2] o.s.w.s.m.m.a.HttpEntityMethodProcessor  : Writing ["event: response.created<EOL>data: {"type":"response.created","response":{"id":"resp_0f16907fb6c9c78c0169 (truncated)..."]
2026-04-15T19:32:43.775+08:00 DEBUG 15660 --- [ai-gateway] [nio-9988-exec-2] o.s.web.servlet.DispatcherServlet        : Completed 200 OK
2026-04-15T19:32:48.820+08:00 DEBUG 15660 --- [ai-gateway] [nio-9988-exec-7] o.s.web.servlet.DispatcherServlet        : POST "/v1/responses", parameters={}
2026-04-15T19:32:48.821+08:00 DEBUG 15660 --- [ai-gateway] [nio-9988-exec-7] s.w.s.m.m.a.RequestMappingHandlerMapping : Mapped to com.zxw.modules.gateway.controller.GatewayChatController#responses(String, String, HttpServletRequest)
2026-04-15T19:32:55.026+08:00 DEBUG 15660 --- [ai-gateway] [nio-9988-exec-7] m.m.a.RequestResponseBodyMethodProcessor : Read "application/json;charset=UTF-8" to ["{"model":"gpt-5.4","instructions":"You are Codex, a coding agent based on GPT-5. You and the user sh (truncated)..."]
2026-04-15T19:32:55.028+08:00 DEBUG 15660 --- [ai-gateway] [nio-9988-exec-7] o.s.jdbc.core.JdbcTemplate               : Executing prepared SQL query
2026-04-15T19:32:55.030+08:00 DEBUG 15660 --- [ai-gateway] [nio-9988-exec-7] o.s.jdbc.core.JdbcTemplate               : Executing prepared SQL statement [select k.id, k.user_id, k.secret_hash, k.status, k.total_quota, k.used_quota, k.expires_at,
       u.username, u.role_code, coalesce(w.balance, 0) as balance
from api_keys k
join users u on u.id = k.user_id and u.deleted = 0
left join wallets w on w.user_id = u.id
where k.access_key = ? and k.deleted = 0
]
2026-04-15T19:32:55.096+08:00 DEBUG 15660 --- [ai-gateway] [nio-9988-exec-7] o.s.jdbc.core.JdbcTemplate               : Executing prepared SQL update
2026-04-15T19:32:55.097+08:00 DEBUG 15660 --- [ai-gateway] [nio-9988-exec-7] o.s.jdbc.core.JdbcTemplate               : Executing prepared SQL statement [update api_keys set last_used_at = now(), updated_at = now() where id = ?]
2026-04-15T19:32:55.101+08:00 DEBUG 15660 --- [ai-gateway] [nio-9988-exec-7] o.s.jdbc.core.JdbcTemplate               : Executing prepared SQL query
2026-04-15T19:32:55.102+08:00 DEBUG 15660 --- [ai-gateway] [nio-9988-exec-7] o.s.jdbc.core.JdbcTemplate               : Executing prepared SQL statement [select m.id as model_id, m.model_code, m.model_name, m.prompt_price, m.completion_price,
       m.request_price, m.multiplier, p.id as provider_id, p.provider_name, p.base_url, p.provider_type,
       p.timeout_ms, r.upstream_model, t.id as provider_token_id, t.token_value_encrypted
from models m
join model_routes r on r.model_id = m.id and r.status = 'ACTIVE'
join providers p on p.id = r.provider_id and p.deleted = 0 and p.status = 'ACTIVE'
join provider_tokens t on t.provider_id = p.id and t.deleted = 0 and t.status = 'ACTIVE'
where m.model_code = ? and m.deleted = 0 and m.status = 'ACTIVE'
order by r.priority_no asc, t.weight_no desc, t.id asc
limit 1
]
2026-04-15T19:33:07.997+08:00 DEBUG 15660 --- [ai-gateway] [nio-9988-exec-7] o.s.jdbc.core.JdbcTemplate               : Executing prepared SQL update
2026-04-15T19:33:07.999+08:00 DEBUG 15660 --- [ai-gateway] [nio-9988-exec-7] o.s.jdbc.core.JdbcTemplate               : Executing prepared SQL statement [insert into request_logs (request_id, user_id, api_key_id, model_code, provider_id, provider_token_id, upstream_model,
                          request_path, request_method, request_ip, request_body_json, response_body_json,
                          prompt_tokens, completion_tokens, total_tokens, user_amount, cost_amount, latency_ms,
                          success, status_code, error_message, request_date, created_at)
values (?, ?, ?, ?, ?, ?, ?, ?, ?, ?, cast(? as json), cast(? as json), ?, ?, ?, ?, ?, ?, ?, ?, ?, ?, now())
]
2026-04-15T19:33:08.000+08:00 DEBUG 15660 --- [ai-gateway] [nio-9988-exec-7] o.s.jdbc.core.StatementCreatorUtils      : JDBC getParameterType call failed - using fallback method instead: java.sql.SQLException: Parameter metadata not available for the given statement
2026-04-15T19:33:08.036+08:00 DEBUG 15660 --- [ai-gateway] [nio-9988-exec-7] o.s.jdbc.core.JdbcTemplate               : Executing prepared SQL update
2026-04-15T19:33:08.037+08:00 DEBUG 15660 --- [ai-gateway] [nio-9988-exec-7] o.s.jdbc.core.JdbcTemplate               : Executing prepared SQL statement [update wallets
set balance = balance - ?, total_consume = total_consume + ?, updated_at = now()
where user_id = ?
]
2026-04-15T19:33:08.040+08:00 DEBUG 15660 --- [ai-gateway] [nio-9988-exec-7] o.s.jdbc.core.JdbcTemplate               : Executing prepared SQL query
2026-04-15T19:33:08.041+08:00 DEBUG 15660 --- [ai-gateway] [nio-9988-exec-7] o.s.jdbc.core.JdbcTemplate               : Executing prepared SQL statement [select id from wallets where user_id = ?]
2026-04-15T19:33:08.043+08:00 DEBUG 15660 --- [ai-gateway] [nio-9988-exec-7] o.s.jdbc.core.JdbcTemplate               : Executing prepared SQL query
2026-04-15T19:33:08.043+08:00 DEBUG 15660 --- [ai-gateway] [nio-9988-exec-7] o.s.jdbc.core.JdbcTemplate               : Executing prepared SQL statement [select balance from wallets where user_id = ?]
2026-04-15T19:33:08.044+08:00 DEBUG 15660 --- [ai-gateway] [nio-9988-exec-7] o.s.jdbc.core.JdbcTemplate               : Executing prepared SQL update
2026-04-15T19:33:08.045+08:00 DEBUG 15660 --- [ai-gateway] [nio-9988-exec-7] o.s.jdbc.core.JdbcTemplate               : Executing prepared SQL statement [insert into transactions (user_id, wallet_id, order_no, transaction_type, direction, amount,
                          balance_before, balance_after, status, description_text, transaction_date)
values (?, ?, ?, 'CONSUME', 'OUT', ?, ?, ?, 'SUCCESS', ?, curdate())
]
2026-04-15T19:33:08.047+08:00 DEBUG 15660 --- [ai-gateway] [nio-9988-exec-7] o.s.jdbc.core.JdbcTemplate               : Executing prepared SQL update
2026-04-15T19:33:08.048+08:00 DEBUG 15660 --- [ai-gateway] [nio-9988-exec-7] o.s.jdbc.core.JdbcTemplate               : Executing prepared SQL statement [update api_keys
set used_quota = used_quota + ?, updated_at = now()
where id = ?
]
2026-04-15T19:33:08.049+08:00 DEBUG 15660 --- [ai-gateway] [nio-9988-exec-7] o.s.jdbc.core.JdbcTemplate               : Executing prepared SQL update
2026-04-15T19:33:08.050+08:00 DEBUG 15660 --- [ai-gateway] [nio-9988-exec-7] o.s.jdbc.core.JdbcTemplate               : Executing prepared SQL statement [insert into usage_daily (stat_date, user_id, model_code, provider_id, request_count, success_count, total_tokens, user_amount, cost_amount)
values (?, ?, ?, ?, 1, ?, ?, ?, ?)
on duplicate key update
    request_count = request_count + 1,
    success_count = success_count + values(success_count),
    total_tokens = total_tokens + values(total_tokens),
    user_amount = user_amount + values(user_amount),
    cost_amount = cost_amount + values(cost_amount),
    updated_at = now()
]
2026-04-15T19:33:08.051+08:00 DEBUG 15660 --- [ai-gateway] [nio-9988-exec-7] o.s.jdbc.core.JdbcTemplate               : SQLWarning ignored: SQL state 'HY000', error code '1287', message ['VALUES function' is deprecated and will be removed in a future release. Please use an alias (INSERT INTO ... VALUES (...) AS alias) and replace VALUES(col) in the ON DUPLICATE KEY UPDATE clause with alias.col instead]
2026-04-15T19:33:08.052+08:00 DEBUG 15660 --- [ai-gateway] [nio-9988-exec-7] o.s.jdbc.core.JdbcTemplate               : SQLWarning ignored: SQL state 'HY000', error code '1287', message ['VALUES function' is deprecated and will be removed in a future release. Please use an alias (INSERT INTO ... VALUES (...) AS alias) and replace VALUES(col) in the ON DUPLICATE KEY UPDATE clause with alias.col instead]
2026-04-15T19:33:08.053+08:00 DEBUG 15660 --- [ai-gateway] [nio-9988-exec-7] o.s.jdbc.core.JdbcTemplate               : SQLWarning ignored: SQL state 'HY000', error code '1287', message ['VALUES function' is deprecated and will be removed in a future release. Please use an alias (INSERT INTO ... VALUES (...) AS alias) and replace VALUES(col) in the ON DUPLICATE KEY UPDATE clause with alias.col instead]
2026-04-15T19:33:08.053+08:00 DEBUG 15660 --- [ai-gateway] [nio-9988-exec-7] o.s.jdbc.core.JdbcTemplate               : SQLWarning ignored: SQL state 'HY000', error code '1287', message ['VALUES function' is deprecated and will be removed in a future release. Please use an alias (INSERT INTO ... VALUES (...) AS alias) and replace VALUES(col) in the ON DUPLICATE KEY UPDATE clause with alias.col instead]
2026-04-15T19:33:08.054+08:00 DEBUG 15660 --- [ai-gateway] [nio-9988-exec-7] o.s.w.s.m.m.a.HttpEntityMethodProcessor  : Found 'Content-Type:text/event-stream;charset=UTF-8' in response
2026-04-15T19:33:08.054+08:00 DEBUG 15660 --- [ai-gateway] [nio-9988-exec-7] o.s.w.s.m.m.a.HttpEntityMethodProcessor  : Writing ["event: response.created<EOL>data: {"type":"response.created","response":{"id":"resp_0d81252b45ce0fc60169 (truncated)..."]
2026-04-15T19:33:08.059+08:00 DEBUG 15660 --- [ai-gateway] [nio-9988-exec-7] o.s.web.servlet.DispatcherServlet        : Completed 200 OK
2026-04-15T19:33:22.337+08:00 DEBUG 15660 --- [ai-gateway] [nio-9988-exec-6] o.s.web.servlet.DispatcherServlet        : POST "/v1/responses", parameters={}
2026-04-15T19:33:22.339+08:00 DEBUG 15660 --- [ai-gateway] [nio-9988-exec-6] s.w.s.m.m.a.RequestMappingHandlerMapping : Mapped to com.zxw.modules.gateway.controller.GatewayChatController#responses(String, String, HttpServletRequest)
2026-04-15T19:33:28.720+08:00 DEBUG 15660 --- [ai-gateway] [nio-9988-exec-6] m.m.a.RequestResponseBodyMethodProcessor : Read "application/json;charset=UTF-8" to ["{"model":"gpt-5.4","instructions":"You are Codex, a coding agent based on GPT-5. You and the user sh (truncated)..."]
2026-04-15T19:33:28.722+08:00 DEBUG 15660 --- [ai-gateway] [nio-9988-exec-6] o.s.jdbc.core.JdbcTemplate               : Executing prepared SQL query
2026-04-15T19:33:28.723+08:00 DEBUG 15660 --- [ai-gateway] [nio-9988-exec-6] o.s.jdbc.core.JdbcTemplate               : Executing prepared SQL statement [select k.id, k.user_id, k.secret_hash, k.status, k.total_quota, k.used_quota, k.expires_at,
       u.username, u.role_code, coalesce(w.balance, 0) as balance
from api_keys k
join users u on u.id = k.user_id and u.deleted = 0
left join wallets w on w.user_id = u.id
where k.access_key = ? and k.deleted = 0
]
2026-04-15T19:33:28.788+08:00 DEBUG 15660 --- [ai-gateway] [nio-9988-exec-6] o.s.jdbc.core.JdbcTemplate               : Executing prepared SQL update
2026-04-15T19:33:28.789+08:00 DEBUG 15660 --- [ai-gateway] [nio-9988-exec-6] o.s.jdbc.core.JdbcTemplate               : Executing prepared SQL statement [update api_keys set last_used_at = now(), updated_at = now() where id = ?]
2026-04-15T19:33:28.795+08:00 DEBUG 15660 --- [ai-gateway] [nio-9988-exec-6] o.s.jdbc.core.JdbcTemplate               : Executing prepared SQL query
2026-04-15T19:33:28.796+08:00 DEBUG 15660 --- [ai-gateway] [nio-9988-exec-6] o.s.jdbc.core.JdbcTemplate               : Executing prepared SQL statement [select m.id as model_id, m.model_code, m.model_name, m.prompt_price, m.completion_price,
       m.request_price, m.multiplier, p.id as provider_id, p.provider_name, p.base_url, p.provider_type,
       p.timeout_ms, r.upstream_model, t.id as provider_token_id, t.token_value_encrypted
from models m
join model_routes r on r.model_id = m.id and r.status = 'ACTIVE'
join providers p on p.id = r.provider_id and p.deleted = 0 and p.status = 'ACTIVE'
join provider_tokens t on t.provider_id = p.id and t.deleted = 0 and t.status = 'ACTIVE'
where m.model_code = ? and m.deleted = 0 and m.status = 'ACTIVE'
order by r.priority_no asc, t.weight_no desc, t.id asc
limit 1
]
2026-04-15T19:33:49.687+08:00 DEBUG 15660 --- [ai-gateway] [nio-9988-exec-6] o.s.jdbc.core.JdbcTemplate               : Executing prepared SQL update
2026-04-15T19:33:49.690+08:00 DEBUG 15660 --- [ai-gateway] [nio-9988-exec-6] o.s.jdbc.core.JdbcTemplate               : Executing prepared SQL statement [insert into request_logs (request_id, user_id, api_key_id, model_code, provider_id, provider_token_id, upstream_model,
                          request_path, request_method, request_ip, request_body_json, response_body_json,
                          prompt_tokens, completion_tokens, total_tokens, user_amount, cost_amount, latency_ms,
                          success, status_code, error_message, request_date, created_at)
values (?, ?, ?, ?, ?, ?, ?, ?, ?, ?, cast(? as json), cast(? as json), ?, ?, ?, ?, ?, ?, ?, ?, ?, ?, now())
]
2026-04-15T19:33:49.691+08:00 DEBUG 15660 --- [ai-gateway] [nio-9988-exec-6] o.s.jdbc.core.StatementCreatorUtils      : JDBC getParameterType call failed - using fallback method instead: java.sql.SQLException: Parameter metadata not available for the given statement
2026-04-15T19:33:49.723+08:00 DEBUG 15660 --- [ai-gateway] [nio-9988-exec-6] o.s.jdbc.core.JdbcTemplate               : Executing prepared SQL update
2026-04-15T19:33:49.724+08:00 DEBUG 15660 --- [ai-gateway] [nio-9988-exec-6] o.s.jdbc.core.JdbcTemplate               : Executing prepared SQL statement [update wallets
set balance = balance - ?, total_consume = total_consume + ?, updated_at = now()
where user_id = ?
]
2026-04-15T19:33:49.727+08:00 DEBUG 15660 --- [ai-gateway] [nio-9988-exec-6] o.s.jdbc.core.JdbcTemplate               : Executing prepared SQL query
2026-04-15T19:33:49.727+08:00 DEBUG 15660 --- [ai-gateway] [nio-9988-exec-6] o.s.jdbc.core.JdbcTemplate               : Executing prepared SQL statement [select id from wallets where user_id = ?]
2026-04-15T19:33:49.728+08:00 DEBUG 15660 --- [ai-gateway] [nio-9988-exec-6] o.s.jdbc.core.JdbcTemplate               : Executing prepared SQL query
2026-04-15T19:33:49.729+08:00 DEBUG 15660 --- [ai-gateway] [nio-9988-exec-6] o.s.jdbc.core.JdbcTemplate               : Executing prepared SQL statement [select balance from wallets where user_id = ?]
2026-04-15T19:33:49.730+08:00 DEBUG 15660 --- [ai-gateway] [nio-9988-exec-6] o.s.jdbc.core.JdbcTemplate               : Executing prepared SQL update
2026-04-15T19:33:49.730+08:00 DEBUG 15660 --- [ai-gateway] [nio-9988-exec-6] o.s.jdbc.core.JdbcTemplate               : Executing prepared SQL statement [insert into transactions (user_id, wallet_id, order_no, transaction_type, direction, amount,
                          balance_before, balance_after, status, description_text, transaction_date)
values (?, ?, ?, 'CONSUME', 'OUT', ?, ?, ?, 'SUCCESS', ?, curdate())
]
2026-04-15T19:33:49.732+08:00 DEBUG 15660 --- [ai-gateway] [nio-9988-exec-6] o.s.jdbc.core.JdbcTemplate               : Executing prepared SQL update
2026-04-15T19:33:49.732+08:00 DEBUG 15660 --- [ai-gateway] [nio-9988-exec-6] o.s.jdbc.core.JdbcTemplate               : Executing prepared SQL statement [update api_keys
set used_quota = used_quota + ?, updated_at = now()
where id = ?
]
2026-04-15T19:33:49.734+08:00 DEBUG 15660 --- [ai-gateway] [nio-9988-exec-6] o.s.jdbc.core.JdbcTemplate               : Executing prepared SQL update
2026-04-15T19:33:49.735+08:00 DEBUG 15660 --- [ai-gateway] [nio-9988-exec-6] o.s.jdbc.core.JdbcTemplate               : Executing prepared SQL statement [insert into usage_daily (stat_date, user_id, model_code, provider_id, request_count, success_count, total_tokens, user_amount, cost_amount)
values (?, ?, ?, ?, 1, ?, ?, ?, ?)
on duplicate key update
    request_count = request_count + 1,
    success_count = success_count + values(success_count),
    total_tokens = total_tokens + values(total_tokens),
    user_amount = user_amount + values(user_amount),
    cost_amount = cost_amount + values(cost_amount),
    updated_at = now()
]
2026-04-15T19:33:49.738+08:00 DEBUG 15660 --- [ai-gateway] [nio-9988-exec-6] o.s.jdbc.core.JdbcTemplate               : SQLWarning ignored: SQL state 'HY000', error code '1287', message ['VALUES function' is deprecated and will be removed in a future release. Please use an alias (INSERT INTO ... VALUES (...) AS alias) and replace VALUES(col) in the ON DUPLICATE KEY UPDATE clause with alias.col instead]
2026-04-15T19:33:49.739+08:00 DEBUG 15660 --- [ai-gateway] [nio-9988-exec-6] o.s.jdbc.core.JdbcTemplate               : SQLWarning ignored: SQL state 'HY000', error code '1287', message ['VALUES function' is deprecated and will be removed in a future release. Please use an alias (INSERT INTO ... VALUES (...) AS alias) and replace VALUES(col) in the ON DUPLICATE KEY UPDATE clause with alias.col instead]
2026-04-15T19:33:49.740+08:00 DEBUG 15660 --- [ai-gateway] [nio-9988-exec-6] o.s.jdbc.core.JdbcTemplate               : SQLWarning ignored: SQL state 'HY000', error code '1287', message ['VALUES function' is deprecated and will be removed in a future release. Please use an alias (INSERT INTO ... VALUES (...) AS alias) and replace VALUES(col) in the ON DUPLICATE KEY UPDATE clause with alias.col instead]
2026-04-15T19:33:49.740+08:00 DEBUG 15660 --- [ai-gateway] [nio-9988-exec-6] o.s.jdbc.core.JdbcTemplate               : SQLWarning ignored: SQL state 'HY000', error code '1287', message ['VALUES function' is deprecated and will be removed in a future release. Please use an alias (INSERT INTO ... VALUES (...) AS alias) and replace VALUES(col) in the ON DUPLICATE KEY UPDATE clause with alias.col instead]
2026-04-15T19:33:49.741+08:00 DEBUG 15660 --- [ai-gateway] [nio-9988-exec-6] o.s.w.s.m.m.a.HttpEntityMethodProcessor  : Found 'Content-Type:text/event-stream;charset=UTF-8' in response
2026-04-15T19:33:49.742+08:00 DEBUG 15660 --- [ai-gateway] [nio-9988-exec-6] o.s.w.s.m.m.a.HttpEntityMethodProcessor  : Writing ["event: response.created<EOL>data: {"type":"response.created","response":{"id":"resp_04692d2a7f55a88d0169 (truncated)..."]
2026-04-15T19:33:49.744+08:00 DEBUG 15660 --- [ai-gateway] [nio-9988-exec-6] o.s.web.servlet.DispatcherServlet        : Completed 200 OK
2026-04-15T19:34:28.227+08:00 DEBUG 15660 --- [ai-gateway] [nio-9988-exec-8] o.s.web.servlet.DispatcherServlet        : POST "/v1/responses", parameters={}
2026-04-15T19:34:28.229+08:00 DEBUG 15660 --- [ai-gateway] [nio-9988-exec-8] s.w.s.m.m.a.RequestMappingHandlerMapping : Mapped to com.zxw.modules.gateway.controller.GatewayChatController#responses(String, String, HttpServletRequest)
2026-04-15T19:34:34.660+08:00 DEBUG 15660 --- [ai-gateway] [nio-9988-exec-8] m.m.a.RequestResponseBodyMethodProcessor : Read "application/json;charset=UTF-8" to ["{"model":"gpt-5.4","instructions":"You are Codex, a coding agent based on GPT-5. You and the user sh (truncated)..."]
2026-04-15T19:34:34.661+08:00 DEBUG 15660 --- [ai-gateway] [nio-9988-exec-8] o.s.jdbc.core.JdbcTemplate               : Executing prepared SQL query
2026-04-15T19:34:34.662+08:00 DEBUG 15660 --- [ai-gateway] [nio-9988-exec-8] o.s.jdbc.core.JdbcTemplate               : Executing prepared SQL statement [select k.id, k.user_id, k.secret_hash, k.status, k.total_quota, k.used_quota, k.expires_at,
       u.username, u.role_code, coalesce(w.balance, 0) as balance
from api_keys k
join users u on u.id = k.user_id and u.deleted = 0
left join wallets w on w.user_id = u.id
where k.access_key = ? and k.deleted = 0
]
2026-04-15T19:34:34.811+08:00 DEBUG 15660 --- [ai-gateway] [nio-9988-exec-8] o.s.jdbc.core.JdbcTemplate               : Executing prepared SQL update
2026-04-15T19:34:34.813+08:00 DEBUG 15660 --- [ai-gateway] [nio-9988-exec-8] o.s.jdbc.core.JdbcTemplate               : Executing prepared SQL statement [update api_keys set last_used_at = now(), updated_at = now() where id = ?]
2026-04-15T19:34:34.823+08:00 DEBUG 15660 --- [ai-gateway] [nio-9988-exec-8] o.s.jdbc.core.JdbcTemplate               : Executing prepared SQL query
2026-04-15T19:34:34.825+08:00 DEBUG 15660 --- [ai-gateway] [nio-9988-exec-8] o.s.jdbc.core.JdbcTemplate               : Executing prepared SQL statement [select m.id as model_id, m.model_code, m.model_name, m.prompt_price, m.completion_price,
       m.request_price, m.multiplier, p.id as provider_id, p.provider_name, p.base_url, p.provider_type,
       p.timeout_ms, r.upstream_model, t.id as provider_token_id, t.token_value_encrypted
from models m
join model_routes r on r.model_id = m.id and r.status = 'ACTIVE'
join providers p on p.id = r.provider_id and p.deleted = 0 and p.status = 'ACTIVE'
join provider_tokens t on t.provider_id = p.id and t.deleted = 0 and t.status = 'ACTIVE'
where m.model_code = ? and m.deleted = 0 and m.status = 'ACTIVE'
order by r.priority_no asc, t.weight_no desc, t.id asc
limit 1
]
2026-04-15T19:34:51.810+08:00 DEBUG 15660 --- [ai-gateway] [nio-9988-exec-8] o.s.jdbc.core.JdbcTemplate               : Executing prepared SQL update
2026-04-15T19:34:51.811+08:00 DEBUG 15660 --- [ai-gateway] [nio-9988-exec-8] o.s.jdbc.core.JdbcTemplate               : Executing prepared SQL statement [insert into request_logs (request_id, user_id, api_key_id, model_code, provider_id, provider_token_id, upstream_model,
                          request_path, request_method, request_ip, request_body_json, response_body_json,
                          prompt_tokens, completion_tokens, total_tokens, user_amount, cost_amount, latency_ms,
                          success, status_code, error_message, request_date, created_at)
values (?, ?, ?, ?, ?, ?, ?, ?, ?, ?, cast(? as json), cast(? as json), ?, ?, ?, ?, ?, ?, ?, ?, ?, ?, now())
]
2026-04-15T19:34:51.814+08:00 DEBUG 15660 --- [ai-gateway] [nio-9988-exec-8] o.s.jdbc.core.StatementCreatorUtils      : JDBC getParameterType call failed - using fallback method instead: java.sql.SQLException: Parameter metadata not available for the given statement
2026-04-15T19:34:51.947+08:00 DEBUG 15660 --- [ai-gateway] [nio-9988-exec-8] o.s.jdbc.core.JdbcTemplate               : Executing prepared SQL update
2026-04-15T19:34:51.948+08:00 DEBUG 15660 --- [ai-gateway] [nio-9988-exec-8] o.s.jdbc.core.JdbcTemplate               : Executing prepared SQL statement [update wallets
set balance = balance - ?, total_consume = total_consume + ?, updated_at = now()
where user_id = ?
]
2026-04-15T19:34:51.954+08:00 DEBUG 15660 --- [ai-gateway] [nio-9988-exec-8] o.s.jdbc.core.JdbcTemplate               : Executing prepared SQL query
2026-04-15T19:34:51.955+08:00 DEBUG 15660 --- [ai-gateway] [nio-9988-exec-8] o.s.jdbc.core.JdbcTemplate               : Executing prepared SQL statement [select id from wallets where user_id = ?]
2026-04-15T19:34:51.958+08:00 DEBUG 15660 --- [ai-gateway] [nio-9988-exec-8] o.s.jdbc.core.JdbcTemplate               : Executing prepared SQL query
2026-04-15T19:34:51.959+08:00 DEBUG 15660 --- [ai-gateway] [nio-9988-exec-8] o.s.jdbc.core.JdbcTemplate               : Executing prepared SQL statement [select balance from wallets where user_id = ?]
2026-04-15T19:34:51.960+08:00 DEBUG 15660 --- [ai-gateway] [nio-9988-exec-8] o.s.jdbc.core.JdbcTemplate               : Executing prepared SQL update
2026-04-15T19:34:51.961+08:00 DEBUG 15660 --- [ai-gateway] [nio-9988-exec-8] o.s.jdbc.core.JdbcTemplate               : Executing prepared SQL statement [insert into transactions (user_id, wallet_id, order_no, transaction_type, direction, amount,
                          balance_before, balance_after, status, description_text, transaction_date)
values (?, ?, ?, 'CONSUME', 'OUT', ?, ?, ?, 'SUCCESS', ?, curdate())
]
2026-04-15T19:34:51.968+08:00 DEBUG 15660 --- [ai-gateway] [nio-9988-exec-8] o.s.jdbc.core.JdbcTemplate               : Executing prepared SQL update
2026-04-15T19:34:51.969+08:00 DEBUG 15660 --- [ai-gateway] [nio-9988-exec-8] o.s.jdbc.core.JdbcTemplate               : Executing prepared SQL statement [update api_keys
set used_quota = used_quota + ?, updated_at = now()
where id = ?
]
2026-04-15T19:34:51.973+08:00 DEBUG 15660 --- [ai-gateway] [nio-9988-exec-8] o.s.jdbc.core.JdbcTemplate               : Executing prepared SQL update
2026-04-15T19:34:51.974+08:00 DEBUG 15660 --- [ai-gateway] [nio-9988-exec-8] o.s.jdbc.core.JdbcTemplate               : Executing prepared SQL statement [insert into usage_daily (stat_date, user_id, model_code, provider_id, request_count, success_count, total_tokens, user_amount, cost_amount)
values (?, ?, ?, ?, 1, ?, ?, ?, ?)
on duplicate key update
    request_count = request_count + 1,
    success_count = success_count + values(success_count),
    total_tokens = total_tokens + values(total_tokens),
    user_amount = user_amount + values(user_amount),
    cost_amount = cost_amount + values(cost_amount),
    updated_at = now()
]
2026-04-15T19:34:51.979+08:00 DEBUG 15660 --- [ai-gateway] [nio-9988-exec-8] o.s.jdbc.core.JdbcTemplate               : SQLWarning ignored: SQL state 'HY000', error code '1287', message ['VALUES function' is deprecated and will be removed in a future release. Please use an alias (INSERT INTO ... VALUES (...) AS alias) and replace VALUES(col) in the ON DUPLICATE KEY UPDATE clause with alias.col instead]
2026-04-15T19:34:51.980+08:00 DEBUG 15660 --- [ai-gateway] [nio-9988-exec-8] o.s.jdbc.core.JdbcTemplate               : SQLWarning ignored: SQL state 'HY000', error code '1287', message ['VALUES function' is deprecated and will be removed in a future release. Please use an alias (INSERT INTO ... VALUES (...) AS alias) and replace VALUES(col) in the ON DUPLICATE KEY UPDATE clause with alias.col instead]
2026-04-15T19:34:51.980+08:00 DEBUG 15660 --- [ai-gateway] [nio-9988-exec-8] o.s.jdbc.core.JdbcTemplate               : SQLWarning ignored: SQL state 'HY000', error code '1287', message ['VALUES function' is deprecated and will be removed in a future release. Please use an alias (INSERT INTO ... VALUES (...) AS alias) and replace VALUES(col) in the ON DUPLICATE KEY UPDATE clause with alias.col instead]
2026-04-15T19:34:51.980+08:00 DEBUG 15660 --- [ai-gateway] [nio-9988-exec-8] o.s.jdbc.core.JdbcTemplate               : SQLWarning ignored: SQL state 'HY000', error code '1287', message ['VALUES function' is deprecated and will be removed in a future release. Please use an alias (INSERT INTO ... VALUES (...) AS alias) and replace VALUES(col) in the ON DUPLICATE KEY UPDATE clause with alias.col instead]
2026-04-15T19:34:51.982+08:00 DEBUG 15660 --- [ai-gateway] [nio-9988-exec-8] o.s.w.s.m.m.a.HttpEntityMethodProcessor  : Found 'Content-Type:text/event-stream;charset=UTF-8' in response
2026-04-15T19:34:51.983+08:00 DEBUG 15660 --- [ai-gateway] [nio-9988-exec-8] o.s.w.s.m.m.a.HttpEntityMethodProcessor  : Writing ["event: response.created<EOL>data: {"type":"response.created","response":{"id":"resp_061bc88eb0659f4c0169 (truncated)..."]
2026-04-15T19:34:51.986+08:00 DEBUG 15660 --- [ai-gateway] [nio-9988-exec-8] o.s.web.servlet.DispatcherServlet        : Completed 200 OK
2026-04-15T19:48:09.954+08:00 DEBUG 15660 --- [ai-gateway] [nio-9988-exec-4] o.s.web.servlet.DispatcherServlet        : POST "/v1/responses", parameters={}
2026-04-15T19:48:10.017+08:00 DEBUG 15660 --- [ai-gateway] [nio-9988-exec-4] s.w.s.m.m.a.RequestMappingHandlerMapping : Mapped to com.zxw.modules.gateway.controller.GatewayChatController#responses(String, String, HttpServletRequest)
2026-04-15T19:48:16.412+08:00 DEBUG 15660 --- [ai-gateway] [nio-9988-exec-4] m.m.a.RequestResponseBodyMethodProcessor : Read "application/json;charset=UTF-8" to ["{"model":"gpt-5.4","instructions":"You are Codex, a coding agent based on GPT-5. You and the user sh (truncated)..."]
2026-04-15T19:48:16.414+08:00 DEBUG 15660 --- [ai-gateway] [nio-9988-exec-4] o.s.jdbc.core.JdbcTemplate               : Executing prepared SQL query
2026-04-15T19:48:16.415+08:00 DEBUG 15660 --- [ai-gateway] [nio-9988-exec-4] o.s.jdbc.core.JdbcTemplate               : Executing prepared SQL statement [select k.id, k.user_id, k.secret_hash, k.status, k.total_quota, k.used_quota, k.expires_at,
       u.username, u.role_code, coalesce(w.balance, 0) as balance
from api_keys k
join users u on u.id = k.user_id and u.deleted = 0
left join wallets w on w.user_id = u.id
where k.access_key = ? and k.deleted = 0
]
2026-04-15T19:48:16.498+08:00 DEBUG 15660 --- [ai-gateway] [nio-9988-exec-4] o.s.jdbc.core.JdbcTemplate               : Executing prepared SQL update
2026-04-15T19:48:16.500+08:00 DEBUG 15660 --- [ai-gateway] [nio-9988-exec-4] o.s.jdbc.core.JdbcTemplate               : Executing prepared SQL statement [update api_keys set last_used_at = now(), updated_at = now() where id = ?]
2026-04-15T19:48:16.507+08:00 DEBUG 15660 --- [ai-gateway] [nio-9988-exec-4] o.s.jdbc.core.JdbcTemplate               : Executing prepared SQL query
2026-04-15T19:48:16.508+08:00 DEBUG 15660 --- [ai-gateway] [nio-9988-exec-4] o.s.jdbc.core.JdbcTemplate               : Executing prepared SQL statement [select m.id as model_id, m.model_code, m.model_name, m.prompt_price, m.completion_price,
       m.request_price, m.multiplier, p.id as provider_id, p.provider_name, p.base_url, p.provider_type,
       p.timeout_ms, r.upstream_model, t.id as provider_token_id, t.token_value_encrypted
from models m
join model_routes r on r.model_id = m.id and r.status = 'ACTIVE'
join providers p on p.id = r.provider_id and p.deleted = 0 and p.status = 'ACTIVE'
join provider_tokens t on t.provider_id = p.id and t.deleted = 0 and t.status = 'ACTIVE'
where m.model_code = ? and m.deleted = 0 and m.status = 'ACTIVE'
order by r.priority_no asc, t.weight_no desc, t.id asc
limit 1
]
2026-04-15T19:48:27.518+08:00 DEBUG 15660 --- [ai-gateway] [nio-9988-exec-4] o.s.jdbc.core.JdbcTemplate               : Executing prepared SQL update
2026-04-15T19:48:27.519+08:00 DEBUG 15660 --- [ai-gateway] [nio-9988-exec-4] o.s.jdbc.core.JdbcTemplate               : Executing prepared SQL statement [insert into request_logs (request_id, user_id, api_key_id, model_code, provider_id, provider_token_id, upstream_model,
                          request_path, request_method, request_ip, request_body_json, response_body_json,
                          prompt_tokens, completion_tokens, total_tokens, user_amount, cost_amount, latency_ms,
                          success, status_code, error_message, request_date, created_at)
values (?, ?, ?, ?, ?, ?, ?, ?, ?, ?, cast(? as json), cast(? as json), ?, ?, ?, ?, ?, ?, ?, ?, ?, ?, now())
]
2026-04-15T19:48:27.520+08:00 DEBUG 15660 --- [ai-gateway] [nio-9988-exec-4] o.s.jdbc.core.StatementCreatorUtils      : JDBC getParameterType call failed - using fallback method instead: java.sql.SQLException: Parameter metadata not available for the given statement
2026-04-15T19:48:27.571+08:00 DEBUG 15660 --- [ai-gateway] [nio-9988-exec-4] o.s.jdbc.core.JdbcTemplate               : Executing prepared SQL update
2026-04-15T19:48:27.572+08:00 DEBUG 15660 --- [ai-gateway] [nio-9988-exec-4] o.s.jdbc.core.JdbcTemplate               : Executing prepared SQL statement [update wallets
set balance = balance - ?, total_consume = total_consume + ?, updated_at = now()
where user_id = ?
]
2026-04-15T19:48:27.575+08:00 DEBUG 15660 --- [ai-gateway] [nio-9988-exec-4] o.s.jdbc.core.JdbcTemplate               : Executing prepared SQL query
2026-04-15T19:48:27.576+08:00 DEBUG 15660 --- [ai-gateway] [nio-9988-exec-4] o.s.jdbc.core.JdbcTemplate               : Executing prepared SQL statement [select id from wallets where user_id = ?]
2026-04-15T19:48:27.577+08:00 DEBUG 15660 --- [ai-gateway] [nio-9988-exec-4] o.s.jdbc.core.JdbcTemplate               : Executing prepared SQL query
2026-04-15T19:48:27.578+08:00 DEBUG 15660 --- [ai-gateway] [nio-9988-exec-4] o.s.jdbc.core.JdbcTemplate               : Executing prepared SQL statement [select balance from wallets where user_id = ?]
2026-04-15T19:48:27.579+08:00 DEBUG 15660 --- [ai-gateway] [nio-9988-exec-4] o.s.jdbc.core.JdbcTemplate               : Executing prepared SQL update
2026-04-15T19:48:27.580+08:00 DEBUG 15660 --- [ai-gateway] [nio-9988-exec-4] o.s.jdbc.core.JdbcTemplate               : Executing prepared SQL statement [insert into transactions (user_id, wallet_id, order_no, transaction_type, direction, amount,
                          balance_before, balance_after, status, description_text, transaction_date)
values (?, ?, ?, 'CONSUME', 'OUT', ?, ?, ?, 'SUCCESS', ?, curdate())
]
2026-04-15T19:48:27.583+08:00 DEBUG 15660 --- [ai-gateway] [nio-9988-exec-4] o.s.jdbc.core.JdbcTemplate               : Executing prepared SQL update
2026-04-15T19:48:27.584+08:00 DEBUG 15660 --- [ai-gateway] [nio-9988-exec-4] o.s.jdbc.core.JdbcTemplate               : Executing prepared SQL statement [update api_keys
set used_quota = used_quota + ?, updated_at = now()
where id = ?
]
2026-04-15T19:48:27.586+08:00 DEBUG 15660 --- [ai-gateway] [nio-9988-exec-4] o.s.jdbc.core.JdbcTemplate               : Executing prepared SQL update
2026-04-15T19:48:27.587+08:00 DEBUG 15660 --- [ai-gateway] [nio-9988-exec-4] o.s.jdbc.core.JdbcTemplate               : Executing prepared SQL statement [insert into usage_daily (stat_date, user_id, model_code, provider_id, request_count, success_count, total_tokens, user_amount, cost_amount)
values (?, ?, ?, ?, 1, ?, ?, ?, ?)
on duplicate key update
    request_count = request_count + 1,
    success_count = success_count + values(success_count),
    total_tokens = total_tokens + values(total_tokens),
    user_amount = user_amount + values(user_amount),
    cost_amount = cost_amount + values(cost_amount),
    updated_at = now()
]
2026-04-15T19:48:27.591+08:00 DEBUG 15660 --- [ai-gateway] [nio-9988-exec-4] o.s.jdbc.core.JdbcTemplate               : SQLWarning ignored: SQL state 'HY000', error code '1287', message ['VALUES function' is deprecated and will be removed in a future release. Please use an alias (INSERT INTO ... VALUES (...) AS alias) and replace VALUES(col) in the ON DUPLICATE KEY UPDATE clause with alias.col instead]
2026-04-15T19:48:27.592+08:00 DEBUG 15660 --- [ai-gateway] [nio-9988-exec-4] o.s.jdbc.core.JdbcTemplate               : SQLWarning ignored: SQL state 'HY000', error code '1287', message ['VALUES function' is deprecated and will be removed in a future release. Please use an alias (INSERT INTO ... VALUES (...) AS alias) and replace VALUES(col) in the ON DUPLICATE KEY UPDATE clause with alias.col instead]
2026-04-15T19:48:27.592+08:00 DEBUG 15660 --- [ai-gateway] [nio-9988-exec-4] o.s.jdbc.core.JdbcTemplate               : SQLWarning ignored: SQL state 'HY000', error code '1287', message ['VALUES function' is deprecated and will be removed in a future release. Please use an alias (INSERT INTO ... VALUES (...) AS alias) and replace VALUES(col) in the ON DUPLICATE KEY UPDATE clause with alias.col instead]
2026-04-15T19:48:27.593+08:00 DEBUG 15660 --- [ai-gateway] [nio-9988-exec-4] o.s.jdbc.core.JdbcTemplate               : SQLWarning ignored: SQL state 'HY000', error code '1287', message ['VALUES function' is deprecated and will be removed in a future release. Please use an alias (INSERT INTO ... VALUES (...) AS alias) and replace VALUES(col) in the ON DUPLICATE KEY UPDATE clause with alias.col instead]
2026-04-15T19:48:27.593+08:00 DEBUG 15660 --- [ai-gateway] [nio-9988-exec-4] o.s.w.s.m.m.a.HttpEntityMethodProcessor  : Found 'Content-Type:text/event-stream;charset=UTF-8' in response
2026-04-15T19:48:27.594+08:00 DEBUG 15660 --- [ai-gateway] [nio-9988-exec-4] o.s.w.s.m.m.a.HttpEntityMethodProcessor  : Writing ["event: response.created<EOL>data: {"type":"response.created","response":{"id":"resp_02b437e2783e09bd0169 (truncated)..."]
2026-04-15T19:48:27.597+08:00 DEBUG 15660 --- [ai-gateway] [nio-9988-exec-4] o.s.web.servlet.DispatcherServlet        : Completed 200 OK
2026-04-15T19:48:30.985+08:00 DEBUG 15660 --- [ai-gateway] [nio-9988-exec-2] o.s.web.servlet.DispatcherServlet        : POST "/v1/responses", parameters={}
2026-04-15T19:48:30.987+08:00 DEBUG 15660 --- [ai-gateway] [nio-9988-exec-2] s.w.s.m.m.a.RequestMappingHandlerMapping : Mapped to com.zxw.modules.gateway.controller.GatewayChatController#responses(String, String, HttpServletRequest)
2026-04-15T19:48:37.529+08:00 DEBUG 15660 --- [ai-gateway] [nio-9988-exec-2] m.m.a.RequestResponseBodyMethodProcessor : Read "application/json;charset=UTF-8" to ["{"model":"gpt-5.4","instructions":"You are Codex, a coding agent based on GPT-5. You and the user sh (truncated)..."]
2026-04-15T19:48:37.530+08:00 DEBUG 15660 --- [ai-gateway] [nio-9988-exec-2] o.s.jdbc.core.JdbcTemplate               : Executing prepared SQL query
2026-04-15T19:48:37.531+08:00 DEBUG 15660 --- [ai-gateway] [nio-9988-exec-2] o.s.jdbc.core.JdbcTemplate               : Executing prepared SQL statement [select k.id, k.user_id, k.secret_hash, k.status, k.total_quota, k.used_quota, k.expires_at,
       u.username, u.role_code, coalesce(w.balance, 0) as balance
from api_keys k
join users u on u.id = k.user_id and u.deleted = 0
left join wallets w on w.user_id = u.id
where k.access_key = ? and k.deleted = 0
]
2026-04-15T19:48:37.622+08:00 DEBUG 15660 --- [ai-gateway] [nio-9988-exec-2] o.s.jdbc.core.JdbcTemplate               : Executing prepared SQL update
2026-04-15T19:48:37.623+08:00 DEBUG 15660 --- [ai-gateway] [nio-9988-exec-2] o.s.jdbc.core.JdbcTemplate               : Executing prepared SQL statement [update api_keys set last_used_at = now(), updated_at = now() where id = ?]
2026-04-15T19:48:37.629+08:00 DEBUG 15660 --- [ai-gateway] [nio-9988-exec-2] o.s.jdbc.core.JdbcTemplate               : Executing prepared SQL query
2026-04-15T19:48:37.630+08:00 DEBUG 15660 --- [ai-gateway] [nio-9988-exec-2] o.s.jdbc.core.JdbcTemplate               : Executing prepared SQL statement [select m.id as model_id, m.model_code, m.model_name, m.prompt_price, m.completion_price,
       m.request_price, m.multiplier, p.id as provider_id, p.provider_name, p.base_url, p.provider_type,
       p.timeout_ms, r.upstream_model, t.id as provider_token_id, t.token_value_encrypted
from models m
join model_routes r on r.model_id = m.id and r.status = 'ACTIVE'
join providers p on p.id = r.provider_id and p.deleted = 0 and p.status = 'ACTIVE'
join provider_tokens t on t.provider_id = p.id and t.deleted = 0 and t.status = 'ACTIVE'
where m.model_code = ? and m.deleted = 0 and m.status = 'ACTIVE'
order by r.priority_no asc, t.weight_no desc, t.id asc
limit 1
]
2026-04-15T19:48:45.818+08:00 DEBUG 15660 --- [ai-gateway] [nio-9988-exec-2] o.s.jdbc.core.JdbcTemplate               : Executing prepared SQL update
2026-04-15T19:48:45.819+08:00 DEBUG 15660 --- [ai-gateway] [nio-9988-exec-2] o.s.jdbc.core.JdbcTemplate               : Executing prepared SQL statement [insert into request_logs (request_id, user_id, api_key_id, model_code, provider_id, provider_token_id, upstream_model,
                          request_path, request_method, request_ip, request_body_json, response_body_json,
                          prompt_tokens, completion_tokens, total_tokens, user_amount, cost_amount, latency_ms,
                          success, status_code, error_message, request_date, created_at)
values (?, ?, ?, ?, ?, ?, ?, ?, ?, ?, cast(? as json), cast(? as json), ?, ?, ?, ?, ?, ?, ?, ?, ?, ?, now())
]
2026-04-15T19:48:45.820+08:00 DEBUG 15660 --- [ai-gateway] [nio-9988-exec-2] o.s.jdbc.core.StatementCreatorUtils      : JDBC getParameterType call failed - using fallback method instead: java.sql.SQLException: Parameter metadata not available for the given statement
2026-04-15T19:48:45.868+08:00 DEBUG 15660 --- [ai-gateway] [nio-9988-exec-2] o.s.jdbc.core.JdbcTemplate               : Executing prepared SQL update
2026-04-15T19:48:45.869+08:00 DEBUG 15660 --- [ai-gateway] [nio-9988-exec-2] o.s.jdbc.core.JdbcTemplate               : Executing prepared SQL statement [update wallets
set balance = balance - ?, total_consume = total_consume + ?, updated_at = now()
where user_id = ?
]
2026-04-15T19:48:45.871+08:00 DEBUG 15660 --- [ai-gateway] [nio-9988-exec-2] o.s.jdbc.core.JdbcTemplate               : Executing prepared SQL query
2026-04-15T19:48:45.871+08:00 DEBUG 15660 --- [ai-gateway] [nio-9988-exec-2] o.s.jdbc.core.JdbcTemplate               : Executing prepared SQL statement [select id from wallets where user_id = ?]
2026-04-15T19:48:45.873+08:00 DEBUG 15660 --- [ai-gateway] [nio-9988-exec-2] o.s.jdbc.core.JdbcTemplate               : Executing prepared SQL query
2026-04-15T19:48:45.874+08:00 DEBUG 15660 --- [ai-gateway] [nio-9988-exec-2] o.s.jdbc.core.JdbcTemplate               : Executing prepared SQL statement [select balance from wallets where user_id = ?]
2026-04-15T19:48:45.875+08:00 DEBUG 15660 --- [ai-gateway] [nio-9988-exec-2] o.s.jdbc.core.JdbcTemplate               : Executing prepared SQL update
2026-04-15T19:48:45.876+08:00 DEBUG 15660 --- [ai-gateway] [nio-9988-exec-2] o.s.jdbc.core.JdbcTemplate               : Executing prepared SQL statement [insert into transactions (user_id, wallet_id, order_no, transaction_type, direction, amount,
                          balance_before, balance_after, status, description_text, transaction_date)
values (?, ?, ?, 'CONSUME', 'OUT', ?, ?, ?, 'SUCCESS', ?, curdate())
]
2026-04-15T19:48:45.879+08:00 DEBUG 15660 --- [ai-gateway] [nio-9988-exec-2] o.s.jdbc.core.JdbcTemplate               : Executing prepared SQL update
2026-04-15T19:48:45.880+08:00 DEBUG 15660 --- [ai-gateway] [nio-9988-exec-2] o.s.jdbc.core.JdbcTemplate               : Executing prepared SQL statement [update api_keys
set used_quota = used_quota + ?, updated_at = now()
where id = ?
]
2026-04-15T19:48:45.883+08:00 DEBUG 15660 --- [ai-gateway] [nio-9988-exec-2] o.s.jdbc.core.JdbcTemplate               : Executing prepared SQL update
2026-04-15T19:48:45.884+08:00 DEBUG 15660 --- [ai-gateway] [nio-9988-exec-2] o.s.jdbc.core.JdbcTemplate               : Executing prepared SQL statement [insert into usage_daily (stat_date, user_id, model_code, provider_id, request_count, success_count, total_tokens, user_amount, cost_amount)
values (?, ?, ?, ?, 1, ?, ?, ?, ?)
on duplicate key update
    request_count = request_count + 1,
    success_count = success_count + values(success_count),
    total_tokens = total_tokens + values(total_tokens),
    user_amount = user_amount + values(user_amount),
    cost_amount = cost_amount + values(cost_amount),
    updated_at = now()
]
2026-04-15T19:48:45.886+08:00 DEBUG 15660 --- [ai-gateway] [nio-9988-exec-2] o.s.jdbc.core.JdbcTemplate               : SQLWarning ignored: SQL state 'HY000', error code '1287', message ['VALUES function' is deprecated and will be removed in a future release. Please use an alias (INSERT INTO ... VALUES (...) AS alias) and replace VALUES(col) in the ON DUPLICATE KEY UPDATE clause with alias.col instead]
2026-04-15T19:48:45.887+08:00 DEBUG 15660 --- [ai-gateway] [nio-9988-exec-2] o.s.jdbc.core.JdbcTemplate               : SQLWarning ignored: SQL state 'HY000', error code '1287', message ['VALUES function' is deprecated and will be removed in a future release. Please use an alias (INSERT INTO ... VALUES (...) AS alias) and replace VALUES(col) in the ON DUPLICATE KEY UPDATE clause with alias.col instead]
2026-04-15T19:48:45.888+08:00 DEBUG 15660 --- [ai-gateway] [nio-9988-exec-2] o.s.jdbc.core.JdbcTemplate               : SQLWarning ignored: SQL state 'HY000', error code '1287', message ['VALUES function' is deprecated and will be removed in a future release. Please use an alias (INSERT INTO ... VALUES (...) AS alias) and replace VALUES(col) in the ON DUPLICATE KEY UPDATE clause with alias.col instead]
2026-04-15T19:48:45.888+08:00 DEBUG 15660 --- [ai-gateway] [nio-9988-exec-2] o.s.jdbc.core.JdbcTemplate               : SQLWarning ignored: SQL state 'HY000', error code '1287', message ['VALUES function' is deprecated and will be removed in a future release. Please use an alias (INSERT INTO ... VALUES (...) AS alias) and replace VALUES(col) in the ON DUPLICATE KEY UPDATE clause with alias.col instead]
2026-04-15T19:48:45.889+08:00 DEBUG 15660 --- [ai-gateway] [nio-9988-exec-2] o.s.w.s.m.m.a.HttpEntityMethodProcessor  : Found 'Content-Type:text/event-stream;charset=UTF-8' in response
2026-04-15T19:48:45.890+08:00 DEBUG 15660 --- [ai-gateway] [nio-9988-exec-2] o.s.w.s.m.m.a.HttpEntityMethodProcessor  : Writing ["event: response.created<EOL>data: {"type":"response.created","response":{"id":"resp_0959933d10b200c20169 (truncated)..."]
2026-04-15T19:48:45.894+08:00 DEBUG 15660 --- [ai-gateway] [nio-9988-exec-2] o.s.web.servlet.DispatcherServlet        : Completed 200 OK
2026-04-15T19:48:56.205+08:00 DEBUG 15660 --- [ai-gateway] [nio-9988-exec-7] o.s.web.servlet.DispatcherServlet        : POST "/v1/responses", parameters={}
2026-04-15T19:48:56.206+08:00 DEBUG 15660 --- [ai-gateway] [nio-9988-exec-7] s.w.s.m.m.a.RequestMappingHandlerMapping : Mapped to com.zxw.modules.gateway.controller.GatewayChatController#responses(String, String, HttpServletRequest)
2026-04-15T19:49:02.924+08:00 DEBUG 15660 --- [ai-gateway] [nio-9988-exec-7] m.m.a.RequestResponseBodyMethodProcessor : Read "application/json;charset=UTF-8" to ["{"model":"gpt-5.4","instructions":"You are Codex, a coding agent based on GPT-5. You and the user sh (truncated)..."]
2026-04-15T19:49:02.925+08:00 DEBUG 15660 --- [ai-gateway] [nio-9988-exec-7] o.s.jdbc.core.JdbcTemplate               : Executing prepared SQL query
2026-04-15T19:49:02.927+08:00 DEBUG 15660 --- [ai-gateway] [nio-9988-exec-7] o.s.jdbc.core.JdbcTemplate               : Executing prepared SQL statement [select k.id, k.user_id, k.secret_hash, k.status, k.total_quota, k.used_quota, k.expires_at,
       u.username, u.role_code, coalesce(w.balance, 0) as balance
from api_keys k
join users u on u.id = k.user_id and u.deleted = 0
left join wallets w on w.user_id = u.id
where k.access_key = ? and k.deleted = 0
]
2026-04-15T19:49:03.021+08:00 DEBUG 15660 --- [ai-gateway] [nio-9988-exec-7] o.s.jdbc.core.JdbcTemplate               : Executing prepared SQL update
2026-04-15T19:49:03.042+08:00 DEBUG 15660 --- [ai-gateway] [nio-9988-exec-7] o.s.jdbc.core.JdbcTemplate               : Executing prepared SQL statement [update api_keys set last_used_at = now(), updated_at = now() where id = ?]
2026-04-15T19:49:03.052+08:00 DEBUG 15660 --- [ai-gateway] [nio-9988-exec-7] o.s.jdbc.core.JdbcTemplate               : Executing prepared SQL query
2026-04-15T19:49:03.053+08:00 DEBUG 15660 --- [ai-gateway] [nio-9988-exec-7] o.s.jdbc.core.JdbcTemplate               : Executing prepared SQL statement [select m.id as model_id, m.model_code, m.model_name, m.prompt_price, m.completion_price,
       m.request_price, m.multiplier, p.id as provider_id, p.provider_name, p.base_url, p.provider_type,
       p.timeout_ms, r.upstream_model, t.id as provider_token_id, t.token_value_encrypted
from models m
join model_routes r on r.model_id = m.id and r.status = 'ACTIVE'
join providers p on p.id = r.provider_id and p.deleted = 0 and p.status = 'ACTIVE'
join provider_tokens t on t.provider_id = p.id and t.deleted = 0 and t.status = 'ACTIVE'
where m.model_code = ? and m.deleted = 0 and m.status = 'ACTIVE'
order by r.priority_no asc, t.weight_no desc, t.id asc
limit 1
]
2026-04-15T19:49:12.627+08:00 DEBUG 15660 --- [ai-gateway] [nio-9988-exec-7] o.s.jdbc.core.JdbcTemplate               : Executing prepared SQL update
2026-04-15T19:49:12.628+08:00 DEBUG 15660 --- [ai-gateway] [nio-9988-exec-7] o.s.jdbc.core.JdbcTemplate               : Executing prepared SQL statement [insert into request_logs (request_id, user_id, api_key_id, model_code, provider_id, provider_token_id, upstream_model,
                          request_path, request_method, request_ip, request_body_json, response_body_json,
                          prompt_tokens, completion_tokens, total_tokens, user_amount, cost_amount, latency_ms,
                          success, status_code, error_message, request_date, created_at)
values (?, ?, ?, ?, ?, ?, ?, ?, ?, ?, cast(? as json), cast(? as json), ?, ?, ?, ?, ?, ?, ?, ?, ?, ?, now())
]
2026-04-15T19:49:12.629+08:00 DEBUG 15660 --- [ai-gateway] [nio-9988-exec-7] o.s.jdbc.core.StatementCreatorUtils      : JDBC getParameterType call failed - using fallback method instead: java.sql.SQLException: Parameter metadata not available for the given statement
2026-04-15T19:49:12.729+08:00 DEBUG 15660 --- [ai-gateway] [nio-9988-exec-7] o.s.jdbc.core.JdbcTemplate               : Executing prepared SQL update
2026-04-15T19:49:12.743+08:00 DEBUG 15660 --- [ai-gateway] [nio-9988-exec-7] o.s.jdbc.core.JdbcTemplate               : Executing prepared SQL statement [update wallets
set balance = balance - ?, total_consume = total_consume + ?, updated_at = now()
where user_id = ?
]
2026-04-15T19:49:12.747+08:00 DEBUG 15660 --- [ai-gateway] [nio-9988-exec-7] o.s.jdbc.core.JdbcTemplate               : Executing prepared SQL query
2026-04-15T19:49:12.749+08:00 DEBUG 15660 --- [ai-gateway] [nio-9988-exec-7] o.s.jdbc.core.JdbcTemplate               : Executing prepared SQL statement [select id from wallets where user_id = ?]
2026-04-15T19:49:12.752+08:00 DEBUG 15660 --- [ai-gateway] [nio-9988-exec-7] o.s.jdbc.core.JdbcTemplate               : Executing prepared SQL query
2026-04-15T19:49:12.753+08:00 DEBUG 15660 --- [ai-gateway] [nio-9988-exec-7] o.s.jdbc.core.JdbcTemplate               : Executing prepared SQL statement [select balance from wallets where user_id = ?]
2026-04-15T19:49:12.754+08:00 DEBUG 15660 --- [ai-gateway] [nio-9988-exec-7] o.s.jdbc.core.JdbcTemplate               : Executing prepared SQL update
2026-04-15T19:49:12.756+08:00 DEBUG 15660 --- [ai-gateway] [nio-9988-exec-7] o.s.jdbc.core.JdbcTemplate               : Executing prepared SQL statement [insert into transactions (user_id, wallet_id, order_no, transaction_type, direction, amount,
                          balance_before, balance_after, status, description_text, transaction_date)
values (?, ?, ?, 'CONSUME', 'OUT', ?, ?, ?, 'SUCCESS', ?, curdate())
]
2026-04-15T19:49:12.760+08:00 DEBUG 15660 --- [ai-gateway] [nio-9988-exec-7] o.s.jdbc.core.JdbcTemplate               : Executing prepared SQL update
2026-04-15T19:49:12.761+08:00 DEBUG 15660 --- [ai-gateway] [nio-9988-exec-7] o.s.jdbc.core.JdbcTemplate               : Executing prepared SQL statement [update api_keys
set used_quota = used_quota + ?, updated_at = now()
where id = ?
]
2026-04-15T19:49:12.765+08:00 DEBUG 15660 --- [ai-gateway] [nio-9988-exec-7] o.s.jdbc.core.JdbcTemplate               : Executing prepared SQL update
2026-04-15T19:49:12.766+08:00 DEBUG 15660 --- [ai-gateway] [nio-9988-exec-7] o.s.jdbc.core.JdbcTemplate               : Executing prepared SQL statement [insert into usage_daily (stat_date, user_id, model_code, provider_id, request_count, success_count, total_tokens, user_amount, cost_amount)
values (?, ?, ?, ?, 1, ?, ?, ?, ?)
on duplicate key update
    request_count = request_count + 1,
    success_count = success_count + values(success_count),
    total_tokens = total_tokens + values(total_tokens),
    user_amount = user_amount + values(user_amount),
    cost_amount = cost_amount + values(cost_amount),
    updated_at = now()
]
2026-04-15T19:49:12.772+08:00 DEBUG 15660 --- [ai-gateway] [nio-9988-exec-7] o.s.jdbc.core.JdbcTemplate               : SQLWarning ignored: SQL state 'HY000', error code '1287', message ['VALUES function' is deprecated and will be removed in a future release. Please use an alias (INSERT INTO ... VALUES (...) AS alias) and replace VALUES(col) in the ON DUPLICATE KEY UPDATE clause with alias.col instead]
2026-04-15T19:49:12.773+08:00 DEBUG 15660 --- [ai-gateway] [nio-9988-exec-7] o.s.jdbc.core.JdbcTemplate               : SQLWarning ignored: SQL state 'HY000', error code '1287', message ['VALUES function' is deprecated and will be removed in a future release. Please use an alias (INSERT INTO ... VALUES (...) AS alias) and replace VALUES(col) in the ON DUPLICATE KEY UPDATE clause with alias.col instead]
2026-04-15T19:49:12.774+08:00 DEBUG 15660 --- [ai-gateway] [nio-9988-exec-7] o.s.jdbc.core.JdbcTemplate               : SQLWarning ignored: SQL state 'HY000', error code '1287', message ['VALUES function' is deprecated and will be removed in a future release. Please use an alias (INSERT INTO ... VALUES (...) AS alias) and replace VALUES(col) in the ON DUPLICATE KEY UPDATE clause with alias.col instead]
2026-04-15T19:49:12.774+08:00 DEBUG 15660 --- [ai-gateway] [nio-9988-exec-7] o.s.jdbc.core.JdbcTemplate               : SQLWarning ignored: SQL state 'HY000', error code '1287', message ['VALUES function' is deprecated and will be removed in a future release. Please use an alias (INSERT INTO ... VALUES (...) AS alias) and replace VALUES(col) in the ON DUPLICATE KEY UPDATE clause with alias.col instead]
2026-04-15T19:49:12.775+08:00 DEBUG 15660 --- [ai-gateway] [nio-9988-exec-7] o.s.w.s.m.m.a.HttpEntityMethodProcessor  : Found 'Content-Type:text/event-stream;charset=UTF-8' in response
2026-04-15T19:49:12.776+08:00 DEBUG 15660 --- [ai-gateway] [nio-9988-exec-7] o.s.w.s.m.m.a.HttpEntityMethodProcessor  : Writing ["event: response.created<EOL>data: {"type":"response.created","response":{"id":"resp_071b7dadfb41ee0e0169 (truncated)..."]
2026-04-15T19:49:12.781+08:00 DEBUG 15660 --- [ai-gateway] [nio-9988-exec-7] o.s.web.servlet.DispatcherServlet        : Completed 200 OK
2026-04-15T19:49:19.045+08:00 DEBUG 15660 --- [ai-gateway] [nio-9988-exec-6] o.s.web.servlet.DispatcherServlet        : POST "/v1/responses", parameters={}
2026-04-15T19:49:19.047+08:00 DEBUG 15660 --- [ai-gateway] [nio-9988-exec-6] s.w.s.m.m.a.RequestMappingHandlerMapping : Mapped to com.zxw.modules.gateway.controller.GatewayChatController#responses(String, String, HttpServletRequest)
2026-04-15T19:49:25.829+08:00 DEBUG 15660 --- [ai-gateway] [nio-9988-exec-6] m.m.a.RequestResponseBodyMethodProcessor : Read "application/json;charset=UTF-8" to ["{"model":"gpt-5.4","instructions":"You are Codex, a coding agent based on GPT-5. You and the user sh (truncated)..."]
2026-04-15T19:49:25.830+08:00 DEBUG 15660 --- [ai-gateway] [nio-9988-exec-6] o.s.jdbc.core.JdbcTemplate               : Executing prepared SQL query
2026-04-15T19:49:25.831+08:00 DEBUG 15660 --- [ai-gateway] [nio-9988-exec-6] o.s.jdbc.core.JdbcTemplate               : Executing prepared SQL statement [select k.id, k.user_id, k.secret_hash, k.status, k.total_quota, k.used_quota, k.expires_at,
       u.username, u.role_code, coalesce(w.balance, 0) as balance
from api_keys k
join users u on u.id = k.user_id and u.deleted = 0
left join wallets w on w.user_id = u.id
where k.access_key = ? and k.deleted = 0
]
2026-04-15T19:49:25.958+08:00 DEBUG 15660 --- [ai-gateway] [nio-9988-exec-6] o.s.jdbc.core.JdbcTemplate               : Executing prepared SQL update
2026-04-15T19:49:25.959+08:00 DEBUG 15660 --- [ai-gateway] [nio-9988-exec-6] o.s.jdbc.core.JdbcTemplate               : Executing prepared SQL statement [update api_keys set last_used_at = now(), updated_at = now() where id = ?]
2026-04-15T19:49:25.969+08:00 DEBUG 15660 --- [ai-gateway] [nio-9988-exec-6] o.s.jdbc.core.JdbcTemplate               : Executing prepared SQL query
2026-04-15T19:49:25.970+08:00 DEBUG 15660 --- [ai-gateway] [nio-9988-exec-6] o.s.jdbc.core.JdbcTemplate               : Executing prepared SQL statement [select m.id as model_id, m.model_code, m.model_name, m.prompt_price, m.completion_price,
       m.request_price, m.multiplier, p.id as provider_id, p.provider_name, p.base_url, p.provider_type,
       p.timeout_ms, r.upstream_model, t.id as provider_token_id, t.token_value_encrypted
from models m
join model_routes r on r.model_id = m.id and r.status = 'ACTIVE'
join providers p on p.id = r.provider_id and p.deleted = 0 and p.status = 'ACTIVE'
join provider_tokens t on t.provider_id = p.id and t.deleted = 0 and t.status = 'ACTIVE'
where m.model_code = ? and m.deleted = 0 and m.status = 'ACTIVE'
order by r.priority_no asc, t.weight_no desc, t.id asc
limit 1
]
2026-04-15T19:49:37.763+08:00 DEBUG 15660 --- [ai-gateway] [nio-9988-exec-6] o.s.jdbc.core.JdbcTemplate               : Executing prepared SQL update
2026-04-15T19:49:37.765+08:00 DEBUG 15660 --- [ai-gateway] [nio-9988-exec-6] o.s.jdbc.core.JdbcTemplate               : Executing prepared SQL statement [insert into request_logs (request_id, user_id, api_key_id, model_code, provider_id, provider_token_id, upstream_model,
                          request_path, request_method, request_ip, request_body_json, response_body_json,
                          prompt_tokens, completion_tokens, total_tokens, user_amount, cost_amount, latency_ms,
                          success, status_code, error_message, request_date, created_at)
values (?, ?, ?, ?, ?, ?, ?, ?, ?, ?, cast(? as json), cast(? as json), ?, ?, ?, ?, ?, ?, ?, ?, ?, ?, now())
]
2026-04-15T19:49:37.765+08:00 DEBUG 15660 --- [ai-gateway] [nio-9988-exec-6] o.s.jdbc.core.StatementCreatorUtils      : JDBC getParameterType call failed - using fallback method instead: java.sql.SQLException: Parameter metadata not available for the given statement
2026-04-15T19:49:37.815+08:00 DEBUG 15660 --- [ai-gateway] [nio-9988-exec-6] o.s.jdbc.core.JdbcTemplate               : Executing prepared SQL update
2026-04-15T19:49:37.816+08:00 DEBUG 15660 --- [ai-gateway] [nio-9988-exec-6] o.s.jdbc.core.JdbcTemplate               : Executing prepared SQL statement [update wallets
set balance = balance - ?, total_consume = total_consume + ?, updated_at = now()
where user_id = ?
]
2026-04-15T19:49:37.819+08:00 DEBUG 15660 --- [ai-gateway] [nio-9988-exec-6] o.s.jdbc.core.JdbcTemplate               : Executing prepared SQL query
2026-04-15T19:49:37.821+08:00 DEBUG 15660 --- [ai-gateway] [nio-9988-exec-6] o.s.jdbc.core.JdbcTemplate               : Executing prepared SQL statement [select id from wallets where user_id = ?]
2026-04-15T19:49:37.823+08:00 DEBUG 15660 --- [ai-gateway] [nio-9988-exec-6] o.s.jdbc.core.JdbcTemplate               : Executing prepared SQL query
2026-04-15T19:49:37.824+08:00 DEBUG 15660 --- [ai-gateway] [nio-9988-exec-6] o.s.jdbc.core.JdbcTemplate               : Executing prepared SQL statement [select balance from wallets where user_id = ?]
2026-04-15T19:49:37.825+08:00 DEBUG 15660 --- [ai-gateway] [nio-9988-exec-6] o.s.jdbc.core.JdbcTemplate               : Executing prepared SQL update
2026-04-15T19:49:37.825+08:00 DEBUG 15660 --- [ai-gateway] [nio-9988-exec-6] o.s.jdbc.core.JdbcTemplate               : Executing prepared SQL statement [insert into transactions (user_id, wallet_id, order_no, transaction_type, direction, amount,
                          balance_before, balance_after, status, description_text, transaction_date)
values (?, ?, ?, 'CONSUME', 'OUT', ?, ?, ?, 'SUCCESS', ?, curdate())
]
2026-04-15T19:49:37.829+08:00 DEBUG 15660 --- [ai-gateway] [nio-9988-exec-6] o.s.jdbc.core.JdbcTemplate               : Executing prepared SQL update
2026-04-15T19:49:37.830+08:00 DEBUG 15660 --- [ai-gateway] [nio-9988-exec-6] o.s.jdbc.core.JdbcTemplate               : Executing prepared SQL statement [update api_keys
set used_quota = used_quota + ?, updated_at = now()
where id = ?
]
2026-04-15T19:49:37.834+08:00 DEBUG 15660 --- [ai-gateway] [nio-9988-exec-6] o.s.jdbc.core.JdbcTemplate               : Executing prepared SQL update
2026-04-15T19:49:37.835+08:00 DEBUG 15660 --- [ai-gateway] [nio-9988-exec-6] o.s.jdbc.core.JdbcTemplate               : Executing prepared SQL statement [insert into usage_daily (stat_date, user_id, model_code, provider_id, request_count, success_count, total_tokens, user_amount, cost_amount)
values (?, ?, ?, ?, 1, ?, ?, ?, ?)
on duplicate key update
    request_count = request_count + 1,
    success_count = success_count + values(success_count),
    total_tokens = total_tokens + values(total_tokens),
    user_amount = user_amount + values(user_amount),
    cost_amount = cost_amount + values(cost_amount),
    updated_at = now()
]
2026-04-15T19:49:37.838+08:00 DEBUG 15660 --- [ai-gateway] [nio-9988-exec-6] o.s.jdbc.core.JdbcTemplate               : SQLWarning ignored: SQL state 'HY000', error code '1287', message ['VALUES function' is deprecated and will be removed in a future release. Please use an alias (INSERT INTO ... VALUES (...) AS alias) and replace VALUES(col) in the ON DUPLICATE KEY UPDATE clause with alias.col instead]
2026-04-15T19:49:37.839+08:00 DEBUG 15660 --- [ai-gateway] [nio-9988-exec-6] o.s.jdbc.core.JdbcTemplate               : SQLWarning ignored: SQL state 'HY000', error code '1287', message ['VALUES function' is deprecated and will be removed in a future release. Please use an alias (INSERT INTO ... VALUES (...) AS alias) and replace VALUES(col) in the ON DUPLICATE KEY UPDATE clause with alias.col instead]
2026-04-15T19:49:37.840+08:00 DEBUG 15660 --- [ai-gateway] [nio-9988-exec-6] o.s.jdbc.core.JdbcTemplate               : SQLWarning ignored: SQL state 'HY000', error code '1287', message ['VALUES function' is deprecated and will be removed in a future release. Please use an alias (INSERT INTO ... VALUES (...) AS alias) and replace VALUES(col) in the ON DUPLICATE KEY UPDATE clause with alias.col instead]
2026-04-15T19:49:37.840+08:00 DEBUG 15660 --- [ai-gateway] [nio-9988-exec-6] o.s.jdbc.core.JdbcTemplate               : SQLWarning ignored: SQL state 'HY000', error code '1287', message ['VALUES function' is deprecated and will be removed in a future release. Please use an alias (INSERT INTO ... VALUES (...) AS alias) and replace VALUES(col) in the ON DUPLICATE KEY UPDATE clause with alias.col instead]
2026-04-15T19:49:37.841+08:00 DEBUG 15660 --- [ai-gateway] [nio-9988-exec-6] o.s.w.s.m.m.a.HttpEntityMethodProcessor  : Found 'Content-Type:text/event-stream;charset=UTF-8' in response
2026-04-15T19:49:37.842+08:00 DEBUG 15660 --- [ai-gateway] [nio-9988-exec-6] o.s.w.s.m.m.a.HttpEntityMethodProcessor  : Writing ["event: response.created<EOL>data: {"type":"response.created","response":{"id":"resp_0a5f577a7b08901c0169 (truncated)..."]
2026-04-15T19:49:37.846+08:00 DEBUG 15660 --- [ai-gateway] [nio-9988-exec-6] o.s.web.servlet.DispatcherServlet        : Completed 200 OK
2026-04-15T19:49:44.249+08:00 DEBUG 15660 --- [ai-gateway] [nio-9988-exec-8] o.s.web.servlet.DispatcherServlet        : POST "/v1/responses", parameters={}
2026-04-15T19:49:44.250+08:00 DEBUG 15660 --- [ai-gateway] [nio-9988-exec-8] s.w.s.m.m.a.RequestMappingHandlerMapping : Mapped to com.zxw.modules.gateway.controller.GatewayChatController#responses(String, String, HttpServletRequest)
2026-04-15T19:49:51.096+08:00 DEBUG 15660 --- [ai-gateway] [nio-9988-exec-8] m.m.a.RequestResponseBodyMethodProcessor : Read "application/json;charset=UTF-8" to ["{"model":"gpt-5.4","instructions":"You are Codex, a coding agent based on GPT-5. You and the user sh (truncated)..."]
2026-04-15T19:49:51.097+08:00 DEBUG 15660 --- [ai-gateway] [nio-9988-exec-8] o.s.jdbc.core.JdbcTemplate               : Executing prepared SQL query
2026-04-15T19:49:51.098+08:00 DEBUG 15660 --- [ai-gateway] [nio-9988-exec-8] o.s.jdbc.core.JdbcTemplate               : Executing prepared SQL statement [select k.id, k.user_id, k.secret_hash, k.status, k.total_quota, k.used_quota, k.expires_at,
       u.username, u.role_code, coalesce(w.balance, 0) as balance
from api_keys k
join users u on u.id = k.user_id and u.deleted = 0
left join wallets w on w.user_id = u.id
where k.access_key = ? and k.deleted = 0
]
2026-04-15T19:49:51.249+08:00 DEBUG 15660 --- [ai-gateway] [nio-9988-exec-8] o.s.jdbc.core.JdbcTemplate               : Executing prepared SQL update
2026-04-15T19:49:51.250+08:00 DEBUG 15660 --- [ai-gateway] [nio-9988-exec-8] o.s.jdbc.core.JdbcTemplate               : Executing prepared SQL statement [update api_keys set last_used_at = now(), updated_at = now() where id = ?]
2026-04-15T19:49:51.259+08:00 DEBUG 15660 --- [ai-gateway] [nio-9988-exec-8] o.s.jdbc.core.JdbcTemplate               : Executing prepared SQL query
2026-04-15T19:49:51.259+08:00 DEBUG 15660 --- [ai-gateway] [nio-9988-exec-8] o.s.jdbc.core.JdbcTemplate               : Executing prepared SQL statement [select m.id as model_id, m.model_code, m.model_name, m.prompt_price, m.completion_price,
       m.request_price, m.multiplier, p.id as provider_id, p.provider_name, p.base_url, p.provider_type,
       p.timeout_ms, r.upstream_model, t.id as provider_token_id, t.token_value_encrypted
from models m
join model_routes r on r.model_id = m.id and r.status = 'ACTIVE'
join providers p on p.id = r.provider_id and p.deleted = 0 and p.status = 'ACTIVE'
join provider_tokens t on t.provider_id = p.id and t.deleted = 0 and t.status = 'ACTIVE'
where m.model_code = ? and m.deleted = 0 and m.status = 'ACTIVE'
order by r.priority_no asc, t.weight_no desc, t.id asc
limit 1
]
2026-04-15T19:49:58.802+08:00 DEBUG 15660 --- [ai-gateway] [nio-9988-exec-8] o.s.jdbc.core.JdbcTemplate               : Executing prepared SQL update
2026-04-15T19:49:58.803+08:00 DEBUG 15660 --- [ai-gateway] [nio-9988-exec-8] o.s.jdbc.core.JdbcTemplate               : Executing prepared SQL statement [insert into request_logs (request_id, user_id, api_key_id, model_code, provider_id, provider_token_id, upstream_model,
                          request_path, request_method, request_ip, request_body_json, response_body_json,
                          prompt_tokens, completion_tokens, total_tokens, user_amount, cost_amount, latency_ms,
                          success, status_code, error_message, request_date, created_at)
values (?, ?, ?, ?, ?, ?, ?, ?, ?, ?, cast(? as json), cast(? as json), ?, ?, ?, ?, ?, ?, ?, ?, ?, ?, now())
]
2026-04-15T19:49:58.804+08:00 DEBUG 15660 --- [ai-gateway] [nio-9988-exec-8] o.s.jdbc.core.StatementCreatorUtils      : JDBC getParameterType call failed - using fallback method instead: java.sql.SQLException: Parameter metadata not available for the given statement
2026-04-15T19:49:58.901+08:00 DEBUG 15660 --- [ai-gateway] [nio-9988-exec-8] o.s.jdbc.core.JdbcTemplate               : Executing prepared SQL update
2026-04-15T19:49:58.913+08:00 DEBUG 15660 --- [ai-gateway] [nio-9988-exec-8] o.s.jdbc.core.JdbcTemplate               : Executing prepared SQL statement [update wallets
set balance = balance - ?, total_consume = total_consume + ?, updated_at = now()
where user_id = ?
]
2026-04-15T19:49:58.919+08:00 DEBUG 15660 --- [ai-gateway] [nio-9988-exec-8] o.s.jdbc.core.JdbcTemplate               : Executing prepared SQL query
2026-04-15T19:49:58.921+08:00 DEBUG 15660 --- [ai-gateway] [nio-9988-exec-8] o.s.jdbc.core.JdbcTemplate               : Executing prepared SQL statement [select id from wallets where user_id = ?]
2026-04-15T19:49:58.923+08:00 DEBUG 15660 --- [ai-gateway] [nio-9988-exec-8] o.s.jdbc.core.JdbcTemplate               : Executing prepared SQL query
2026-04-15T19:49:58.925+08:00 DEBUG 15660 --- [ai-gateway] [nio-9988-exec-8] o.s.jdbc.core.JdbcTemplate               : Executing prepared SQL statement [select balance from wallets where user_id = ?]
2026-04-15T19:49:58.928+08:00 DEBUG 15660 --- [ai-gateway] [nio-9988-exec-8] o.s.jdbc.core.JdbcTemplate               : Executing prepared SQL update
2026-04-15T19:49:58.929+08:00 DEBUG 15660 --- [ai-gateway] [nio-9988-exec-8] o.s.jdbc.core.JdbcTemplate               : Executing prepared SQL statement [insert into transactions (user_id, wallet_id, order_no, transaction_type, direction, amount,
                          balance_before, balance_after, status, description_text, transaction_date)
values (?, ?, ?, 'CONSUME', 'OUT', ?, ?, ?, 'SUCCESS', ?, curdate())
]
2026-04-15T19:49:58.933+08:00 DEBUG 15660 --- [ai-gateway] [nio-9988-exec-8] o.s.jdbc.core.JdbcTemplate               : Executing prepared SQL update
2026-04-15T19:49:58.934+08:00 DEBUG 15660 --- [ai-gateway] [nio-9988-exec-8] o.s.jdbc.core.JdbcTemplate               : Executing prepared SQL statement [update api_keys
set used_quota = used_quota + ?, updated_at = now()
where id = ?
]
2026-04-15T19:49:58.938+08:00 DEBUG 15660 --- [ai-gateway] [nio-9988-exec-8] o.s.jdbc.core.JdbcTemplate               : Executing prepared SQL update
2026-04-15T19:49:58.940+08:00 DEBUG 15660 --- [ai-gateway] [nio-9988-exec-8] o.s.jdbc.core.JdbcTemplate               : Executing prepared SQL statement [insert into usage_daily (stat_date, user_id, model_code, provider_id, request_count, success_count, total_tokens, user_amount, cost_amount)
values (?, ?, ?, ?, 1, ?, ?, ?, ?)
on duplicate key update
    request_count = request_count + 1,
    success_count = success_count + values(success_count),
    total_tokens = total_tokens + values(total_tokens),
    user_amount = user_amount + values(user_amount),
    cost_amount = cost_amount + values(cost_amount),
    updated_at = now()
]
2026-04-15T19:49:58.945+08:00 DEBUG 15660 --- [ai-gateway] [nio-9988-exec-8] o.s.jdbc.core.JdbcTemplate               : SQLWarning ignored: SQL state 'HY000', error code '1287', message ['VALUES function' is deprecated and will be removed in a future release. Please use an alias (INSERT INTO ... VALUES (...) AS alias) and replace VALUES(col) in the ON DUPLICATE KEY UPDATE clause with alias.col instead]
2026-04-15T19:49:58.946+08:00 DEBUG 15660 --- [ai-gateway] [nio-9988-exec-8] o.s.jdbc.core.JdbcTemplate               : SQLWarning ignored: SQL state 'HY000', error code '1287', message ['VALUES function' is deprecated and will be removed in a future release. Please use an alias (INSERT INTO ... VALUES (...) AS alias) and replace VALUES(col) in the ON DUPLICATE KEY UPDATE clause with alias.col instead]
2026-04-15T19:49:58.947+08:00 DEBUG 15660 --- [ai-gateway] [nio-9988-exec-8] o.s.jdbc.core.JdbcTemplate               : SQLWarning ignored: SQL state 'HY000', error code '1287', message ['VALUES function' is deprecated and will be removed in a future release. Please use an alias (INSERT INTO ... VALUES (...) AS alias) and replace VALUES(col) in the ON DUPLICATE KEY UPDATE clause with alias.col instead]
2026-04-15T19:49:58.949+08:00 DEBUG 15660 --- [ai-gateway] [nio-9988-exec-8] o.s.jdbc.core.JdbcTemplate               : SQLWarning ignored: SQL state 'HY000', error code '1287', message ['VALUES function' is deprecated and will be removed in a future release. Please use an alias (INSERT INTO ... VALUES (...) AS alias) and replace VALUES(col) in the ON DUPLICATE KEY UPDATE clause with alias.col instead]
2026-04-15T19:49:58.950+08:00 DEBUG 15660 --- [ai-gateway] [nio-9988-exec-8] o.s.w.s.m.m.a.HttpEntityMethodProcessor  : Found 'Content-Type:text/event-stream;charset=UTF-8' in response
2026-04-15T19:49:58.951+08:00 DEBUG 15660 --- [ai-gateway] [nio-9988-exec-8] o.s.w.s.m.m.a.HttpEntityMethodProcessor  : Writing ["event: response.created<EOL>data: {"type":"response.created","response":{"id":"resp_038d6fe1f03bc21f0169 (truncated)..."]
2026-04-15T19:49:58.954+08:00 DEBUG 15660 --- [ai-gateway] [nio-9988-exec-8] o.s.web.servlet.DispatcherServlet        : Completed 200 OK
2026-04-15T19:50:09.186+08:00 DEBUG 15660 --- [ai-gateway] [nio-9988-exec-4] o.s.web.servlet.DispatcherServlet        : POST "/v1/responses", parameters={}
2026-04-15T19:50:09.186+08:00 DEBUG 15660 --- [ai-gateway] [nio-9988-exec-4] s.w.s.m.m.a.RequestMappingHandlerMapping : Mapped to com.zxw.modules.gateway.controller.GatewayChatController#responses(String, String, HttpServletRequest)
2026-04-15T19:50:16.058+08:00 DEBUG 15660 --- [ai-gateway] [nio-9988-exec-4] m.m.a.RequestResponseBodyMethodProcessor : Read "application/json;charset=UTF-8" to ["{"model":"gpt-5.4","instructions":"You are Codex, a coding agent based on GPT-5. You and the user sh (truncated)..."]
2026-04-15T19:50:16.060+08:00 DEBUG 15660 --- [ai-gateway] [nio-9988-exec-4] o.s.jdbc.core.JdbcTemplate               : Executing prepared SQL query
2026-04-15T19:50:16.061+08:00 DEBUG 15660 --- [ai-gateway] [nio-9988-exec-4] o.s.jdbc.core.JdbcTemplate               : Executing prepared SQL statement [select k.id, k.user_id, k.secret_hash, k.status, k.total_quota, k.used_quota, k.expires_at,
       u.username, u.role_code, coalesce(w.balance, 0) as balance
from api_keys k
join users u on u.id = k.user_id and u.deleted = 0
left join wallets w on w.user_id = u.id
where k.access_key = ? and k.deleted = 0
]
2026-04-15T19:50:16.178+08:00 DEBUG 15660 --- [ai-gateway] [nio-9988-exec-4] o.s.jdbc.core.JdbcTemplate               : Executing prepared SQL update
2026-04-15T19:50:16.179+08:00 DEBUG 15660 --- [ai-gateway] [nio-9988-exec-4] o.s.jdbc.core.JdbcTemplate               : Executing prepared SQL statement [update api_keys set last_used_at = now(), updated_at = now() where id = ?]
2026-04-15T19:50:16.188+08:00 DEBUG 15660 --- [ai-gateway] [nio-9988-exec-4] o.s.jdbc.core.JdbcTemplate               : Executing prepared SQL query
2026-04-15T19:50:16.189+08:00 DEBUG 15660 --- [ai-gateway] [nio-9988-exec-4] o.s.jdbc.core.JdbcTemplate               : Executing prepared SQL statement [select m.id as model_id, m.model_code, m.model_name, m.prompt_price, m.completion_price,
       m.request_price, m.multiplier, p.id as provider_id, p.provider_name, p.base_url, p.provider_type,
       p.timeout_ms, r.upstream_model, t.id as provider_token_id, t.token_value_encrypted
from models m
join model_routes r on r.model_id = m.id and r.status = 'ACTIVE'
join providers p on p.id = r.provider_id and p.deleted = 0 and p.status = 'ACTIVE'
join provider_tokens t on t.provider_id = p.id and t.deleted = 0 and t.status = 'ACTIVE'
where m.model_code = ? and m.deleted = 0 and m.status = 'ACTIVE'
order by r.priority_no asc, t.weight_no desc, t.id asc
limit 1
]
2026-04-15T19:50:24.316+08:00 DEBUG 15660 --- [ai-gateway] [nio-9988-exec-4] o.s.jdbc.core.JdbcTemplate               : Executing prepared SQL update
2026-04-15T19:50:24.317+08:00 DEBUG 15660 --- [ai-gateway] [nio-9988-exec-4] o.s.jdbc.core.JdbcTemplate               : Executing prepared SQL statement [insert into request_logs (request_id, user_id, api_key_id, model_code, provider_id, provider_token_id, upstream_model,
                          request_path, request_method, request_ip, request_body_json, response_body_json,
                          prompt_tokens, completion_tokens, total_tokens, user_amount, cost_amount, latency_ms,
                          success, status_code, error_message, request_date, created_at)
values (?, ?, ?, ?, ?, ?, ?, ?, ?, ?, cast(? as json), cast(? as json), ?, ?, ?, ?, ?, ?, ?, ?, ?, ?, now())
]
2026-04-15T19:50:24.319+08:00 DEBUG 15660 --- [ai-gateway] [nio-9988-exec-4] o.s.jdbc.core.StatementCreatorUtils      : JDBC getParameterType call failed - using fallback method instead: java.sql.SQLException: Parameter metadata not available for the given statement
2026-04-15T19:50:24.397+08:00 DEBUG 15660 --- [ai-gateway] [nio-9988-exec-4] o.s.jdbc.core.JdbcTemplate               : Executing prepared SQL update
2026-04-15T19:50:24.399+08:00 DEBUG 15660 --- [ai-gateway] [nio-9988-exec-4] o.s.jdbc.core.JdbcTemplate               : Executing prepared SQL statement [update wallets
set balance = balance - ?, total_consume = total_consume + ?, updated_at = now()
where user_id = ?
]
2026-04-15T19:50:24.401+08:00 DEBUG 15660 --- [ai-gateway] [nio-9988-exec-4] o.s.jdbc.core.JdbcTemplate               : Executing prepared SQL query
2026-04-15T19:50:24.402+08:00 DEBUG 15660 --- [ai-gateway] [nio-9988-exec-4] o.s.jdbc.core.JdbcTemplate               : Executing prepared SQL statement [select id from wallets where user_id = ?]
2026-04-15T19:50:24.404+08:00 DEBUG 15660 --- [ai-gateway] [nio-9988-exec-4] o.s.jdbc.core.JdbcTemplate               : Executing prepared SQL query
2026-04-15T19:50:24.405+08:00 DEBUG 15660 --- [ai-gateway] [nio-9988-exec-4] o.s.jdbc.core.JdbcTemplate               : Executing prepared SQL statement [select balance from wallets where user_id = ?]
2026-04-15T19:50:24.406+08:00 DEBUG 15660 --- [ai-gateway] [nio-9988-exec-4] o.s.jdbc.core.JdbcTemplate               : Executing prepared SQL update
2026-04-15T19:50:24.407+08:00 DEBUG 15660 --- [ai-gateway] [nio-9988-exec-4] o.s.jdbc.core.JdbcTemplate               : Executing prepared SQL statement [insert into transactions (user_id, wallet_id, order_no, transaction_type, direction, amount,
                          balance_before, balance_after, status, description_text, transaction_date)
values (?, ?, ?, 'CONSUME', 'OUT', ?, ?, ?, 'SUCCESS', ?, curdate())
]
2026-04-15T19:50:24.409+08:00 DEBUG 15660 --- [ai-gateway] [nio-9988-exec-4] o.s.jdbc.core.JdbcTemplate               : Executing prepared SQL update
2026-04-15T19:50:24.410+08:00 DEBUG 15660 --- [ai-gateway] [nio-9988-exec-4] o.s.jdbc.core.JdbcTemplate               : Executing prepared SQL statement [update api_keys
set used_quota = used_quota + ?, updated_at = now()
where id = ?
]
2026-04-15T19:50:24.414+08:00 DEBUG 15660 --- [ai-gateway] [nio-9988-exec-4] o.s.jdbc.core.JdbcTemplate               : Executing prepared SQL update
2026-04-15T19:50:24.415+08:00 DEBUG 15660 --- [ai-gateway] [nio-9988-exec-4] o.s.jdbc.core.JdbcTemplate               : Executing prepared SQL statement [insert into usage_daily (stat_date, user_id, model_code, provider_id, request_count, success_count, total_tokens, user_amount, cost_amount)
values (?, ?, ?, ?, 1, ?, ?, ?, ?)
on duplicate key update
    request_count = request_count + 1,
    success_count = success_count + values(success_count),
    total_tokens = total_tokens + values(total_tokens),
    user_amount = user_amount + values(user_amount),
    cost_amount = cost_amount + values(cost_amount),
    updated_at = now()
]
2026-04-15T19:50:24.418+08:00 DEBUG 15660 --- [ai-gateway] [nio-9988-exec-4] o.s.jdbc.core.JdbcTemplate               : SQLWarning ignored: SQL state 'HY000', error code '1287', message ['VALUES function' is deprecated and will be removed in a future release. Please use an alias (INSERT INTO ... VALUES (...) AS alias) and replace VALUES(col) in the ON DUPLICATE KEY UPDATE clause with alias.col instead]
2026-04-15T19:50:24.419+08:00 DEBUG 15660 --- [ai-gateway] [nio-9988-exec-4] o.s.jdbc.core.JdbcTemplate               : SQLWarning ignored: SQL state 'HY000', error code '1287', message ['VALUES function' is deprecated and will be removed in a future release. Please use an alias (INSERT INTO ... VALUES (...) AS alias) and replace VALUES(col) in the ON DUPLICATE KEY UPDATE clause with alias.col instead]
2026-04-15T19:50:24.421+08:00 DEBUG 15660 --- [ai-gateway] [nio-9988-exec-4] o.s.jdbc.core.JdbcTemplate               : SQLWarning ignored: SQL state 'HY000', error code '1287', message ['VALUES function' is deprecated and will be removed in a future release. Please use an alias (INSERT INTO ... VALUES (...) AS alias) and replace VALUES(col) in the ON DUPLICATE KEY UPDATE clause with alias.col instead]
2026-04-15T19:50:24.421+08:00 DEBUG 15660 --- [ai-gateway] [nio-9988-exec-4] o.s.jdbc.core.JdbcTemplate               : SQLWarning ignored: SQL state 'HY000', error code '1287', message ['VALUES function' is deprecated and will be removed in a future release. Please use an alias (INSERT INTO ... VALUES (...) AS alias) and replace VALUES(col) in the ON DUPLICATE KEY UPDATE clause with alias.col instead]
2026-04-15T19:50:24.422+08:00 DEBUG 15660 --- [ai-gateway] [nio-9988-exec-4] o.s.w.s.m.m.a.HttpEntityMethodProcessor  : Found 'Content-Type:text/event-stream;charset=UTF-8' in response
2026-04-15T19:50:24.423+08:00 DEBUG 15660 --- [ai-gateway] [nio-9988-exec-4] o.s.w.s.m.m.a.HttpEntityMethodProcessor  : Writing ["event: response.created<EOL>data: {"type":"response.created","response":{"id":"resp_0ad8ab52266f67a00169 (truncated)..."]
2026-04-15T19:50:24.425+08:00 DEBUG 15660 --- [ai-gateway] [nio-9988-exec-4] o.s.web.servlet.DispatcherServlet        : Completed 200 OK
2026-04-15T19:50:31.700+08:00 DEBUG 15660 --- [ai-gateway] [nio-9988-exec-2] o.s.web.servlet.DispatcherServlet        : POST "/v1/responses", parameters={}
2026-04-15T19:50:31.702+08:00 DEBUG 15660 --- [ai-gateway] [nio-9988-exec-2] s.w.s.m.m.a.RequestMappingHandlerMapping : Mapped to com.zxw.modules.gateway.controller.GatewayChatController#responses(String, String, HttpServletRequest)
2026-04-15T19:50:38.597+08:00 DEBUG 15660 --- [ai-gateway] [nio-9988-exec-2] m.m.a.RequestResponseBodyMethodProcessor : Read "application/json;charset=UTF-8" to ["{"model":"gpt-5.4","instructions":"You are Codex, a coding agent based on GPT-5. You and the user sh (truncated)..."]
2026-04-15T19:50:38.598+08:00 DEBUG 15660 --- [ai-gateway] [nio-9988-exec-2] o.s.jdbc.core.JdbcTemplate               : Executing prepared SQL query
2026-04-15T19:50:38.599+08:00 DEBUG 15660 --- [ai-gateway] [nio-9988-exec-2] o.s.jdbc.core.JdbcTemplate               : Executing prepared SQL statement [select k.id, k.user_id, k.secret_hash, k.status, k.total_quota, k.used_quota, k.expires_at,
       u.username, u.role_code, coalesce(w.balance, 0) as balance
from api_keys k
join users u on u.id = k.user_id and u.deleted = 0
left join wallets w on w.user_id = u.id
where k.access_key = ? and k.deleted = 0
]
2026-04-15T19:50:38.728+08:00 DEBUG 15660 --- [ai-gateway] [nio-9988-exec-2] o.s.jdbc.core.JdbcTemplate               : Executing prepared SQL update
2026-04-15T19:50:38.730+08:00 DEBUG 15660 --- [ai-gateway] [nio-9988-exec-2] o.s.jdbc.core.JdbcTemplate               : Executing prepared SQL statement [update api_keys set last_used_at = now(), updated_at = now() where id = ?]
2026-04-15T19:50:38.737+08:00 DEBUG 15660 --- [ai-gateway] [nio-9988-exec-2] o.s.jdbc.core.JdbcTemplate               : Executing prepared SQL query
2026-04-15T19:50:38.738+08:00 DEBUG 15660 --- [ai-gateway] [nio-9988-exec-2] o.s.jdbc.core.JdbcTemplate               : Executing prepared SQL statement [select m.id as model_id, m.model_code, m.model_name, m.prompt_price, m.completion_price,
       m.request_price, m.multiplier, p.id as provider_id, p.provider_name, p.base_url, p.provider_type,
       p.timeout_ms, r.upstream_model, t.id as provider_token_id, t.token_value_encrypted
from models m
join model_routes r on r.model_id = m.id and r.status = 'ACTIVE'
join providers p on p.id = r.provider_id and p.deleted = 0 and p.status = 'ACTIVE'
join provider_tokens t on t.provider_id = p.id and t.deleted = 0 and t.status = 'ACTIVE'
where m.model_code = ? and m.deleted = 0 and m.status = 'ACTIVE'
order by r.priority_no asc, t.weight_no desc, t.id asc
limit 1
]
2026-04-15T19:50:49.192+08:00 DEBUG 15660 --- [ai-gateway] [nio-9988-exec-2] o.s.jdbc.core.JdbcTemplate               : Executing prepared SQL update
2026-04-15T19:50:49.193+08:00 DEBUG 15660 --- [ai-gateway] [nio-9988-exec-2] o.s.jdbc.core.JdbcTemplate               : Executing prepared SQL statement [insert into request_logs (request_id, user_id, api_key_id, model_code, provider_id, provider_token_id, upstream_model,
                          request_path, request_method, request_ip, request_body_json, response_body_json,
                          prompt_tokens, completion_tokens, total_tokens, user_amount, cost_amount, latency_ms,
                          success, status_code, error_message, request_date, created_at)
values (?, ?, ?, ?, ?, ?, ?, ?, ?, ?, cast(? as json), cast(? as json), ?, ?, ?, ?, ?, ?, ?, ?, ?, ?, now())
]
2026-04-15T19:50:49.195+08:00 DEBUG 15660 --- [ai-gateway] [nio-9988-exec-2] o.s.jdbc.core.StatementCreatorUtils      : JDBC getParameterType call failed - using fallback method instead: java.sql.SQLException: Parameter metadata not available for the given statement
2026-04-15T19:50:49.248+08:00 DEBUG 15660 --- [ai-gateway] [nio-9988-exec-2] o.s.jdbc.core.JdbcTemplate               : Executing prepared SQL update
2026-04-15T19:50:49.249+08:00 DEBUG 15660 --- [ai-gateway] [nio-9988-exec-2] o.s.jdbc.core.JdbcTemplate               : Executing prepared SQL statement [update wallets
set balance = balance - ?, total_consume = total_consume + ?, updated_at = now()
where user_id = ?
]
2026-04-15T19:50:49.251+08:00 DEBUG 15660 --- [ai-gateway] [nio-9988-exec-2] o.s.jdbc.core.JdbcTemplate               : Executing prepared SQL query
2026-04-15T19:50:49.252+08:00 DEBUG 15660 --- [ai-gateway] [nio-9988-exec-2] o.s.jdbc.core.JdbcTemplate               : Executing prepared SQL statement [select id from wallets where user_id = ?]
2026-04-15T19:50:49.255+08:00 DEBUG 15660 --- [ai-gateway] [nio-9988-exec-2] o.s.jdbc.core.JdbcTemplate               : Executing prepared SQL query
2026-04-15T19:50:49.256+08:00 DEBUG 15660 --- [ai-gateway] [nio-9988-exec-2] o.s.jdbc.core.JdbcTemplate               : Executing prepared SQL statement [select balance from wallets where user_id = ?]
2026-04-15T19:50:49.256+08:00 DEBUG 15660 --- [ai-gateway] [nio-9988-exec-2] o.s.jdbc.core.JdbcTemplate               : Executing prepared SQL update
2026-04-15T19:50:49.259+08:00 DEBUG 15660 --- [ai-gateway] [nio-9988-exec-2] o.s.jdbc.core.JdbcTemplate               : Executing prepared SQL statement [insert into transactions (user_id, wallet_id, order_no, transaction_type, direction, amount,
                          balance_before, balance_after, status, description_text, transaction_date)
values (?, ?, ?, 'CONSUME', 'OUT', ?, ?, ?, 'SUCCESS', ?, curdate())
]
2026-04-15T19:50:49.261+08:00 DEBUG 15660 --- [ai-gateway] [nio-9988-exec-2] o.s.jdbc.core.JdbcTemplate               : Executing prepared SQL update
2026-04-15T19:50:49.262+08:00 DEBUG 15660 --- [ai-gateway] [nio-9988-exec-2] o.s.jdbc.core.JdbcTemplate               : Executing prepared SQL statement [update api_keys
set used_quota = used_quota + ?, updated_at = now()
where id = ?
]
2026-04-15T19:50:49.266+08:00 DEBUG 15660 --- [ai-gateway] [nio-9988-exec-2] o.s.jdbc.core.JdbcTemplate               : Executing prepared SQL update
2026-04-15T19:50:49.267+08:00 DEBUG 15660 --- [ai-gateway] [nio-9988-exec-2] o.s.jdbc.core.JdbcTemplate               : Executing prepared SQL statement [insert into usage_daily (stat_date, user_id, model_code, provider_id, request_count, success_count, total_tokens, user_amount, cost_amount)
values (?, ?, ?, ?, 1, ?, ?, ?, ?)
on duplicate key update
    request_count = request_count + 1,
    success_count = success_count + values(success_count),
    total_tokens = total_tokens + values(total_tokens),
    user_amount = user_amount + values(user_amount),
    cost_amount = cost_amount + values(cost_amount),
    updated_at = now()
]
2026-04-15T19:50:49.271+08:00 DEBUG 15660 --- [ai-gateway] [nio-9988-exec-2] o.s.jdbc.core.JdbcTemplate               : SQLWarning ignored: SQL state 'HY000', error code '1287', message ['VALUES function' is deprecated and will be removed in a future release. Please use an alias (INSERT INTO ... VALUES (...) AS alias) and replace VALUES(col) in the ON DUPLICATE KEY UPDATE clause with alias.col instead]
2026-04-15T19:50:49.273+08:00 DEBUG 15660 --- [ai-gateway] [nio-9988-exec-2] o.s.jdbc.core.JdbcTemplate               : SQLWarning ignored: SQL state 'HY000', error code '1287', message ['VALUES function' is deprecated and will be removed in a future release. Please use an alias (INSERT INTO ... VALUES (...) AS alias) and replace VALUES(col) in the ON DUPLICATE KEY UPDATE clause with alias.col instead]
2026-04-15T19:50:49.273+08:00 DEBUG 15660 --- [ai-gateway] [nio-9988-exec-2] o.s.jdbc.core.JdbcTemplate               : SQLWarning ignored: SQL state 'HY000', error code '1287', message ['VALUES function' is deprecated and will be removed in a future release. Please use an alias (INSERT INTO ... VALUES (...) AS alias) and replace VALUES(col) in the ON DUPLICATE KEY UPDATE clause with alias.col instead]
2026-04-15T19:50:49.273+08:00 DEBUG 15660 --- [ai-gateway] [nio-9988-exec-2] o.s.jdbc.core.JdbcTemplate               : SQLWarning ignored: SQL state 'HY000', error code '1287', message ['VALUES function' is deprecated and will be removed in a future release. Please use an alias (INSERT INTO ... VALUES (...) AS alias) and replace VALUES(col) in the ON DUPLICATE KEY UPDATE clause with alias.col instead]
2026-04-15T19:50:49.275+08:00 DEBUG 15660 --- [ai-gateway] [nio-9988-exec-2] o.s.w.s.m.m.a.HttpEntityMethodProcessor  : Found 'Content-Type:text/event-stream;charset=UTF-8' in response
2026-04-15T19:50:49.275+08:00 DEBUG 15660 --- [ai-gateway] [nio-9988-exec-2] o.s.w.s.m.m.a.HttpEntityMethodProcessor  : Writing ["event: response.created<EOL>data: {"type":"response.created","response":{"id":"resp_016eb52e1757fd100169 (truncated)..."]
2026-04-15T19:50:49.280+08:00 DEBUG 15660 --- [ai-gateway] [nio-9988-exec-2] o.s.web.servlet.DispatcherServlet        : Completed 200 OK
2026-04-15T19:50:54.598+08:00 DEBUG 15660 --- [ai-gateway] [nio-9988-exec-7] o.s.web.servlet.DispatcherServlet        : POST "/v1/responses", parameters={}
2026-04-15T19:50:54.601+08:00 DEBUG 15660 --- [ai-gateway] [nio-9988-exec-7] s.w.s.m.m.a.RequestMappingHandlerMapping : Mapped to com.zxw.modules.gateway.controller.GatewayChatController#responses(String, String, HttpServletRequest)
2026-04-15T19:51:01.528+08:00 DEBUG 15660 --- [ai-gateway] [nio-9988-exec-7] m.m.a.RequestResponseBodyMethodProcessor : Read "application/json;charset=UTF-8" to ["{"model":"gpt-5.4","instructions":"You are Codex, a coding agent based on GPT-5. You and the user sh (truncated)..."]
2026-04-15T19:51:01.529+08:00 DEBUG 15660 --- [ai-gateway] [nio-9988-exec-7] o.s.jdbc.core.JdbcTemplate               : Executing prepared SQL query
2026-04-15T19:51:01.530+08:00 DEBUG 15660 --- [ai-gateway] [nio-9988-exec-7] o.s.jdbc.core.JdbcTemplate               : Executing prepared SQL statement [select k.id, k.user_id, k.secret_hash, k.status, k.total_quota, k.used_quota, k.expires_at,
       u.username, u.role_code, coalesce(w.balance, 0) as balance
from api_keys k
join users u on u.id = k.user_id and u.deleted = 0
left join wallets w on w.user_id = u.id
where k.access_key = ? and k.deleted = 0
]
2026-04-15T19:51:01.681+08:00 DEBUG 15660 --- [ai-gateway] [nio-9988-exec-7] o.s.jdbc.core.JdbcTemplate               : Executing prepared SQL update
2026-04-15T19:51:01.682+08:00 DEBUG 15660 --- [ai-gateway] [nio-9988-exec-7] o.s.jdbc.core.JdbcTemplate               : Executing prepared SQL statement [update api_keys set last_used_at = now(), updated_at = now() where id = ?]
2026-04-15T19:51:01.692+08:00 DEBUG 15660 --- [ai-gateway] [nio-9988-exec-7] o.s.jdbc.core.JdbcTemplate               : Executing prepared SQL query
2026-04-15T19:51:01.693+08:00 DEBUG 15660 --- [ai-gateway] [nio-9988-exec-7] o.s.jdbc.core.JdbcTemplate               : Executing prepared SQL statement [select m.id as model_id, m.model_code, m.model_name, m.prompt_price, m.completion_price,
       m.request_price, m.multiplier, p.id as provider_id, p.provider_name, p.base_url, p.provider_type,
       p.timeout_ms, r.upstream_model, t.id as provider_token_id, t.token_value_encrypted
from models m
join model_routes r on r.model_id = m.id and r.status = 'ACTIVE'
join providers p on p.id = r.provider_id and p.deleted = 0 and p.status = 'ACTIVE'
join provider_tokens t on t.provider_id = p.id and t.deleted = 0 and t.status = 'ACTIVE'
where m.model_code = ? and m.deleted = 0 and m.status = 'ACTIVE'
order by r.priority_no asc, t.weight_no desc, t.id asc
limit 1
]
2026-04-15T19:51:12.447+08:00 DEBUG 15660 --- [ai-gateway] [nio-9988-exec-7] o.s.jdbc.core.JdbcTemplate               : Executing prepared SQL update
2026-04-15T19:51:12.449+08:00 DEBUG 15660 --- [ai-gateway] [nio-9988-exec-7] o.s.jdbc.core.JdbcTemplate               : Executing prepared SQL statement [insert into request_logs (request_id, user_id, api_key_id, model_code, provider_id, provider_token_id, upstream_model,
                          request_path, request_method, request_ip, request_body_json, response_body_json,
                          prompt_tokens, completion_tokens, total_tokens, user_amount, cost_amount, latency_ms,
                          success, status_code, error_message, request_date, created_at)
values (?, ?, ?, ?, ?, ?, ?, ?, ?, ?, cast(? as json), cast(? as json), ?, ?, ?, ?, ?, ?, ?, ?, ?, ?, now())
]
2026-04-15T19:51:12.452+08:00 DEBUG 15660 --- [ai-gateway] [nio-9988-exec-7] o.s.jdbc.core.StatementCreatorUtils      : JDBC getParameterType call failed - using fallback method instead: java.sql.SQLException: Parameter metadata not available for the given statement
2026-04-15T19:51:12.527+08:00 DEBUG 15660 --- [ai-gateway] [nio-9988-exec-7] o.s.jdbc.core.JdbcTemplate               : Executing prepared SQL update
2026-04-15T19:51:12.528+08:00 DEBUG 15660 --- [ai-gateway] [nio-9988-exec-7] o.s.jdbc.core.JdbcTemplate               : Executing prepared SQL statement [update wallets
set balance = balance - ?, total_consume = total_consume + ?, updated_at = now()
where user_id = ?
]
2026-04-15T19:51:12.532+08:00 DEBUG 15660 --- [ai-gateway] [nio-9988-exec-7] o.s.jdbc.core.JdbcTemplate               : Executing prepared SQL query
2026-04-15T19:51:12.534+08:00 DEBUG 15660 --- [ai-gateway] [nio-9988-exec-7] o.s.jdbc.core.JdbcTemplate               : Executing prepared SQL statement [select id from wallets where user_id = ?]
2026-04-15T19:51:12.535+08:00 DEBUG 15660 --- [ai-gateway] [nio-9988-exec-7] o.s.jdbc.core.JdbcTemplate               : Executing prepared SQL query
2026-04-15T19:51:12.536+08:00 DEBUG 15660 --- [ai-gateway] [nio-9988-exec-7] o.s.jdbc.core.JdbcTemplate               : Executing prepared SQL statement [select balance from wallets where user_id = ?]
2026-04-15T19:51:12.537+08:00 DEBUG 15660 --- [ai-gateway] [nio-9988-exec-7] o.s.jdbc.core.JdbcTemplate               : Executing prepared SQL update
2026-04-15T19:51:12.538+08:00 DEBUG 15660 --- [ai-gateway] [nio-9988-exec-7] o.s.jdbc.core.JdbcTemplate               : Executing prepared SQL statement [insert into transactions (user_id, wallet_id, order_no, transaction_type, direction, amount,
                          balance_before, balance_after, status, description_text, transaction_date)
values (?, ?, ?, 'CONSUME', 'OUT', ?, ?, ?, 'SUCCESS', ?, curdate())
]
2026-04-15T19:51:12.541+08:00 DEBUG 15660 --- [ai-gateway] [nio-9988-exec-7] o.s.jdbc.core.JdbcTemplate               : Executing prepared SQL update
2026-04-15T19:51:12.543+08:00 DEBUG 15660 --- [ai-gateway] [nio-9988-exec-7] o.s.jdbc.core.JdbcTemplate               : Executing prepared SQL statement [update api_keys
set used_quota = used_quota + ?, updated_at = now()
where id = ?
]
2026-04-15T19:51:12.546+08:00 DEBUG 15660 --- [ai-gateway] [nio-9988-exec-7] o.s.jdbc.core.JdbcTemplate               : Executing prepared SQL update
2026-04-15T19:51:12.548+08:00 DEBUG 15660 --- [ai-gateway] [nio-9988-exec-7] o.s.jdbc.core.JdbcTemplate               : Executing prepared SQL statement [insert into usage_daily (stat_date, user_id, model_code, provider_id, request_count, success_count, total_tokens, user_amount, cost_amount)
values (?, ?, ?, ?, 1, ?, ?, ?, ?)
on duplicate key update
    request_count = request_count + 1,
    success_count = success_count + values(success_count),
    total_tokens = total_tokens + values(total_tokens),
    user_amount = user_amount + values(user_amount),
    cost_amount = cost_amount + values(cost_amount),
    updated_at = now()
]
2026-04-15T19:51:12.552+08:00 DEBUG 15660 --- [ai-gateway] [nio-9988-exec-7] o.s.jdbc.core.JdbcTemplate               : SQLWarning ignored: SQL state 'HY000', error code '1287', message ['VALUES function' is deprecated and will be removed in a future release. Please use an alias (INSERT INTO ... VALUES (...) AS alias) and replace VALUES(col) in the ON DUPLICATE KEY UPDATE clause with alias.col instead]
2026-04-15T19:51:12.553+08:00 DEBUG 15660 --- [ai-gateway] [nio-9988-exec-7] o.s.jdbc.core.JdbcTemplate               : SQLWarning ignored: SQL state 'HY000', error code '1287', message ['VALUES function' is deprecated and will be removed in a future release. Please use an alias (INSERT INTO ... VALUES (...) AS alias) and replace VALUES(col) in the ON DUPLICATE KEY UPDATE clause with alias.col instead]
2026-04-15T19:51:12.553+08:00 DEBUG 15660 --- [ai-gateway] [nio-9988-exec-7] o.s.jdbc.core.JdbcTemplate               : SQLWarning ignored: SQL state 'HY000', error code '1287', message ['VALUES function' is deprecated and will be removed in a future release. Please use an alias (INSERT INTO ... VALUES (...) AS alias) and replace VALUES(col) in the ON DUPLICATE KEY UPDATE clause with alias.col instead]
2026-04-15T19:51:12.554+08:00 DEBUG 15660 --- [ai-gateway] [nio-9988-exec-7] o.s.jdbc.core.JdbcTemplate               : SQLWarning ignored: SQL state 'HY000', error code '1287', message ['VALUES function' is deprecated and will be removed in a future release. Please use an alias (INSERT INTO ... VALUES (...) AS alias) and replace VALUES(col) in the ON DUPLICATE KEY UPDATE clause with alias.col instead]
2026-04-15T19:51:12.555+08:00 DEBUG 15660 --- [ai-gateway] [nio-9988-exec-7] o.s.w.s.m.m.a.HttpEntityMethodProcessor  : Found 'Content-Type:text/event-stream;charset=UTF-8' in response
2026-04-15T19:51:12.555+08:00 DEBUG 15660 --- [ai-gateway] [nio-9988-exec-7] o.s.w.s.m.m.a.HttpEntityMethodProcessor  : Writing ["event: response.created<EOL>data: {"type":"response.created","response":{"id":"resp_051644f2acf6f99f0169 (truncated)..."]
2026-04-15T19:51:12.558+08:00 DEBUG 15660 --- [ai-gateway] [nio-9988-exec-7] o.s.web.servlet.DispatcherServlet        : Completed 200 OK
2026-04-15T19:51:16.969+08:00 DEBUG 15660 --- [ai-gateway] [nio-9988-exec-6] o.s.web.servlet.DispatcherServlet        : POST "/v1/responses", parameters={}
2026-04-15T19:51:16.971+08:00 DEBUG 15660 --- [ai-gateway] [nio-9988-exec-6] s.w.s.m.m.a.RequestMappingHandlerMapping : Mapped to com.zxw.modules.gateway.controller.GatewayChatController#responses(String, String, HttpServletRequest)
2026-04-15T19:51:23.940+08:00 DEBUG 15660 --- [ai-gateway] [nio-9988-exec-6] m.m.a.RequestResponseBodyMethodProcessor : Read "application/json;charset=UTF-8" to ["{"model":"gpt-5.4","instructions":"You are Codex, a coding agent based on GPT-5. You and the user sh (truncated)..."]
2026-04-15T19:51:23.943+08:00 DEBUG 15660 --- [ai-gateway] [nio-9988-exec-6] o.s.jdbc.core.JdbcTemplate               : Executing prepared SQL query
2026-04-15T19:51:23.944+08:00 DEBUG 15660 --- [ai-gateway] [nio-9988-exec-6] o.s.jdbc.core.JdbcTemplate               : Executing prepared SQL statement [select k.id, k.user_id, k.secret_hash, k.status, k.total_quota, k.used_quota, k.expires_at,
       u.username, u.role_code, coalesce(w.balance, 0) as balance
from api_keys k
join users u on u.id = k.user_id and u.deleted = 0
left join wallets w on w.user_id = u.id
where k.access_key = ? and k.deleted = 0
]
2026-04-15T19:51:24.062+08:00 DEBUG 15660 --- [ai-gateway] [nio-9988-exec-6] o.s.jdbc.core.JdbcTemplate               : Executing prepared SQL update
2026-04-15T19:51:24.063+08:00 DEBUG 15660 --- [ai-gateway] [nio-9988-exec-6] o.s.jdbc.core.JdbcTemplate               : Executing prepared SQL statement [update api_keys set last_used_at = now(), updated_at = now() where id = ?]
2026-04-15T19:51:24.071+08:00 DEBUG 15660 --- [ai-gateway] [nio-9988-exec-6] o.s.jdbc.core.JdbcTemplate               : Executing prepared SQL query
2026-04-15T19:51:24.072+08:00 DEBUG 15660 --- [ai-gateway] [nio-9988-exec-6] o.s.jdbc.core.JdbcTemplate               : Executing prepared SQL statement [select m.id as model_id, m.model_code, m.model_name, m.prompt_price, m.completion_price,
       m.request_price, m.multiplier, p.id as provider_id, p.provider_name, p.base_url, p.provider_type,
       p.timeout_ms, r.upstream_model, t.id as provider_token_id, t.token_value_encrypted
from models m
join model_routes r on r.model_id = m.id and r.status = 'ACTIVE'
join providers p on p.id = r.provider_id and p.deleted = 0 and p.status = 'ACTIVE'
join provider_tokens t on t.provider_id = p.id and t.deleted = 0 and t.status = 'ACTIVE'
where m.model_code = ? and m.deleted = 0 and m.status = 'ACTIVE'
order by r.priority_no asc, t.weight_no desc, t.id asc
limit 1
]
2026-04-15T19:51:32.820+08:00 DEBUG 15660 --- [ai-gateway] [nio-9988-exec-6] o.s.jdbc.core.JdbcTemplate               : Executing prepared SQL update
2026-04-15T19:51:32.821+08:00 DEBUG 15660 --- [ai-gateway] [nio-9988-exec-6] o.s.jdbc.core.JdbcTemplate               : Executing prepared SQL statement [insert into request_logs (request_id, user_id, api_key_id, model_code, provider_id, provider_token_id, upstream_model,
                          request_path, request_method, request_ip, request_body_json, response_body_json,
                          prompt_tokens, completion_tokens, total_tokens, user_amount, cost_amount, latency_ms,
                          success, status_code, error_message, request_date, created_at)
values (?, ?, ?, ?, ?, ?, ?, ?, ?, ?, cast(? as json), cast(? as json), ?, ?, ?, ?, ?, ?, ?, ?, ?, ?, now())
]
2026-04-15T19:51:32.822+08:00 DEBUG 15660 --- [ai-gateway] [nio-9988-exec-6] o.s.jdbc.core.StatementCreatorUtils      : JDBC getParameterType call failed - using fallback method instead: java.sql.SQLException: Parameter metadata not available for the given statement
2026-04-15T19:51:32.972+08:00 DEBUG 15660 --- [ai-gateway] [nio-9988-exec-6] o.s.jdbc.core.JdbcTemplate               : Executing prepared SQL update
2026-04-15T19:51:32.973+08:00 DEBUG 15660 --- [ai-gateway] [nio-9988-exec-6] o.s.jdbc.core.JdbcTemplate               : Executing prepared SQL statement [update wallets
set balance = balance - ?, total_consume = total_consume + ?, updated_at = now()
where user_id = ?
]
2026-04-15T19:51:32.977+08:00 DEBUG 15660 --- [ai-gateway] [nio-9988-exec-6] o.s.jdbc.core.JdbcTemplate               : Executing prepared SQL query
2026-04-15T19:51:32.979+08:00 DEBUG 15660 --- [ai-gateway] [nio-9988-exec-6] o.s.jdbc.core.JdbcTemplate               : Executing prepared SQL statement [select id from wallets where user_id = ?]
2026-04-15T19:51:32.980+08:00 DEBUG 15660 --- [ai-gateway] [nio-9988-exec-6] o.s.jdbc.core.JdbcTemplate               : Executing prepared SQL query
2026-04-15T19:51:32.981+08:00 DEBUG 15660 --- [ai-gateway] [nio-9988-exec-6] o.s.jdbc.core.JdbcTemplate               : Executing prepared SQL statement [select balance from wallets where user_id = ?]
2026-04-15T19:51:32.984+08:00 DEBUG 15660 --- [ai-gateway] [nio-9988-exec-6] o.s.jdbc.core.JdbcTemplate               : Executing prepared SQL update
2026-04-15T19:51:32.985+08:00 DEBUG 15660 --- [ai-gateway] [nio-9988-exec-6] o.s.jdbc.core.JdbcTemplate               : Executing prepared SQL statement [insert into transactions (user_id, wallet_id, order_no, transaction_type, direction, amount,
                          balance_before, balance_after, status, description_text, transaction_date)
values (?, ?, ?, 'CONSUME', 'OUT', ?, ?, ?, 'SUCCESS', ?, curdate())
]
2026-04-15T19:51:32.989+08:00 DEBUG 15660 --- [ai-gateway] [nio-9988-exec-6] o.s.jdbc.core.JdbcTemplate               : Executing prepared SQL update
2026-04-15T19:51:32.990+08:00 DEBUG 15660 --- [ai-gateway] [nio-9988-exec-6] o.s.jdbc.core.JdbcTemplate               : Executing prepared SQL statement [update api_keys
set used_quota = used_quota + ?, updated_at = now()
where id = ?
]
2026-04-15T19:51:32.993+08:00 DEBUG 15660 --- [ai-gateway] [nio-9988-exec-6] o.s.jdbc.core.JdbcTemplate               : Executing prepared SQL update
2026-04-15T19:51:32.994+08:00 DEBUG 15660 --- [ai-gateway] [nio-9988-exec-6] o.s.jdbc.core.JdbcTemplate               : Executing prepared SQL statement [insert into usage_daily (stat_date, user_id, model_code, provider_id, request_count, success_count, total_tokens, user_amount, cost_amount)
values (?, ?, ?, ?, 1, ?, ?, ?, ?)
on duplicate key update
    request_count = request_count + 1,
    success_count = success_count + values(success_count),
    total_tokens = total_tokens + values(total_tokens),
    user_amount = user_amount + values(user_amount),
    cost_amount = cost_amount + values(cost_amount),
    updated_at = now()
]
2026-04-15T19:51:33.001+08:00 DEBUG 15660 --- [ai-gateway] [nio-9988-exec-6] o.s.jdbc.core.JdbcTemplate               : SQLWarning ignored: SQL state 'HY000', error code '1287', message ['VALUES function' is deprecated and will be removed in a future release. Please use an alias (INSERT INTO ... VALUES (...) AS alias) and replace VALUES(col) in the ON DUPLICATE KEY UPDATE clause with alias.col instead]
2026-04-15T19:51:33.002+08:00 DEBUG 15660 --- [ai-gateway] [nio-9988-exec-6] o.s.jdbc.core.JdbcTemplate               : SQLWarning ignored: SQL state 'HY000', error code '1287', message ['VALUES function' is deprecated and will be removed in a future release. Please use an alias (INSERT INTO ... VALUES (...) AS alias) and replace VALUES(col) in the ON DUPLICATE KEY UPDATE clause with alias.col instead]
2026-04-15T19:51:33.003+08:00 DEBUG 15660 --- [ai-gateway] [nio-9988-exec-6] o.s.jdbc.core.JdbcTemplate               : SQLWarning ignored: SQL state 'HY000', error code '1287', message ['VALUES function' is deprecated and will be removed in a future release. Please use an alias (INSERT INTO ... VALUES (...) AS alias) and replace VALUES(col) in the ON DUPLICATE KEY UPDATE clause with alias.col instead]
2026-04-15T19:51:33.004+08:00 DEBUG 15660 --- [ai-gateway] [nio-9988-exec-6] o.s.jdbc.core.JdbcTemplate               : SQLWarning ignored: SQL state 'HY000', error code '1287', message ['VALUES function' is deprecated and will be removed in a future release. Please use an alias (INSERT INTO ... VALUES (...) AS alias) and replace VALUES(col) in the ON DUPLICATE KEY UPDATE clause with alias.col instead]
2026-04-15T19:51:33.004+08:00 DEBUG 15660 --- [ai-gateway] [nio-9988-exec-6] o.s.w.s.m.m.a.HttpEntityMethodProcessor  : Found 'Content-Type:text/event-stream;charset=UTF-8' in response
2026-04-15T19:51:33.005+08:00 DEBUG 15660 --- [ai-gateway] [nio-9988-exec-6] o.s.w.s.m.m.a.HttpEntityMethodProcessor  : Writing ["event: response.created<EOL>data: {"type":"response.created","response":{"id":"resp_0ef7b932af8f52590169 (truncated)..."]
2026-04-15T19:51:33.009+08:00 DEBUG 15660 --- [ai-gateway] [nio-9988-exec-6] o.s.web.servlet.DispatcherServlet        : Completed 200 OK
2026-04-15T19:51:49.900+08:00 DEBUG 15660 --- [ai-gateway] [nio-9988-exec-8] o.s.web.servlet.DispatcherServlet        : POST "/v1/responses", parameters={}
2026-04-15T19:51:49.902+08:00 DEBUG 15660 --- [ai-gateway] [nio-9988-exec-8] s.w.s.m.m.a.RequestMappingHandlerMapping : Mapped to com.zxw.modules.gateway.controller.GatewayChatController#responses(String, String, HttpServletRequest)
2026-04-15T19:51:56.880+08:00 DEBUG 15660 --- [ai-gateway] [nio-9988-exec-8] m.m.a.RequestResponseBodyMethodProcessor : Read "application/json;charset=UTF-8" to ["{"model":"gpt-5.4","instructions":"You are Codex, a coding agent based on GPT-5. You and the user sh (truncated)..."]
2026-04-15T19:51:56.882+08:00 DEBUG 15660 --- [ai-gateway] [nio-9988-exec-8] o.s.jdbc.core.JdbcTemplate               : Executing prepared SQL query
2026-04-15T19:51:56.883+08:00 DEBUG 15660 --- [ai-gateway] [nio-9988-exec-8] o.s.jdbc.core.JdbcTemplate               : Executing prepared SQL statement [select k.id, k.user_id, k.secret_hash, k.status, k.total_quota, k.used_quota, k.expires_at,
       u.username, u.role_code, coalesce(w.balance, 0) as balance
from api_keys k
join users u on u.id = k.user_id and u.deleted = 0
left join wallets w on w.user_id = u.id
where k.access_key = ? and k.deleted = 0
]
2026-04-15T19:51:57.044+08:00 DEBUG 15660 --- [ai-gateway] [nio-9988-exec-8] o.s.jdbc.core.JdbcTemplate               : Executing prepared SQL update
2026-04-15T19:51:57.046+08:00 DEBUG 15660 --- [ai-gateway] [nio-9988-exec-8] o.s.jdbc.core.JdbcTemplate               : Executing prepared SQL statement [update api_keys set last_used_at = now(), updated_at = now() where id = ?]
2026-04-15T19:51:57.055+08:00 DEBUG 15660 --- [ai-gateway] [nio-9988-exec-8] o.s.jdbc.core.JdbcTemplate               : Executing prepared SQL query
2026-04-15T19:51:57.056+08:00 DEBUG 15660 --- [ai-gateway] [nio-9988-exec-8] o.s.jdbc.core.JdbcTemplate               : Executing prepared SQL statement [select m.id as model_id, m.model_code, m.model_name, m.prompt_price, m.completion_price,
       m.request_price, m.multiplier, p.id as provider_id, p.provider_name, p.base_url, p.provider_type,
       p.timeout_ms, r.upstream_model, t.id as provider_token_id, t.token_value_encrypted
from models m
join model_routes r on r.model_id = m.id and r.status = 'ACTIVE'
join providers p on p.id = r.provider_id and p.deleted = 0 and p.status = 'ACTIVE'
join provider_tokens t on t.provider_id = p.id and t.deleted = 0 and t.status = 'ACTIVE'
where m.model_code = ? and m.deleted = 0 and m.status = 'ACTIVE'
order by r.priority_no asc, t.weight_no desc, t.id asc
limit 1
]
2026-04-15T19:52:06.524+08:00 DEBUG 15660 --- [ai-gateway] [nio-9988-exec-8] o.s.jdbc.core.JdbcTemplate               : Executing prepared SQL update
2026-04-15T19:52:06.525+08:00 DEBUG 15660 --- [ai-gateway] [nio-9988-exec-8] o.s.jdbc.core.JdbcTemplate               : Executing prepared SQL statement [insert into request_logs (request_id, user_id, api_key_id, model_code, provider_id, provider_token_id, upstream_model,
                          request_path, request_method, request_ip, request_body_json, response_body_json,
                          prompt_tokens, completion_tokens, total_tokens, user_amount, cost_amount, latency_ms,
                          success, status_code, error_message, request_date, created_at)
values (?, ?, ?, ?, ?, ?, ?, ?, ?, ?, cast(? as json), cast(? as json), ?, ?, ?, ?, ?, ?, ?, ?, ?, ?, now())
]
2026-04-15T19:52:06.526+08:00 DEBUG 15660 --- [ai-gateway] [nio-9988-exec-8] o.s.jdbc.core.StatementCreatorUtils      : JDBC getParameterType call failed - using fallback method instead: java.sql.SQLException: Parameter metadata not available for the given statement
2026-04-15T19:52:06.587+08:00 DEBUG 15660 --- [ai-gateway] [nio-9988-exec-8] o.s.jdbc.core.JdbcTemplate               : Executing prepared SQL update
2026-04-15T19:52:06.588+08:00 DEBUG 15660 --- [ai-gateway] [nio-9988-exec-8] o.s.jdbc.core.JdbcTemplate               : Executing prepared SQL statement [update wallets
set balance = balance - ?, total_consume = total_consume + ?, updated_at = now()
where user_id = ?
]
2026-04-15T19:52:06.591+08:00 DEBUG 15660 --- [ai-gateway] [nio-9988-exec-8] o.s.jdbc.core.JdbcTemplate               : Executing prepared SQL query
2026-04-15T19:52:06.592+08:00 DEBUG 15660 --- [ai-gateway] [nio-9988-exec-8] o.s.jdbc.core.JdbcTemplate               : Executing prepared SQL statement [select id from wallets where user_id = ?]
2026-04-15T19:52:06.594+08:00 DEBUG 15660 --- [ai-gateway] [nio-9988-exec-8] o.s.jdbc.core.JdbcTemplate               : Executing prepared SQL query
2026-04-15T19:52:06.595+08:00 DEBUG 15660 --- [ai-gateway] [nio-9988-exec-8] o.s.jdbc.core.JdbcTemplate               : Executing prepared SQL statement [select balance from wallets where user_id = ?]
2026-04-15T19:52:06.598+08:00 DEBUG 15660 --- [ai-gateway] [nio-9988-exec-8] o.s.jdbc.core.JdbcTemplate               : Executing prepared SQL update
2026-04-15T19:52:06.599+08:00 DEBUG 15660 --- [ai-gateway] [nio-9988-exec-8] o.s.jdbc.core.JdbcTemplate               : Executing prepared SQL statement [insert into transactions (user_id, wallet_id, order_no, transaction_type, direction, amount,
                          balance_before, balance_after, status, description_text, transaction_date)
values (?, ?, ?, 'CONSUME', 'OUT', ?, ?, ?, 'SUCCESS', ?, curdate())
]
2026-04-15T19:52:06.603+08:00 DEBUG 15660 --- [ai-gateway] [nio-9988-exec-8] o.s.jdbc.core.JdbcTemplate               : Executing prepared SQL update
2026-04-15T19:52:06.604+08:00 DEBUG 15660 --- [ai-gateway] [nio-9988-exec-8] o.s.jdbc.core.JdbcTemplate               : Executing prepared SQL statement [update api_keys
set used_quota = used_quota + ?, updated_at = now()
where id = ?
]
2026-04-15T19:52:06.606+08:00 DEBUG 15660 --- [ai-gateway] [nio-9988-exec-8] o.s.jdbc.core.JdbcTemplate               : Executing prepared SQL update
2026-04-15T19:52:06.607+08:00 DEBUG 15660 --- [ai-gateway] [nio-9988-exec-8] o.s.jdbc.core.JdbcTemplate               : Executing prepared SQL statement [insert into usage_daily (stat_date, user_id, model_code, provider_id, request_count, success_count, total_tokens, user_amount, cost_amount)
values (?, ?, ?, ?, 1, ?, ?, ?, ?)
on duplicate key update
    request_count = request_count + 1,
    success_count = success_count + values(success_count),
    total_tokens = total_tokens + values(total_tokens),
    user_amount = user_amount + values(user_amount),
    cost_amount = cost_amount + values(cost_amount),
    updated_at = now()
]
2026-04-15T19:52:06.611+08:00 DEBUG 15660 --- [ai-gateway] [nio-9988-exec-8] o.s.jdbc.core.JdbcTemplate               : SQLWarning ignored: SQL state 'HY000', error code '1287', message ['VALUES function' is deprecated and will be removed in a future release. Please use an alias (INSERT INTO ... VALUES (...) AS alias) and replace VALUES(col) in the ON DUPLICATE KEY UPDATE clause with alias.col instead]
2026-04-15T19:52:06.612+08:00 DEBUG 15660 --- [ai-gateway] [nio-9988-exec-8] o.s.jdbc.core.JdbcTemplate               : SQLWarning ignored: SQL state 'HY000', error code '1287', message ['VALUES function' is deprecated and will be removed in a future release. Please use an alias (INSERT INTO ... VALUES (...) AS alias) and replace VALUES(col) in the ON DUPLICATE KEY UPDATE clause with alias.col instead]
2026-04-15T19:52:06.613+08:00 DEBUG 15660 --- [ai-gateway] [nio-9988-exec-8] o.s.jdbc.core.JdbcTemplate               : SQLWarning ignored: SQL state 'HY000', error code '1287', message ['VALUES function' is deprecated and will be removed in a future release. Please use an alias (INSERT INTO ... VALUES (...) AS alias) and replace VALUES(col) in the ON DUPLICATE KEY UPDATE clause with alias.col instead]
2026-04-15T19:52:06.613+08:00 DEBUG 15660 --- [ai-gateway] [nio-9988-exec-8] o.s.jdbc.core.JdbcTemplate               : SQLWarning ignored: SQL state 'HY000', error code '1287', message ['VALUES function' is deprecated and will be removed in a future release. Please use an alias (INSERT INTO ... VALUES (...) AS alias) and replace VALUES(col) in the ON DUPLICATE KEY UPDATE clause with alias.col instead]
2026-04-15T19:52:06.614+08:00 DEBUG 15660 --- [ai-gateway] [nio-9988-exec-8] o.s.w.s.m.m.a.HttpEntityMethodProcessor  : Found 'Content-Type:text/event-stream;charset=UTF-8' in response
2026-04-15T19:52:06.615+08:00 DEBUG 15660 --- [ai-gateway] [nio-9988-exec-8] o.s.w.s.m.m.a.HttpEntityMethodProcessor  : Writing ["event: response.created<EOL>data: {"type":"response.created","response":{"id":"resp_029254bb8246a9d50169 (truncated)..."]
2026-04-15T19:52:06.619+08:00 DEBUG 15660 --- [ai-gateway] [nio-9988-exec-8] o.s.web.servlet.DispatcherServlet        : Completed 200 OK
2026-04-15T19:52:08.870+08:00 DEBUG 15660 --- [ai-gateway] [nio-9988-exec-4] o.s.web.servlet.DispatcherServlet        : GET "/v1", parameters={}
2026-04-15T19:52:08.917+08:00 DEBUG 15660 --- [ai-gateway] [nio-9988-exec-4] o.s.w.s.handler.SimpleUrlHandlerMapping  : Mapped to ResourceHttpRequestHandler [classpath [META-INF/resources/], classpath [resources/], classpath [static/], classpath [public/], ServletContext [/]]
2026-04-15T19:52:08.952+08:00 DEBUG 15660 --- [ai-gateway] [nio-9988-exec-4] o.s.w.s.r.ResourceHttpRequestHandler     : Resource not found
2026-04-15T19:52:08.981+08:00 DEBUG 15660 --- [ai-gateway] [nio-9988-exec-4] .m.m.a.ExceptionHandlerExceptionResolver : Using @ExceptionHandler com.zxw.common.exception.GlobalExceptionHandler#handleOther(Exception, HttpServletRequest)
2026-04-15T19:52:08.984+08:00 DEBUG 15660 --- [ai-gateway] [nio-9988-exec-4] o.s.w.s.m.m.a.HttpEntityMethodProcessor  : Found 'Content-Type:application/json' in response
2026-04-15T19:52:08.989+08:00 DEBUG 15660 --- [ai-gateway] [nio-9988-exec-4] o.s.w.s.m.m.a.HttpEntityMethodProcessor  : Writing [ApiResponse[success=false, message=Handler dispatch failed: java.lang.NoClassDefFoundError: org/spri (truncated)...]
2026-04-15T19:52:08.996+08:00 DEBUG 15660 --- [ai-gateway] [nio-9988-exec-4] .m.m.a.ExceptionHandlerExceptionResolver : Resolved [jakarta.servlet.ServletException: Handler dispatch failed: java.lang.NoClassDefFoundError: org/springframework/web/ErrorResponse$Builder]
2026-04-15T19:52:08.996+08:00 DEBUG 15660 --- [ai-gateway] [nio-9988-exec-4] o.s.web.servlet.DispatcherServlet        : Completed 500 INTERNAL_SERVER_ERROR
2026-04-15T19:52:22.979+08:00 DEBUG 15660 --- [ai-gateway] [nio-9988-exec-9] o.s.web.servlet.DispatcherServlet        : POST "/v1/responses", parameters={}
2026-04-15T19:52:22.982+08:00 DEBUG 15660 --- [ai-gateway] [nio-9988-exec-9] s.w.s.m.m.a.RequestMappingHandlerMapping : Mapped to com.zxw.modules.gateway.controller.GatewayChatController#responses(String, String, HttpServletRequest)
2026-04-15T19:52:29.989+08:00 DEBUG 15660 --- [ai-gateway] [nio-9988-exec-9] m.m.a.RequestResponseBodyMethodProcessor : Read "application/json;charset=UTF-8" to ["{"model":"gpt-5.4","instructions":"You are Codex, a coding agent based on GPT-5. You and the user sh (truncated)..."]
2026-04-15T19:52:29.990+08:00 DEBUG 15660 --- [ai-gateway] [nio-9988-exec-9] o.s.jdbc.core.JdbcTemplate               : Executing prepared SQL query
2026-04-15T19:52:29.991+08:00 DEBUG 15660 --- [ai-gateway] [nio-9988-exec-9] o.s.jdbc.core.JdbcTemplate               : Executing prepared SQL statement [select k.id, k.user_id, k.secret_hash, k.status, k.total_quota, k.used_quota, k.expires_at,
       u.username, u.role_code, coalesce(w.balance, 0) as balance
from api_keys k
join users u on u.id = k.user_id and u.deleted = 0
left join wallets w on w.user_id = u.id
where k.access_key = ? and k.deleted = 0
]
2026-04-15T19:52:29.993+08:00 DEBUG 15660 --- [ai-gateway] [nio-9988-exec-2] o.s.web.servlet.DispatcherServlet        : GET "/admin/request-logs?limit=50", parameters={masked}
2026-04-15T19:52:29.994+08:00 DEBUG 15660 --- [ai-gateway] [nio-9988-exec-2] s.w.s.m.m.a.RequestMappingHandlerMapping : Mapped to com.zxw.modules.request.controller.AdminRequestLogController#list(int)
2026-04-15T19:52:30.005+08:00 DEBUG 15660 --- [ai-gateway] [nio-9988-exec-2] o.s.jdbc.core.JdbcTemplate               : Executing prepared SQL query
2026-04-15T19:52:30.006+08:00 DEBUG 15660 --- [ai-gateway] [nio-9988-exec-2] o.s.jdbc.core.JdbcTemplate               : Executing prepared SQL statement [select l.request_id, u.username, l.model_code, l.upstream_model, l.status_code,
       l.latency_ms, l.total_tokens, l.user_amount, l.cost_amount, l.success, l.created_at
from request_logs l
left join users u on u.id = l.user_id
order by l.id desc
limit ?
]
2026-04-15T19:52:30.011+08:00 DEBUG 15660 --- [ai-gateway] [nio-9988-exec-2] m.m.a.RequestResponseBodyMethodProcessor : Using 'application/json', given [*/*] and supported [application/json, application/*+json]
2026-04-15T19:52:30.013+08:00 DEBUG 15660 --- [ai-gateway] [nio-9988-exec-2] m.m.a.RequestResponseBodyMethodProcessor : Writing [ApiResponse[success=true, message=OK, data=[RequestLogItemResponse[requestId=req_e6d394987e8b47cdb3f (truncated)...]
2026-04-15T19:52:30.017+08:00 DEBUG 15660 --- [ai-gateway] [nio-9988-exec-2] o.s.web.servlet.DispatcherServlet        : Completed 200 OK
2026-04-15T19:52:30.087+08:00 DEBUG 15660 --- [ai-gateway] [nio-9988-exec-9] o.s.jdbc.core.JdbcTemplate               : Executing prepared SQL update
2026-04-15T19:52:30.088+08:00 DEBUG 15660 --- [ai-gateway] [nio-9988-exec-9] o.s.jdbc.core.JdbcTemplate               : Executing prepared SQL statement [update api_keys set last_used_at = now(), updated_at = now() where id = ?]
2026-04-15T19:52:30.097+08:00 DEBUG 15660 --- [ai-gateway] [nio-9988-exec-9] o.s.jdbc.core.JdbcTemplate               : Executing prepared SQL query
2026-04-15T19:52:30.098+08:00 DEBUG 15660 --- [ai-gateway] [nio-9988-exec-9] o.s.jdbc.core.JdbcTemplate               : Executing prepared SQL statement [select m.id as model_id, m.model_code, m.model_name, m.prompt_price, m.completion_price,
       m.request_price, m.multiplier, p.id as provider_id, p.provider_name, p.base_url, p.provider_type,
       p.timeout_ms, r.upstream_model, t.id as provider_token_id, t.token_value_encrypted
from models m
join model_routes r on r.model_id = m.id and r.status = 'ACTIVE'
join providers p on p.id = r.provider_id and p.deleted = 0 and p.status = 'ACTIVE'
join provider_tokens t on t.provider_id = p.id and t.deleted = 0 and t.status = 'ACTIVE'
where m.model_code = ? and m.deleted = 0 and m.status = 'ACTIVE'
order by r.priority_no asc, t.weight_no desc, t.id asc
limit 1
]
2026-04-15T19:52:30.657+08:00 DEBUG 15660 --- [ai-gateway] [io-9988-exec-10] o.s.web.servlet.DispatcherServlet        : GET "/admin/request-logs?limit=50", parameters={masked}
2026-04-15T19:52:30.658+08:00 DEBUG 15660 --- [ai-gateway] [io-9988-exec-10] s.w.s.m.m.a.RequestMappingHandlerMapping : Mapped to com.zxw.modules.request.controller.AdminRequestLogController#list(int)
2026-04-15T19:52:30.660+08:00 DEBUG 15660 --- [ai-gateway] [io-9988-exec-10] o.s.jdbc.core.JdbcTemplate               : Executing prepared SQL query
2026-04-15T19:52:30.660+08:00 DEBUG 15660 --- [ai-gateway] [io-9988-exec-10] o.s.jdbc.core.JdbcTemplate               : Executing prepared SQL statement [select l.request_id, u.username, l.model_code, l.upstream_model, l.status_code,
       l.latency_ms, l.total_tokens, l.user_amount, l.cost_amount, l.success, l.created_at
from request_logs l
left join users u on u.id = l.user_id
order by l.id desc
limit ?
]
2026-04-15T19:52:30.664+08:00 DEBUG 15660 --- [ai-gateway] [io-9988-exec-10] m.m.a.RequestResponseBodyMethodProcessor : Using 'application/json', given [*/*] and supported [application/json, application/*+json]
2026-04-15T19:52:30.665+08:00 DEBUG 15660 --- [ai-gateway] [io-9988-exec-10] m.m.a.RequestResponseBodyMethodProcessor : Writing [ApiResponse[success=true, message=OK, data=[RequestLogItemResponse[requestId=req_e6d394987e8b47cdb3f (truncated)...]
2026-04-15T19:52:30.667+08:00 DEBUG 15660 --- [ai-gateway] [io-9988-exec-10] o.s.web.servlet.DispatcherServlet        : Completed 200 OK
2026-04-15T19:52:44.110+08:00 DEBUG 15660 --- [ai-gateway] [nio-9988-exec-9] o.s.jdbc.core.JdbcTemplate               : Executing prepared SQL update
2026-04-15T19:52:44.111+08:00 DEBUG 15660 --- [ai-gateway] [nio-9988-exec-9] o.s.jdbc.core.JdbcTemplate               : Executing prepared SQL statement [insert into request_logs (request_id, user_id, api_key_id, model_code, provider_id, provider_token_id, upstream_model,
                          request_path, request_method, request_ip, request_body_json, response_body_json,
                          prompt_tokens, completion_tokens, total_tokens, user_amount, cost_amount, latency_ms,
                          success, status_code, error_message, request_date, created_at)
values (?, ?, ?, ?, ?, ?, ?, ?, ?, ?, cast(? as json), cast(? as json), ?, ?, ?, ?, ?, ?, ?, ?, ?, ?, now())
]
2026-04-15T19:52:44.114+08:00 DEBUG 15660 --- [ai-gateway] [nio-9988-exec-9] o.s.jdbc.core.StatementCreatorUtils      : JDBC getParameterType call failed - using fallback method instead: java.sql.SQLException: Parameter metadata not available for the given statement
2026-04-15T19:52:44.179+08:00 DEBUG 15660 --- [ai-gateway] [nio-9988-exec-9] o.s.jdbc.core.JdbcTemplate               : Executing prepared SQL update
2026-04-15T19:52:44.180+08:00 DEBUG 15660 --- [ai-gateway] [nio-9988-exec-9] o.s.jdbc.core.JdbcTemplate               : Executing prepared SQL statement [update wallets
set balance = balance - ?, total_consume = total_consume + ?, updated_at = now()
where user_id = ?
]
2026-04-15T19:52:44.182+08:00 DEBUG 15660 --- [ai-gateway] [nio-9988-exec-9] o.s.jdbc.core.JdbcTemplate               : Executing prepared SQL query
2026-04-15T19:52:44.183+08:00 DEBUG 15660 --- [ai-gateway] [nio-9988-exec-9] o.s.jdbc.core.JdbcTemplate               : Executing prepared SQL statement [select id from wallets where user_id = ?]
2026-04-15T19:52:44.184+08:00 DEBUG 15660 --- [ai-gateway] [nio-9988-exec-9] o.s.jdbc.core.JdbcTemplate               : Executing prepared SQL query
2026-04-15T19:52:44.185+08:00 DEBUG 15660 --- [ai-gateway] [nio-9988-exec-9] o.s.jdbc.core.JdbcTemplate               : Executing prepared SQL statement [select balance from wallets where user_id = ?]
2026-04-15T19:52:44.186+08:00 DEBUG 15660 --- [ai-gateway] [nio-9988-exec-9] o.s.jdbc.core.JdbcTemplate               : Executing prepared SQL update
2026-04-15T19:52:44.186+08:00 DEBUG 15660 --- [ai-gateway] [nio-9988-exec-9] o.s.jdbc.core.JdbcTemplate               : Executing prepared SQL statement [insert into transactions (user_id, wallet_id, order_no, transaction_type, direction, amount,
                          balance_before, balance_after, status, description_text, transaction_date)
values (?, ?, ?, 'CONSUME', 'OUT', ?, ?, ?, 'SUCCESS', ?, curdate())
]
2026-04-15T19:52:44.189+08:00 DEBUG 15660 --- [ai-gateway] [nio-9988-exec-9] o.s.jdbc.core.JdbcTemplate               : Executing prepared SQL update
2026-04-15T19:52:44.190+08:00 DEBUG 15660 --- [ai-gateway] [nio-9988-exec-9] o.s.jdbc.core.JdbcTemplate               : Executing prepared SQL statement [update api_keys
set used_quota = used_quota + ?, updated_at = now()
where id = ?
]
2026-04-15T19:52:44.192+08:00 DEBUG 15660 --- [ai-gateway] [nio-9988-exec-9] o.s.jdbc.core.JdbcTemplate               : Executing prepared SQL update
2026-04-15T19:52:44.193+08:00 DEBUG 15660 --- [ai-gateway] [nio-9988-exec-9] o.s.jdbc.core.JdbcTemplate               : Executing prepared SQL statement [insert into usage_daily (stat_date, user_id, model_code, provider_id, request_count, success_count, total_tokens, user_amount, cost_amount)
values (?, ?, ?, ?, 1, ?, ?, ?, ?)
on duplicate key update
    request_count = request_count + 1,
    success_count = success_count + values(success_count),
    total_tokens = total_tokens + values(total_tokens),
    user_amount = user_amount + values(user_amount),
    cost_amount = cost_amount + values(cost_amount),
    updated_at = now()
]
2026-04-15T19:52:44.196+08:00 DEBUG 15660 --- [ai-gateway] [nio-9988-exec-9] o.s.jdbc.core.JdbcTemplate               : SQLWarning ignored: SQL state 'HY000', error code '1287', message ['VALUES function' is deprecated and will be removed in a future release. Please use an alias (INSERT INTO ... VALUES (...) AS alias) and replace VALUES(col) in the ON DUPLICATE KEY UPDATE clause with alias.col instead]
2026-04-15T19:52:44.197+08:00 DEBUG 15660 --- [ai-gateway] [nio-9988-exec-9] o.s.jdbc.core.JdbcTemplate               : SQLWarning ignored: SQL state 'HY000', error code '1287', message ['VALUES function' is deprecated and will be removed in a future release. Please use an alias (INSERT INTO ... VALUES (...) AS alias) and replace VALUES(col) in the ON DUPLICATE KEY UPDATE clause with alias.col instead]
2026-04-15T19:52:44.198+08:00 DEBUG 15660 --- [ai-gateway] [nio-9988-exec-9] o.s.jdbc.core.JdbcTemplate               : SQLWarning ignored: SQL state 'HY000', error code '1287', message ['VALUES function' is deprecated and will be removed in a future release. Please use an alias (INSERT INTO ... VALUES (...) AS alias) and replace VALUES(col) in the ON DUPLICATE KEY UPDATE clause with alias.col instead]
2026-04-15T19:52:44.198+08:00 DEBUG 15660 --- [ai-gateway] [nio-9988-exec-9] o.s.jdbc.core.JdbcTemplate               : SQLWarning ignored: SQL state 'HY000', error code '1287', message ['VALUES function' is deprecated and will be removed in a future release. Please use an alias (INSERT INTO ... VALUES (...) AS alias) and replace VALUES(col) in the ON DUPLICATE KEY UPDATE clause with alias.col instead]
2026-04-15T19:52:44.199+08:00 DEBUG 15660 --- [ai-gateway] [nio-9988-exec-9] o.s.w.s.m.m.a.HttpEntityMethodProcessor  : Found 'Content-Type:text/event-stream;charset=UTF-8' in response
2026-04-15T19:52:44.199+08:00 DEBUG 15660 --- [ai-gateway] [nio-9988-exec-9] o.s.w.s.m.m.a.HttpEntityMethodProcessor  : Writing ["event: response.created<EOL>data: {"type":"response.created","response":{"id":"resp_0667a14ef0f8e1690169 (truncated)..."]
2026-04-15T19:52:44.201+08:00 DEBUG 15660 --- [ai-gateway] [nio-9988-exec-9] o.s.web.servlet.DispatcherServlet        : Completed 200 OK
2026-04-15T19:52:47.121+08:00 DEBUG 15660 --- [ai-gateway] [nio-9988-exec-3] o.s.web.servlet.DispatcherServlet        : POST "/v1/responses", parameters={}
2026-04-15T19:52:47.122+08:00 DEBUG 15660 --- [ai-gateway] [nio-9988-exec-3] s.w.s.m.m.a.RequestMappingHandlerMapping : Mapped to com.zxw.modules.gateway.controller.GatewayChatController#responses(String, String, HttpServletRequest)
2026-04-15T19:52:54.204+08:00 DEBUG 15660 --- [ai-gateway] [nio-9988-exec-3] m.m.a.RequestResponseBodyMethodProcessor : Read "application/json;charset=UTF-8" to ["{"model":"gpt-5.4","instructions":"You are Codex, a coding agent based on GPT-5. You and the user sh (truncated)..."]
2026-04-15T19:52:54.205+08:00 DEBUG 15660 --- [ai-gateway] [nio-9988-exec-3] o.s.jdbc.core.JdbcTemplate               : Executing prepared SQL query
2026-04-15T19:52:54.207+08:00 DEBUG 15660 --- [ai-gateway] [nio-9988-exec-3] o.s.jdbc.core.JdbcTemplate               : Executing prepared SQL statement [select k.id, k.user_id, k.secret_hash, k.status, k.total_quota, k.used_quota, k.expires_at,
       u.username, u.role_code, coalesce(w.balance, 0) as balance
from api_keys k
join users u on u.id = k.user_id and u.deleted = 0
left join wallets w on w.user_id = u.id
where k.access_key = ? and k.deleted = 0
]
2026-04-15T19:52:54.315+08:00 DEBUG 15660 --- [ai-gateway] [nio-9988-exec-3] o.s.jdbc.core.JdbcTemplate               : Executing prepared SQL update
2026-04-15T19:52:54.316+08:00 DEBUG 15660 --- [ai-gateway] [nio-9988-exec-3] o.s.jdbc.core.JdbcTemplate               : Executing prepared SQL statement [update api_keys set last_used_at = now(), updated_at = now() where id = ?]
2026-04-15T19:52:54.323+08:00 DEBUG 15660 --- [ai-gateway] [nio-9988-exec-3] o.s.jdbc.core.JdbcTemplate               : Executing prepared SQL query
2026-04-15T19:52:54.324+08:00 DEBUG 15660 --- [ai-gateway] [nio-9988-exec-3] o.s.jdbc.core.JdbcTemplate               : Executing prepared SQL statement [select m.id as model_id, m.model_code, m.model_name, m.prompt_price, m.completion_price,
       m.request_price, m.multiplier, p.id as provider_id, p.provider_name, p.base_url, p.provider_type,
       p.timeout_ms, r.upstream_model, t.id as provider_token_id, t.token_value_encrypted
from models m
join model_routes r on r.model_id = m.id and r.status = 'ACTIVE'
join providers p on p.id = r.provider_id and p.deleted = 0 and p.status = 'ACTIVE'
join provider_tokens t on t.provider_id = p.id and t.deleted = 0 and t.status = 'ACTIVE'
where m.model_code = ? and m.deleted = 0 and m.status = 'ACTIVE'
order by r.priority_no asc, t.weight_no desc, t.id asc
limit 1
]
2026-04-15T19:52:59.060+08:00 DEBUG 15660 --- [ai-gateway] [nio-9988-exec-3] o.s.jdbc.core.JdbcTemplate               : Executing prepared SQL update
2026-04-15T19:52:59.061+08:00 DEBUG 15660 --- [ai-gateway] [nio-9988-exec-3] o.s.jdbc.core.JdbcTemplate               : Executing prepared SQL statement [insert into request_logs (request_id, user_id, api_key_id, model_code, provider_id, provider_token_id, upstream_model,
                          request_path, request_method, request_ip, request_body_json, response_body_json,
                          prompt_tokens, completion_tokens, total_tokens, user_amount, cost_amount, latency_ms,
                          success, status_code, error_message, request_date, created_at)
values (?, ?, ?, ?, ?, ?, ?, ?, ?, ?, cast(? as json), cast(? as json), ?, ?, ?, ?, ?, ?, ?, ?, ?, ?, now())
]
2026-04-15T19:52:59.063+08:00 DEBUG 15660 --- [ai-gateway] [nio-9988-exec-3] o.s.jdbc.core.StatementCreatorUtils      : JDBC getParameterType call failed - using fallback method instead: java.sql.SQLException: Parameter metadata not available for the given statement
2026-04-15T19:52:59.180+08:00 DEBUG 15660 --- [ai-gateway] [nio-9988-exec-3] o.s.jdbc.core.JdbcTemplate               : Executing prepared SQL update
2026-04-15T19:52:59.181+08:00 DEBUG 15660 --- [ai-gateway] [nio-9988-exec-3] o.s.jdbc.core.JdbcTemplate               : Executing prepared SQL statement [update wallets
set balance = balance - ?, total_consume = total_consume + ?, updated_at = now()
where user_id = ?
]
2026-04-15T19:52:59.187+08:00 DEBUG 15660 --- [ai-gateway] [nio-9988-exec-3] o.s.jdbc.core.JdbcTemplate               : Executing prepared SQL query
2026-04-15T19:52:59.188+08:00 DEBUG 15660 --- [ai-gateway] [nio-9988-exec-3] o.s.jdbc.core.JdbcTemplate               : Executing prepared SQL statement [select id from wallets where user_id = ?]
2026-04-15T19:52:59.191+08:00 DEBUG 15660 --- [ai-gateway] [nio-9988-exec-3] o.s.jdbc.core.JdbcTemplate               : Executing prepared SQL query
2026-04-15T19:52:59.192+08:00 DEBUG 15660 --- [ai-gateway] [nio-9988-exec-3] o.s.jdbc.core.JdbcTemplate               : Executing prepared SQL statement [select balance from wallets where user_id = ?]
2026-04-15T19:52:59.195+08:00 DEBUG 15660 --- [ai-gateway] [nio-9988-exec-3] o.s.jdbc.core.JdbcTemplate               : Executing prepared SQL update
2026-04-15T19:52:59.197+08:00 DEBUG 15660 --- [ai-gateway] [nio-9988-exec-3] o.s.jdbc.core.JdbcTemplate               : Executing prepared SQL statement [insert into transactions (user_id, wallet_id, order_no, transaction_type, direction, amount,
                          balance_before, balance_after, status, description_text, transaction_date)
values (?, ?, ?, 'CONSUME', 'OUT', ?, ?, ?, 'SUCCESS', ?, curdate())
]
2026-04-15T19:52:59.201+08:00 DEBUG 15660 --- [ai-gateway] [nio-9988-exec-3] o.s.jdbc.core.JdbcTemplate               : Executing prepared SQL update
2026-04-15T19:52:59.203+08:00 DEBUG 15660 --- [ai-gateway] [nio-9988-exec-3] o.s.jdbc.core.JdbcTemplate               : Executing prepared SQL statement [update api_keys
set used_quota = used_quota + ?, updated_at = now()
where id = ?
]
2026-04-15T19:52:59.207+08:00 DEBUG 15660 --- [ai-gateway] [nio-9988-exec-3] o.s.jdbc.core.JdbcTemplate               : Executing prepared SQL update
2026-04-15T19:52:59.209+08:00 DEBUG 15660 --- [ai-gateway] [nio-9988-exec-3] o.s.jdbc.core.JdbcTemplate               : Executing prepared SQL statement [insert into usage_daily (stat_date, user_id, model_code, provider_id, request_count, success_count, total_tokens, user_amount, cost_amount)
values (?, ?, ?, ?, 1, ?, ?, ?, ?)
on duplicate key update
    request_count = request_count + 1,
    success_count = success_count + values(success_count),
    total_tokens = total_tokens + values(total_tokens),
    user_amount = user_amount + values(user_amount),
    cost_amount = cost_amount + values(cost_amount),
    updated_at = now()
]
2026-04-15T19:52:59.216+08:00 DEBUG 15660 --- [ai-gateway] [nio-9988-exec-3] o.s.jdbc.core.JdbcTemplate               : SQLWarning ignored: SQL state 'HY000', error code '1287', message ['VALUES function' is deprecated and will be removed in a future release. Please use an alias (INSERT INTO ... VALUES (...) AS alias) and replace VALUES(col) in the ON DUPLICATE KEY UPDATE clause with alias.col instead]
2026-04-15T19:52:59.218+08:00 DEBUG 15660 --- [ai-gateway] [nio-9988-exec-3] o.s.jdbc.core.JdbcTemplate               : SQLWarning ignored: SQL state 'HY000', error code '1287', message ['VALUES function' is deprecated and will be removed in a future release. Please use an alias (INSERT INTO ... VALUES (...) AS alias) and replace VALUES(col) in the ON DUPLICATE KEY UPDATE clause with alias.col instead]
2026-04-15T19:52:59.220+08:00 DEBUG 15660 --- [ai-gateway] [nio-9988-exec-3] o.s.jdbc.core.JdbcTemplate               : SQLWarning ignored: SQL state 'HY000', error code '1287', message ['VALUES function' is deprecated and will be removed in a future release. Please use an alias (INSERT INTO ... VALUES (...) AS alias) and replace VALUES(col) in the ON DUPLICATE KEY UPDATE clause with alias.col instead]
2026-04-15T19:52:59.220+08:00 DEBUG 15660 --- [ai-gateway] [nio-9988-exec-3] o.s.jdbc.core.JdbcTemplate               : SQLWarning ignored: SQL state 'HY000', error code '1287', message ['VALUES function' is deprecated and will be removed in a future release. Please use an alias (INSERT INTO ... VALUES (...) AS alias) and replace VALUES(col) in the ON DUPLICATE KEY UPDATE clause with alias.col instead]
2026-04-15T19:52:59.221+08:00 DEBUG 15660 --- [ai-gateway] [nio-9988-exec-3] o.s.w.s.m.m.a.HttpEntityMethodProcessor  : Found 'Content-Type:text/event-stream;charset=UTF-8' in response
2026-04-15T19:52:59.223+08:00 DEBUG 15660 --- [ai-gateway] [nio-9988-exec-3] o.s.w.s.m.m.a.HttpEntityMethodProcessor  : Writing ["event: response.created<EOL>data: {"type":"response.created","response":{"id":"resp_09a7853b3db7223c0169 (truncated)..."]
2026-04-15T19:52:59.229+08:00 DEBUG 15660 --- [ai-gateway] [nio-9988-exec-3] o.s.web.servlet.DispatcherServlet        : Completed 200 OK
2026-04-15T19:53:02.465+08:00 DEBUG 15660 --- [ai-gateway] [nio-9988-exec-5] o.s.web.servlet.DispatcherServlet        : POST "/v1/responses", parameters={}
2026-04-15T19:53:02.466+08:00 DEBUG 15660 --- [ai-gateway] [nio-9988-exec-5] s.w.s.m.m.a.RequestMappingHandlerMapping : Mapped to com.zxw.modules.gateway.controller.GatewayChatController#responses(String, String, HttpServletRequest)
2026-04-15T19:53:09.566+08:00 DEBUG 15660 --- [ai-gateway] [nio-9988-exec-5] m.m.a.RequestResponseBodyMethodProcessor : Read "application/json;charset=UTF-8" to ["{"model":"gpt-5.4","instructions":"You are Codex, a coding agent based on GPT-5. You and the user sh (truncated)..."]
2026-04-15T19:53:09.568+08:00 DEBUG 15660 --- [ai-gateway] [nio-9988-exec-5] o.s.jdbc.core.JdbcTemplate               : Executing prepared SQL query
2026-04-15T19:53:09.569+08:00 DEBUG 15660 --- [ai-gateway] [nio-9988-exec-5] o.s.jdbc.core.JdbcTemplate               : Executing prepared SQL statement [select k.id, k.user_id, k.secret_hash, k.status, k.total_quota, k.used_quota, k.expires_at,
       u.username, u.role_code, coalesce(w.balance, 0) as balance
from api_keys k
join users u on u.id = k.user_id and u.deleted = 0
left join wallets w on w.user_id = u.id
where k.access_key = ? and k.deleted = 0
]
2026-04-15T19:53:09.714+08:00 DEBUG 15660 --- [ai-gateway] [nio-9988-exec-5] o.s.jdbc.core.JdbcTemplate               : Executing prepared SQL update
2026-04-15T19:53:09.715+08:00 DEBUG 15660 --- [ai-gateway] [nio-9988-exec-5] o.s.jdbc.core.JdbcTemplate               : Executing prepared SQL statement [update api_keys set last_used_at = now(), updated_at = now() where id = ?]
2026-04-15T19:53:09.724+08:00 DEBUG 15660 --- [ai-gateway] [nio-9988-exec-5] o.s.jdbc.core.JdbcTemplate               : Executing prepared SQL query
2026-04-15T19:53:09.725+08:00 DEBUG 15660 --- [ai-gateway] [nio-9988-exec-5] o.s.jdbc.core.JdbcTemplate               : Executing prepared SQL statement [select m.id as model_id, m.model_code, m.model_name, m.prompt_price, m.completion_price,
       m.request_price, m.multiplier, p.id as provider_id, p.provider_name, p.base_url, p.provider_type,
       p.timeout_ms, r.upstream_model, t.id as provider_token_id, t.token_value_encrypted
from models m
join model_routes r on r.model_id = m.id and r.status = 'ACTIVE'
join providers p on p.id = r.provider_id and p.deleted = 0 and p.status = 'ACTIVE'
join provider_tokens t on t.provider_id = p.id and t.deleted = 0 and t.status = 'ACTIVE'
where m.model_code = ? and m.deleted = 0 and m.status = 'ACTIVE'
order by r.priority_no asc, t.weight_no desc, t.id asc
limit 1
]
2026-04-15T19:53:18.276+08:00 DEBUG 15660 --- [ai-gateway] [nio-9988-exec-5] o.s.jdbc.core.JdbcTemplate               : Executing prepared SQL update
2026-04-15T19:53:18.277+08:00 DEBUG 15660 --- [ai-gateway] [nio-9988-exec-5] o.s.jdbc.core.JdbcTemplate               : Executing prepared SQL statement [insert into request_logs (request_id, user_id, api_key_id, model_code, provider_id, provider_token_id, upstream_model,
                          request_path, request_method, request_ip, request_body_json, response_body_json,
                          prompt_tokens, completion_tokens, total_tokens, user_amount, cost_amount, latency_ms,
                          success, status_code, error_message, request_date, created_at)
values (?, ?, ?, ?, ?, ?, ?, ?, ?, ?, cast(? as json), cast(? as json), ?, ?, ?, ?, ?, ?, ?, ?, ?, ?, now())
]
2026-04-15T19:53:18.279+08:00 DEBUG 15660 --- [ai-gateway] [nio-9988-exec-5] o.s.jdbc.core.StatementCreatorUtils      : JDBC getParameterType call failed - using fallback method instead: java.sql.SQLException: Parameter metadata not available for the given statement
2026-04-15T19:53:18.362+08:00 DEBUG 15660 --- [ai-gateway] [nio-9988-exec-5] o.s.jdbc.core.JdbcTemplate               : Executing prepared SQL update
2026-04-15T19:53:18.363+08:00 DEBUG 15660 --- [ai-gateway] [nio-9988-exec-5] o.s.jdbc.core.JdbcTemplate               : Executing prepared SQL statement [update wallets
set balance = balance - ?, total_consume = total_consume + ?, updated_at = now()
where user_id = ?
]
2026-04-15T19:53:18.367+08:00 DEBUG 15660 --- [ai-gateway] [nio-9988-exec-5] o.s.jdbc.core.JdbcTemplate               : Executing prepared SQL query
2026-04-15T19:53:18.369+08:00 DEBUG 15660 --- [ai-gateway] [nio-9988-exec-5] o.s.jdbc.core.JdbcTemplate               : Executing prepared SQL statement [select id from wallets where user_id = ?]
2026-04-15T19:53:18.371+08:00 DEBUG 15660 --- [ai-gateway] [nio-9988-exec-5] o.s.jdbc.core.JdbcTemplate               : Executing prepared SQL query
2026-04-15T19:53:18.372+08:00 DEBUG 15660 --- [ai-gateway] [nio-9988-exec-5] o.s.jdbc.core.JdbcTemplate               : Executing prepared SQL statement [select balance from wallets where user_id = ?]
2026-04-15T19:53:18.374+08:00 DEBUG 15660 --- [ai-gateway] [nio-9988-exec-5] o.s.jdbc.core.JdbcTemplate               : Executing prepared SQL update
2026-04-15T19:53:18.375+08:00 DEBUG 15660 --- [ai-gateway] [nio-9988-exec-5] o.s.jdbc.core.JdbcTemplate               : Executing prepared SQL statement [insert into transactions (user_id, wallet_id, order_no, transaction_type, direction, amount,
                          balance_before, balance_after, status, description_text, transaction_date)
values (?, ?, ?, 'CONSUME', 'OUT', ?, ?, ?, 'SUCCESS', ?, curdate())
]
2026-04-15T19:53:18.379+08:00 DEBUG 15660 --- [ai-gateway] [nio-9988-exec-5] o.s.jdbc.core.JdbcTemplate               : Executing prepared SQL update
2026-04-15T19:53:18.380+08:00 DEBUG 15660 --- [ai-gateway] [nio-9988-exec-5] o.s.jdbc.core.JdbcTemplate               : Executing prepared SQL statement [update api_keys
set used_quota = used_quota + ?, updated_at = now()
where id = ?
]
2026-04-15T19:53:18.383+08:00 DEBUG 15660 --- [ai-gateway] [nio-9988-exec-5] o.s.jdbc.core.JdbcTemplate               : Executing prepared SQL update
2026-04-15T19:53:18.384+08:00 DEBUG 15660 --- [ai-gateway] [nio-9988-exec-5] o.s.jdbc.core.JdbcTemplate               : Executing prepared SQL statement [insert into usage_daily (stat_date, user_id, model_code, provider_id, request_count, success_count, total_tokens, user_amount, cost_amount)
values (?, ?, ?, ?, 1, ?, ?, ?, ?)
on duplicate key update
    request_count = request_count + 1,
    success_count = success_count + values(success_count),
    total_tokens = total_tokens + values(total_tokens),
    user_amount = user_amount + values(user_amount),
    cost_amount = cost_amount + values(cost_amount),
    updated_at = now()
]
2026-04-15T19:53:18.388+08:00 DEBUG 15660 --- [ai-gateway] [nio-9988-exec-5] o.s.jdbc.core.JdbcTemplate               : SQLWarning ignored: SQL state 'HY000', error code '1287', message ['VALUES function' is deprecated and will be removed in a future release. Please use an alias (INSERT INTO ... VALUES (...) AS alias) and replace VALUES(col) in the ON DUPLICATE KEY UPDATE clause with alias.col instead]
2026-04-15T19:53:18.389+08:00 DEBUG 15660 --- [ai-gateway] [nio-9988-exec-5] o.s.jdbc.core.JdbcTemplate               : SQLWarning ignored: SQL state 'HY000', error code '1287', message ['VALUES function' is deprecated and will be removed in a future release. Please use an alias (INSERT INTO ... VALUES (...) AS alias) and replace VALUES(col) in the ON DUPLICATE KEY UPDATE clause with alias.col instead]
2026-04-15T19:53:18.390+08:00 DEBUG 15660 --- [ai-gateway] [nio-9988-exec-5] o.s.jdbc.core.JdbcTemplate               : SQLWarning ignored: SQL state 'HY000', error code '1287', message ['VALUES function' is deprecated and will be removed in a future release. Please use an alias (INSERT INTO ... VALUES (...) AS alias) and replace VALUES(col) in the ON DUPLICATE KEY UPDATE clause with alias.col instead]
2026-04-15T19:53:18.390+08:00 DEBUG 15660 --- [ai-gateway] [nio-9988-exec-5] o.s.jdbc.core.JdbcTemplate               : SQLWarning ignored: SQL state 'HY000', error code '1287', message ['VALUES function' is deprecated and will be removed in a future release. Please use an alias (INSERT INTO ... VALUES (...) AS alias) and replace VALUES(col) in the ON DUPLICATE KEY UPDATE clause with alias.col instead]
2026-04-15T19:53:18.391+08:00 DEBUG 15660 --- [ai-gateway] [nio-9988-exec-5] o.s.w.s.m.m.a.HttpEntityMethodProcessor  : Found 'Content-Type:text/event-stream;charset=UTF-8' in response
2026-04-15T19:53:18.391+08:00 DEBUG 15660 --- [ai-gateway] [nio-9988-exec-5] o.s.w.s.m.m.a.HttpEntityMethodProcessor  : Writing ["event: response.created<EOL>data: {"type":"response.created","response":{"id":"resp_02e92b3265a683330169 (truncated)..."]
2026-04-15T19:53:18.395+08:00 DEBUG 15660 --- [ai-gateway] [nio-9988-exec-5] o.s.web.servlet.DispatcherServlet        : Completed 200 OK
2026-04-15T19:53:47.497+08:00 DEBUG 15660 --- [ai-gateway] [nio-9988-exec-4] o.s.web.servlet.DispatcherServlet        : POST "/v1/responses", parameters={}
2026-04-15T19:53:47.498+08:00 DEBUG 15660 --- [ai-gateway] [nio-9988-exec-4] s.w.s.m.m.a.RequestMappingHandlerMapping : Mapped to com.zxw.modules.gateway.controller.GatewayChatController#responses(String, String, HttpServletRequest)
2026-04-15T19:53:54.625+08:00 DEBUG 15660 --- [ai-gateway] [nio-9988-exec-4] m.m.a.RequestResponseBodyMethodProcessor : Read "application/json;charset=UTF-8" to ["{"model":"gpt-5.4","instructions":"You are Codex, a coding agent based on GPT-5. You and the user sh (truncated)..."]
2026-04-15T19:53:54.626+08:00 DEBUG 15660 --- [ai-gateway] [nio-9988-exec-4] o.s.jdbc.core.JdbcTemplate               : Executing prepared SQL query
2026-04-15T19:53:54.627+08:00 DEBUG 15660 --- [ai-gateway] [nio-9988-exec-4] o.s.jdbc.core.JdbcTemplate               : Executing prepared SQL statement [select k.id, k.user_id, k.secret_hash, k.status, k.total_quota, k.used_quota, k.expires_at,
       u.username, u.role_code, coalesce(w.balance, 0) as balance
from api_keys k
join users u on u.id = k.user_id and u.deleted = 0
left join wallets w on w.user_id = u.id
where k.access_key = ? and k.deleted = 0
]
2026-04-15T19:53:54.726+08:00 DEBUG 15660 --- [ai-gateway] [nio-9988-exec-4] o.s.jdbc.core.JdbcTemplate               : Executing prepared SQL update
2026-04-15T19:53:54.736+08:00 DEBUG 15660 --- [ai-gateway] [nio-9988-exec-4] o.s.jdbc.core.JdbcTemplate               : Executing prepared SQL statement [update api_keys set last_used_at = now(), updated_at = now() where id = ?]
2026-04-15T19:53:54.743+08:00 DEBUG 15660 --- [ai-gateway] [nio-9988-exec-4] o.s.jdbc.core.JdbcTemplate               : Executing prepared SQL query
2026-04-15T19:53:54.744+08:00 DEBUG 15660 --- [ai-gateway] [nio-9988-exec-4] o.s.jdbc.core.JdbcTemplate               : Executing prepared SQL statement [select m.id as model_id, m.model_code, m.model_name, m.prompt_price, m.completion_price,
       m.request_price, m.multiplier, p.id as provider_id, p.provider_name, p.base_url, p.provider_type,
       p.timeout_ms, r.upstream_model, t.id as provider_token_id, t.token_value_encrypted
from models m
join model_routes r on r.model_id = m.id and r.status = 'ACTIVE'
join providers p on p.id = r.provider_id and p.deleted = 0 and p.status = 'ACTIVE'
join provider_tokens t on t.provider_id = p.id and t.deleted = 0 and t.status = 'ACTIVE'
where m.model_code = ? and m.deleted = 0 and m.status = 'ACTIVE'
order by r.priority_no asc, t.weight_no desc, t.id asc
limit 1
]
2026-04-15T19:54:07.266+08:00 DEBUG 15660 --- [ai-gateway] [nio-9988-exec-4] o.s.jdbc.core.JdbcTemplate               : Executing prepared SQL update
2026-04-15T19:54:07.267+08:00 DEBUG 15660 --- [ai-gateway] [nio-9988-exec-4] o.s.jdbc.core.JdbcTemplate               : Executing prepared SQL statement [insert into request_logs (request_id, user_id, api_key_id, model_code, provider_id, provider_token_id, upstream_model,
                          request_path, request_method, request_ip, request_body_json, response_body_json,
                          prompt_tokens, completion_tokens, total_tokens, user_amount, cost_amount, latency_ms,
                          success, status_code, error_message, request_date, created_at)
values (?, ?, ?, ?, ?, ?, ?, ?, ?, ?, cast(? as json), cast(? as json), ?, ?, ?, ?, ?, ?, ?, ?, ?, ?, now())
]
2026-04-15T19:54:07.268+08:00 DEBUG 15660 --- [ai-gateway] [nio-9988-exec-4] o.s.jdbc.core.StatementCreatorUtils      : JDBC getParameterType call failed - using fallback method instead: java.sql.SQLException: Parameter metadata not available for the given statement
2026-04-15T19:54:07.319+08:00 DEBUG 15660 --- [ai-gateway] [nio-9988-exec-4] o.s.jdbc.core.JdbcTemplate               : Executing prepared SQL update
2026-04-15T19:54:07.320+08:00 DEBUG 15660 --- [ai-gateway] [nio-9988-exec-4] o.s.jdbc.core.JdbcTemplate               : Executing prepared SQL statement [update wallets
set balance = balance - ?, total_consume = total_consume + ?, updated_at = now()
where user_id = ?
]
2026-04-15T19:54:07.323+08:00 DEBUG 15660 --- [ai-gateway] [nio-9988-exec-4] o.s.jdbc.core.JdbcTemplate               : Executing prepared SQL query
2026-04-15T19:54:07.324+08:00 DEBUG 15660 --- [ai-gateway] [nio-9988-exec-4] o.s.jdbc.core.JdbcTemplate               : Executing prepared SQL statement [select id from wallets where user_id = ?]
2026-04-15T19:54:07.325+08:00 DEBUG 15660 --- [ai-gateway] [nio-9988-exec-4] o.s.jdbc.core.JdbcTemplate               : Executing prepared SQL query
2026-04-15T19:54:07.326+08:00 DEBUG 15660 --- [ai-gateway] [nio-9988-exec-4] o.s.jdbc.core.JdbcTemplate               : Executing prepared SQL statement [select balance from wallets where user_id = ?]
2026-04-15T19:54:07.327+08:00 DEBUG 15660 --- [ai-gateway] [nio-9988-exec-4] o.s.jdbc.core.JdbcTemplate               : Executing prepared SQL update
2026-04-15T19:54:07.327+08:00 DEBUG 15660 --- [ai-gateway] [nio-9988-exec-4] o.s.jdbc.core.JdbcTemplate               : Executing prepared SQL statement [insert into transactions (user_id, wallet_id, order_no, transaction_type, direction, amount,
                          balance_before, balance_after, status, description_text, transaction_date)
values (?, ?, ?, 'CONSUME', 'OUT', ?, ?, ?, 'SUCCESS', ?, curdate())
]
2026-04-15T19:54:07.330+08:00 DEBUG 15660 --- [ai-gateway] [nio-9988-exec-4] o.s.jdbc.core.JdbcTemplate               : Executing prepared SQL update
2026-04-15T19:54:07.331+08:00 DEBUG 15660 --- [ai-gateway] [nio-9988-exec-4] o.s.jdbc.core.JdbcTemplate               : Executing prepared SQL statement [update api_keys
set used_quota = used_quota + ?, updated_at = now()
where id = ?
]
2026-04-15T19:54:07.333+08:00 DEBUG 15660 --- [ai-gateway] [nio-9988-exec-4] o.s.jdbc.core.JdbcTemplate               : Executing prepared SQL update
2026-04-15T19:54:07.334+08:00 DEBUG 15660 --- [ai-gateway] [nio-9988-exec-4] o.s.jdbc.core.JdbcTemplate               : Executing prepared SQL statement [insert into usage_daily (stat_date, user_id, model_code, provider_id, request_count, success_count, total_tokens, user_amount, cost_amount)
values (?, ?, ?, ?, 1, ?, ?, ?, ?)
on duplicate key update
    request_count = request_count + 1,
    success_count = success_count + values(success_count),
    total_tokens = total_tokens + values(total_tokens),
    user_amount = user_amount + values(user_amount),
    cost_amount = cost_amount + values(cost_amount),
    updated_at = now()
]
2026-04-15T19:54:07.339+08:00 DEBUG 15660 --- [ai-gateway] [nio-9988-exec-4] o.s.jdbc.core.JdbcTemplate               : SQLWarning ignored: SQL state 'HY000', error code '1287', message ['VALUES function' is deprecated and will be removed in a future release. Please use an alias (INSERT INTO ... VALUES (...) AS alias) and replace VALUES(col) in the ON DUPLICATE KEY UPDATE clause with alias.col instead]
2026-04-15T19:54:07.340+08:00 DEBUG 15660 --- [ai-gateway] [nio-9988-exec-4] o.s.jdbc.core.JdbcTemplate               : SQLWarning ignored: SQL state 'HY000', error code '1287', message ['VALUES function' is deprecated and will be removed in a future release. Please use an alias (INSERT INTO ... VALUES (...) AS alias) and replace VALUES(col) in the ON DUPLICATE KEY UPDATE clause with alias.col instead]
2026-04-15T19:54:07.340+08:00 DEBUG 15660 --- [ai-gateway] [nio-9988-exec-4] o.s.jdbc.core.JdbcTemplate               : SQLWarning ignored: SQL state 'HY000', error code '1287', message ['VALUES function' is deprecated and will be removed in a future release. Please use an alias (INSERT INTO ... VALUES (...) AS alias) and replace VALUES(col) in the ON DUPLICATE KEY UPDATE clause with alias.col instead]
2026-04-15T19:54:07.341+08:00 DEBUG 15660 --- [ai-gateway] [nio-9988-exec-4] o.s.jdbc.core.JdbcTemplate               : SQLWarning ignored: SQL state 'HY000', error code '1287', message ['VALUES function' is deprecated and will be removed in a future release. Please use an alias (INSERT INTO ... VALUES (...) AS alias) and replace VALUES(col) in the ON DUPLICATE KEY UPDATE clause with alias.col instead]
2026-04-15T19:54:07.341+08:00 DEBUG 15660 --- [ai-gateway] [nio-9988-exec-4] o.s.w.s.m.m.a.HttpEntityMethodProcessor  : Found 'Content-Type:text/event-stream;charset=UTF-8' in response
2026-04-15T19:54:07.342+08:00 DEBUG 15660 --- [ai-gateway] [nio-9988-exec-4] o.s.w.s.m.m.a.HttpEntityMethodProcessor  : Writing ["event: response.created<EOL>data: {"type":"response.created","response":{"id":"resp_0029b1130c99e8810169 (truncated)..."]
2026-04-15T19:54:07.344+08:00 DEBUG 15660 --- [ai-gateway] [nio-9988-exec-4] o.s.web.servlet.DispatcherServlet        : Completed 200 OK
2026-04-15T19:54:10.958+08:00 DEBUG 15660 --- [ai-gateway] [nio-9988-exec-9] o.s.web.servlet.DispatcherServlet        : POST "/v1/responses", parameters={}
2026-04-15T19:54:10.959+08:00 DEBUG 15660 --- [ai-gateway] [nio-9988-exec-9] s.w.s.m.m.a.RequestMappingHandlerMapping : Mapped to com.zxw.modules.gateway.controller.GatewayChatController#responses(String, String, HttpServletRequest)
2026-04-15T19:54:18.144+08:00 DEBUG 15660 --- [ai-gateway] [nio-9988-exec-9] m.m.a.RequestResponseBodyMethodProcessor : Read "application/json;charset=UTF-8" to ["{"model":"gpt-5.4","instructions":"You are Codex, a coding agent based on GPT-5. You and the user sh (truncated)..."]
2026-04-15T19:54:18.145+08:00 DEBUG 15660 --- [ai-gateway] [nio-9988-exec-9] o.s.jdbc.core.JdbcTemplate               : Executing prepared SQL query
2026-04-15T19:54:18.146+08:00 DEBUG 15660 --- [ai-gateway] [nio-9988-exec-9] o.s.jdbc.core.JdbcTemplate               : Executing prepared SQL statement [select k.id, k.user_id, k.secret_hash, k.status, k.total_quota, k.used_quota, k.expires_at,
       u.username, u.role_code, coalesce(w.balance, 0) as balance
from api_keys k
join users u on u.id = k.user_id and u.deleted = 0
left join wallets w on w.user_id = u.id
where k.access_key = ? and k.deleted = 0
]
2026-04-15T19:54:18.233+08:00 DEBUG 15660 --- [ai-gateway] [nio-9988-exec-9] o.s.jdbc.core.JdbcTemplate               : Executing prepared SQL update
2026-04-15T19:54:18.234+08:00 DEBUG 15660 --- [ai-gateway] [nio-9988-exec-9] o.s.jdbc.core.JdbcTemplate               : Executing prepared SQL statement [update api_keys set last_used_at = now(), updated_at = now() where id = ?]
2026-04-15T19:54:18.241+08:00 DEBUG 15660 --- [ai-gateway] [nio-9988-exec-9] o.s.jdbc.core.JdbcTemplate               : Executing prepared SQL query
2026-04-15T19:54:18.242+08:00 DEBUG 15660 --- [ai-gateway] [nio-9988-exec-9] o.s.jdbc.core.JdbcTemplate               : Executing prepared SQL statement [select m.id as model_id, m.model_code, m.model_name, m.prompt_price, m.completion_price,
       m.request_price, m.multiplier, p.id as provider_id, p.provider_name, p.base_url, p.provider_type,
       p.timeout_ms, r.upstream_model, t.id as provider_token_id, t.token_value_encrypted
from models m
join model_routes r on r.model_id = m.id and r.status = 'ACTIVE'
join providers p on p.id = r.provider_id and p.deleted = 0 and p.status = 'ACTIVE'
join provider_tokens t on t.provider_id = p.id and t.deleted = 0 and t.status = 'ACTIVE'
where m.model_code = ? and m.deleted = 0 and m.status = 'ACTIVE'
order by r.priority_no asc, t.weight_no desc, t.id asc
limit 1
]
2026-04-15T19:54:29.854+08:00 DEBUG 15660 --- [ai-gateway] [nio-9988-exec-9] o.s.jdbc.core.JdbcTemplate               : Executing prepared SQL update
2026-04-15T19:54:29.854+08:00 DEBUG 15660 --- [ai-gateway] [nio-9988-exec-9] o.s.jdbc.core.JdbcTemplate               : Executing prepared SQL statement [insert into request_logs (request_id, user_id, api_key_id, model_code, provider_id, provider_token_id, upstream_model,
                          request_path, request_method, request_ip, request_body_json, response_body_json,
                          prompt_tokens, completion_tokens, total_tokens, user_amount, cost_amount, latency_ms,
                          success, status_code, error_message, request_date, created_at)
values (?, ?, ?, ?, ?, ?, ?, ?, ?, ?, cast(? as json), cast(? as json), ?, ?, ?, ?, ?, ?, ?, ?, ?, ?, now())
]
2026-04-15T19:54:29.855+08:00 DEBUG 15660 --- [ai-gateway] [nio-9988-exec-9] o.s.jdbc.core.StatementCreatorUtils      : JDBC getParameterType call failed - using fallback method instead: java.sql.SQLException: Parameter metadata not available for the given statement
2026-04-15T19:54:29.929+08:00 DEBUG 15660 --- [ai-gateway] [nio-9988-exec-9] o.s.jdbc.core.JdbcTemplate               : Executing prepared SQL update
2026-04-15T19:54:29.930+08:00 DEBUG 15660 --- [ai-gateway] [nio-9988-exec-9] o.s.jdbc.core.JdbcTemplate               : Executing prepared SQL statement [update wallets
set balance = balance - ?, total_consume = total_consume + ?, updated_at = now()
where user_id = ?
]
2026-04-15T19:54:29.932+08:00 DEBUG 15660 --- [ai-gateway] [nio-9988-exec-9] o.s.jdbc.core.JdbcTemplate               : Executing prepared SQL query
2026-04-15T19:54:29.933+08:00 DEBUG 15660 --- [ai-gateway] [nio-9988-exec-9] o.s.jdbc.core.JdbcTemplate               : Executing prepared SQL statement [select id from wallets where user_id = ?]
2026-04-15T19:54:29.934+08:00 DEBUG 15660 --- [ai-gateway] [nio-9988-exec-9] o.s.jdbc.core.JdbcTemplate               : Executing prepared SQL query
2026-04-15T19:54:29.934+08:00 DEBUG 15660 --- [ai-gateway] [nio-9988-exec-9] o.s.jdbc.core.JdbcTemplate               : Executing prepared SQL statement [select balance from wallets where user_id = ?]
2026-04-15T19:54:29.936+08:00 DEBUG 15660 --- [ai-gateway] [nio-9988-exec-9] o.s.jdbc.core.JdbcTemplate               : Executing prepared SQL update
2026-04-15T19:54:29.936+08:00 DEBUG 15660 --- [ai-gateway] [nio-9988-exec-9] o.s.jdbc.core.JdbcTemplate               : Executing prepared SQL statement [insert into transactions (user_id, wallet_id, order_no, transaction_type, direction, amount,
                          balance_before, balance_after, status, description_text, transaction_date)
values (?, ?, ?, 'CONSUME', 'OUT', ?, ?, ?, 'SUCCESS', ?, curdate())
]
2026-04-15T19:54:29.939+08:00 DEBUG 15660 --- [ai-gateway] [nio-9988-exec-9] o.s.jdbc.core.JdbcTemplate               : Executing prepared SQL update
2026-04-15T19:54:29.939+08:00 DEBUG 15660 --- [ai-gateway] [nio-9988-exec-9] o.s.jdbc.core.JdbcTemplate               : Executing prepared SQL statement [update api_keys
set used_quota = used_quota + ?, updated_at = now()
where id = ?
]
2026-04-15T19:54:29.944+08:00 DEBUG 15660 --- [ai-gateway] [nio-9988-exec-9] o.s.jdbc.core.JdbcTemplate               : Executing prepared SQL update
2026-04-15T19:54:29.946+08:00 DEBUG 15660 --- [ai-gateway] [nio-9988-exec-9] o.s.jdbc.core.JdbcTemplate               : Executing prepared SQL statement [insert into usage_daily (stat_date, user_id, model_code, provider_id, request_count, success_count, total_tokens, user_amount, cost_amount)
values (?, ?, ?, ?, 1, ?, ?, ?, ?)
on duplicate key update
    request_count = request_count + 1,
    success_count = success_count + values(success_count),
    total_tokens = total_tokens + values(total_tokens),
    user_amount = user_amount + values(user_amount),
    cost_amount = cost_amount + values(cost_amount),
    updated_at = now()
]
2026-04-15T19:54:29.949+08:00 DEBUG 15660 --- [ai-gateway] [nio-9988-exec-9] o.s.jdbc.core.JdbcTemplate               : SQLWarning ignored: SQL state 'HY000', error code '1287', message ['VALUES function' is deprecated and will be removed in a future release. Please use an alias (INSERT INTO ... VALUES (...) AS alias) and replace VALUES(col) in the ON DUPLICATE KEY UPDATE clause with alias.col instead]
2026-04-15T19:54:29.950+08:00 DEBUG 15660 --- [ai-gateway] [nio-9988-exec-9] o.s.jdbc.core.JdbcTemplate               : SQLWarning ignored: SQL state 'HY000', error code '1287', message ['VALUES function' is deprecated and will be removed in a future release. Please use an alias (INSERT INTO ... VALUES (...) AS alias) and replace VALUES(col) in the ON DUPLICATE KEY UPDATE clause with alias.col instead]
2026-04-15T19:54:29.950+08:00 DEBUG 15660 --- [ai-gateway] [nio-9988-exec-9] o.s.jdbc.core.JdbcTemplate               : SQLWarning ignored: SQL state 'HY000', error code '1287', message ['VALUES function' is deprecated and will be removed in a future release. Please use an alias (INSERT INTO ... VALUES (...) AS alias) and replace VALUES(col) in the ON DUPLICATE KEY UPDATE clause with alias.col instead]
2026-04-15T19:54:29.950+08:00 DEBUG 15660 --- [ai-gateway] [nio-9988-exec-9] o.s.jdbc.core.JdbcTemplate               : SQLWarning ignored: SQL state 'HY000', error code '1287', message ['VALUES function' is deprecated and will be removed in a future release. Please use an alias (INSERT INTO ... VALUES (...) AS alias) and replace VALUES(col) in the ON DUPLICATE KEY UPDATE clause with alias.col instead]
2026-04-15T19:54:29.951+08:00 DEBUG 15660 --- [ai-gateway] [nio-9988-exec-9] o.s.w.s.m.m.a.HttpEntityMethodProcessor  : Found 'Content-Type:text/event-stream;charset=UTF-8' in response
2026-04-15T19:54:29.951+08:00 DEBUG 15660 --- [ai-gateway] [nio-9988-exec-9] o.s.w.s.m.m.a.HttpEntityMethodProcessor  : Writing ["event: response.created<EOL>data: {"type":"response.created","response":{"id":"resp_062006b8ea6fc3960169 (truncated)..."]
2026-04-15T19:54:29.954+08:00 DEBUG 15660 --- [ai-gateway] [nio-9988-exec-9] o.s.web.servlet.DispatcherServlet        : Completed 200 OK
2026-04-15T19:54:33.602+08:00 DEBUG 15660 --- [ai-gateway] [nio-9988-exec-3] o.s.web.servlet.DispatcherServlet        : POST "/v1/responses", parameters={}
2026-04-15T19:54:33.604+08:00 DEBUG 15660 --- [ai-gateway] [nio-9988-exec-3] s.w.s.m.m.a.RequestMappingHandlerMapping : Mapped to com.zxw.modules.gateway.controller.GatewayChatController#responses(String, String, HttpServletRequest)
2026-04-15T19:54:40.872+08:00 DEBUG 15660 --- [ai-gateway] [nio-9988-exec-3] m.m.a.RequestResponseBodyMethodProcessor : Read "application/json;charset=UTF-8" to ["{"model":"gpt-5.4","instructions":"You are Codex, a coding agent based on GPT-5. You and the user sh (truncated)..."]
2026-04-15T19:54:40.873+08:00 DEBUG 15660 --- [ai-gateway] [nio-9988-exec-3] o.s.jdbc.core.JdbcTemplate               : Executing prepared SQL query
2026-04-15T19:54:40.874+08:00 DEBUG 15660 --- [ai-gateway] [nio-9988-exec-3] o.s.jdbc.core.JdbcTemplate               : Executing prepared SQL statement [select k.id, k.user_id, k.secret_hash, k.status, k.total_quota, k.used_quota, k.expires_at,
       u.username, u.role_code, coalesce(w.balance, 0) as balance
from api_keys k
join users u on u.id = k.user_id and u.deleted = 0
left join wallets w on w.user_id = u.id
where k.access_key = ? and k.deleted = 0
]
2026-04-15T19:54:40.962+08:00 DEBUG 15660 --- [ai-gateway] [nio-9988-exec-3] o.s.jdbc.core.JdbcTemplate               : Executing prepared SQL update
2026-04-15T19:54:40.963+08:00 DEBUG 15660 --- [ai-gateway] [nio-9988-exec-3] o.s.jdbc.core.JdbcTemplate               : Executing prepared SQL statement [update api_keys set last_used_at = now(), updated_at = now() where id = ?]
2026-04-15T19:54:40.968+08:00 DEBUG 15660 --- [ai-gateway] [nio-9988-exec-3] o.s.jdbc.core.JdbcTemplate               : Executing prepared SQL query
2026-04-15T19:54:40.969+08:00 DEBUG 15660 --- [ai-gateway] [nio-9988-exec-3] o.s.jdbc.core.JdbcTemplate               : Executing prepared SQL statement [select m.id as model_id, m.model_code, m.model_name, m.prompt_price, m.completion_price,
       m.request_price, m.multiplier, p.id as provider_id, p.provider_name, p.base_url, p.provider_type,
       p.timeout_ms, r.upstream_model, t.id as provider_token_id, t.token_value_encrypted
from models m
join model_routes r on r.model_id = m.id and r.status = 'ACTIVE'
join providers p on p.id = r.provider_id and p.deleted = 0 and p.status = 'ACTIVE'
join provider_tokens t on t.provider_id = p.id and t.deleted = 0 and t.status = 'ACTIVE'
where m.model_code = ? and m.deleted = 0 and m.status = 'ACTIVE'
order by r.priority_no asc, t.weight_no desc, t.id asc
limit 1
]
2026-04-15T19:54:48.713+08:00 DEBUG 15660 --- [ai-gateway] [nio-9988-exec-3] o.s.jdbc.core.JdbcTemplate               : Executing prepared SQL update
2026-04-15T19:54:48.714+08:00 DEBUG 15660 --- [ai-gateway] [nio-9988-exec-3] o.s.jdbc.core.JdbcTemplate               : Executing prepared SQL statement [insert into request_logs (request_id, user_id, api_key_id, model_code, provider_id, provider_token_id, upstream_model,
                          request_path, request_method, request_ip, request_body_json, response_body_json,
                          prompt_tokens, completion_tokens, total_tokens, user_amount, cost_amount, latency_ms,
                          success, status_code, error_message, request_date, created_at)
values (?, ?, ?, ?, ?, ?, ?, ?, ?, ?, cast(? as json), cast(? as json), ?, ?, ?, ?, ?, ?, ?, ?, ?, ?, now())
]
2026-04-15T19:54:48.715+08:00 DEBUG 15660 --- [ai-gateway] [nio-9988-exec-3] o.s.jdbc.core.StatementCreatorUtils      : JDBC getParameterType call failed - using fallback method instead: java.sql.SQLException: Parameter metadata not available for the given statement
2026-04-15T19:54:48.757+08:00 DEBUG 15660 --- [ai-gateway] [nio-9988-exec-3] o.s.jdbc.core.JdbcTemplate               : Executing prepared SQL update
2026-04-15T19:54:48.758+08:00 DEBUG 15660 --- [ai-gateway] [nio-9988-exec-3] o.s.jdbc.core.JdbcTemplate               : Executing prepared SQL statement [update wallets
set balance = balance - ?, total_consume = total_consume + ?, updated_at = now()
where user_id = ?
]
2026-04-15T19:54:48.760+08:00 DEBUG 15660 --- [ai-gateway] [nio-9988-exec-3] o.s.jdbc.core.JdbcTemplate               : Executing prepared SQL query
2026-04-15T19:54:48.761+08:00 DEBUG 15660 --- [ai-gateway] [nio-9988-exec-3] o.s.jdbc.core.JdbcTemplate               : Executing prepared SQL statement [select id from wallets where user_id = ?]
2026-04-15T19:54:48.762+08:00 DEBUG 15660 --- [ai-gateway] [nio-9988-exec-3] o.s.jdbc.core.JdbcTemplate               : Executing prepared SQL query
2026-04-15T19:54:48.763+08:00 DEBUG 15660 --- [ai-gateway] [nio-9988-exec-3] o.s.jdbc.core.JdbcTemplate               : Executing prepared SQL statement [select balance from wallets where user_id = ?]
2026-04-15T19:54:48.764+08:00 DEBUG 15660 --- [ai-gateway] [nio-9988-exec-3] o.s.jdbc.core.JdbcTemplate               : Executing prepared SQL update
2026-04-15T19:54:48.765+08:00 DEBUG 15660 --- [ai-gateway] [nio-9988-exec-3] o.s.jdbc.core.JdbcTemplate               : Executing prepared SQL statement [insert into transactions (user_id, wallet_id, order_no, transaction_type, direction, amount,
                          balance_before, balance_after, status, description_text, transaction_date)
values (?, ?, ?, 'CONSUME', 'OUT', ?, ?, ?, 'SUCCESS', ?, curdate())
]
2026-04-15T19:54:48.767+08:00 DEBUG 15660 --- [ai-gateway] [nio-9988-exec-3] o.s.jdbc.core.JdbcTemplate               : Executing prepared SQL update
2026-04-15T19:54:48.768+08:00 DEBUG 15660 --- [ai-gateway] [nio-9988-exec-3] o.s.jdbc.core.JdbcTemplate               : Executing prepared SQL statement [update api_keys
set used_quota = used_quota + ?, updated_at = now()
where id = ?
]
2026-04-15T19:54:48.770+08:00 DEBUG 15660 --- [ai-gateway] [nio-9988-exec-3] o.s.jdbc.core.JdbcTemplate               : Executing prepared SQL update
2026-04-15T19:54:48.771+08:00 DEBUG 15660 --- [ai-gateway] [nio-9988-exec-3] o.s.jdbc.core.JdbcTemplate               : Executing prepared SQL statement [insert into usage_daily (stat_date, user_id, model_code, provider_id, request_count, success_count, total_tokens, user_amount, cost_amount)
values (?, ?, ?, ?, 1, ?, ?, ?, ?)
on duplicate key update
    request_count = request_count + 1,
    success_count = success_count + values(success_count),
    total_tokens = total_tokens + values(total_tokens),
    user_amount = user_amount + values(user_amount),
    cost_amount = cost_amount + values(cost_amount),
    updated_at = now()
]
2026-04-15T19:54:48.773+08:00 DEBUG 15660 --- [ai-gateway] [nio-9988-exec-3] o.s.jdbc.core.JdbcTemplate               : SQLWarning ignored: SQL state 'HY000', error code '1287', message ['VALUES function' is deprecated and will be removed in a future release. Please use an alias (INSERT INTO ... VALUES (...) AS alias) and replace VALUES(col) in the ON DUPLICATE KEY UPDATE clause with alias.col instead]
2026-04-15T19:54:48.774+08:00 DEBUG 15660 --- [ai-gateway] [nio-9988-exec-3] o.s.jdbc.core.JdbcTemplate               : SQLWarning ignored: SQL state 'HY000', error code '1287', message ['VALUES function' is deprecated and will be removed in a future release. Please use an alias (INSERT INTO ... VALUES (...) AS alias) and replace VALUES(col) in the ON DUPLICATE KEY UPDATE clause with alias.col instead]
2026-04-15T19:54:48.775+08:00 DEBUG 15660 --- [ai-gateway] [nio-9988-exec-3] o.s.jdbc.core.JdbcTemplate               : SQLWarning ignored: SQL state 'HY000', error code '1287', message ['VALUES function' is deprecated and will be removed in a future release. Please use an alias (INSERT INTO ... VALUES (...) AS alias) and replace VALUES(col) in the ON DUPLICATE KEY UPDATE clause with alias.col instead]
2026-04-15T19:54:48.775+08:00 DEBUG 15660 --- [ai-gateway] [nio-9988-exec-3] o.s.jdbc.core.JdbcTemplate               : SQLWarning ignored: SQL state 'HY000', error code '1287', message ['VALUES function' is deprecated and will be removed in a future release. Please use an alias (INSERT INTO ... VALUES (...) AS alias) and replace VALUES(col) in the ON DUPLICATE KEY UPDATE clause with alias.col instead]
2026-04-15T19:54:48.776+08:00 DEBUG 15660 --- [ai-gateway] [nio-9988-exec-3] o.s.w.s.m.m.a.HttpEntityMethodProcessor  : Found 'Content-Type:text/event-stream;charset=UTF-8' in response
2026-04-15T19:54:48.777+08:00 DEBUG 15660 --- [ai-gateway] [nio-9988-exec-3] o.s.w.s.m.m.a.HttpEntityMethodProcessor  : Writing ["event: response.created<EOL>data: {"type":"response.created","response":{"id":"resp_062071f4041073cb0169 (truncated)..."]
2026-04-15T19:54:48.779+08:00 DEBUG 15660 --- [ai-gateway] [nio-9988-exec-3] o.s.web.servlet.DispatcherServlet        : Completed 200 OK
