
  .   ____          _            __ _ _
 /\\ / ___'_ __ _ _(_)_ __  __ _ \ \ \ \
( ( )\___ | '_ | '_| | '_ \/ _` | \ \ \ \
 \\/  ___)| |_)| | | | | || (_| |  ) ) ) )
  '  |____| .__|_| |_|_| |_\__, | / / / /
 =========|_|==============|___/=/_/_/_/

 :: Spring Boot ::               (v3.5.13)

2026-04-13T13:14:37.432+08:00  INFO 11836 --- [ai-gateway] [           main] com.zxw.TestApplication                  : Starting TestApplication v0.0.1-SNAPSHOT using Java 17 with PID 11836 (E:\project-ai\Test\target\Test-0.0.1-SNAPSHOT.jar started by EDY in E:\project-ai\Test)
2026-04-13T13:14:37.439+08:00  INFO 11836 --- [ai-gateway] [           main] com.zxw.TestApplication                  : No active profile set, falling back to 1 default profile: "default"
2026-04-13T13:14:37.441+08:00 DEBUG 11836 --- [ai-gateway] [           main] o.s.boot.SpringApplication               : Loading source class com.zxw.TestApplication
2026-04-13T13:14:37.534+08:00 DEBUG 11836 --- [ai-gateway] [           main] ConfigServletWebServerApplicationContext : Refreshing org.springframework.boot.web.servlet.context.AnnotationConfigServletWebServerApplicationContext@38831718
2026-04-13T13:14:39.993+08:00 DEBUG 11836 --- [ai-gateway] [           main] .s.b.w.e.t.TomcatServletWebServerFactory : Code archive: E:\project-ai\Test\target\Test-0.0.1-SNAPSHOT.jar
2026-04-13T13:14:39.995+08:00 DEBUG 11836 --- [ai-gateway] [           main] .s.b.w.e.t.TomcatServletWebServerFactory : Code archive: E:\project-ai\Test\target\Test-0.0.1-SNAPSHOT.jar
2026-04-13T13:14:39.997+08:00 DEBUG 11836 --- [ai-gateway] [           main] .s.b.w.e.t.TomcatServletWebServerFactory : None of the document roots [src/main/webapp, public, static] point to a directory and will be ignored.
2026-04-13T13:14:40.044+08:00  INFO 11836 --- [ai-gateway] [           main] o.s.b.w.embedded.tomcat.TomcatWebServer  : Tomcat initialized with port 9988 (http)
2026-04-13T13:14:40.070+08:00  INFO 11836 --- [ai-gateway] [           main] o.apache.catalina.core.StandardService   : Starting service [Tomcat]
2026-04-13T13:14:40.072+08:00  INFO 11836 --- [ai-gateway] [           main] o.apache.catalina.core.StandardEngine    : Starting Servlet engine: [Apache Tomcat/10.1.53]
2026-04-13T13:14:40.148+08:00  INFO 11836 --- [ai-gateway] [           main] o.a.c.c.C.[Tomcat].[localhost].[/]       : Initializing Spring embedded WebApplicationContext
2026-04-13T13:14:40.150+08:00 DEBUG 11836 --- [ai-gateway] [           main] w.s.c.ServletWebServerApplicationContext : Published root WebApplicationContext as ServletContext attribute with name [org.springframework.web.context.WebApplicationContext.ROOT]
2026-04-13T13:14:40.152+08:00  INFO 11836 --- [ai-gateway] [           main] w.s.c.ServletWebServerApplicationContext : Root WebApplicationContext: initialization completed in 2617 ms
2026-04-13T13:14:40.184+08:00 DEBUG 11836 --- [ai-gateway] [           main] o.s.b.w.s.ServletContextInitializerBeans : Mapping filters: characterEncodingFilter urls=[/*] order=-2147483648, formContentFilter urls=[/*] order=-9900, requestContextFilter urls=[/*] order=-105
2026-04-13T13:14:40.186+08:00 DEBUG 11836 --- [ai-gateway] [           main] o.s.b.w.s.ServletContextInitializerBeans : Mapping servlets: dispatcherServlet urls=[/]
2026-04-13T13:14:40.245+08:00 DEBUG 11836 --- [ai-gateway] [           main] o.s.b.w.s.f.OrderedRequestContextFilter  : Filter 'requestContextFilter' configured for use
2026-04-13T13:14:40.254+08:00 DEBUG 11836 --- [ai-gateway] [           main] s.b.w.s.f.OrderedCharacterEncodingFilter : Filter 'characterEncodingFilter' configured for use
2026-04-13T13:14:40.255+08:00 DEBUG 11836 --- [ai-gateway] [           main] o.s.b.w.s.f.OrderedFormContentFilter     : Filter 'formContentFilter' configured for use
2026-04-13T13:14:40.346+08:00 DEBUG 11836 --- [ai-gateway] [           main] o.s.b.a.AutoConfigurationPackages        : @EnableAutoConfiguration was declared on a class in the package 'com.zxw'. Automatic @Repository and @Entity scanning is enabled.
2026-04-13T13:14:40.573+08:00  INFO 11836 --- [ai-gateway] [           main] com.zaxxer.hikari.HikariDataSource       : HikariPool-1 - Starting...
2026-04-13T13:14:41.435+08:00  INFO 11836 --- [ai-gateway] [           main] com.zaxxer.hikari.pool.HikariPool        : HikariPool-1 - Added connection com.mysql.cj.jdbc.ConnectionImpl@6e8fdd19
2026-04-13T13:14:41.443+08:00  INFO 11836 --- [ai-gateway] [           main] com.zaxxer.hikari.HikariDataSource       : HikariPool-1 - Start completed.
2026-04-13T13:14:42.373+08:00 DEBUG 11836 --- [ai-gateway] [           main] o.s.jdbc.core.JdbcTemplate               : Executing SQL statement [create table if not exists agent_sessions (
    id bigint primary key auto_increment,
    session_key varchar(96) not null,
    user_id bigint not null,
    api_key_id bigint not null,
    model_code varchar(64) not null,
    workspace_root varchar(512) null,
    summary_text longtext null,
    summary_message_id bigint not null default 0,
    last_response_id varchar(96) null,
    created_at datetime not null default current_timestamp,
    updated_at datetime not null default current_timestamp on update current_timestamp,
    unique key uk_agent_sessions_key (session_key),
    key idx_agent_sessions_user (user_id, updated_at)
) engine=InnoDB default charset=utf8mb4 collate=utf8mb4_unicode_ci
]
2026-04-13T13:14:42.422+08:00 DEBUG 11836 --- [ai-gateway] [           main] o.s.jdbc.core.JdbcTemplate               : SQLWarning ignored: SQL state '42S01', error code '1050', message [Table 'agent_sessions' already exists]
2026-04-13T13:14:42.430+08:00 DEBUG 11836 --- [ai-gateway] [           main] o.s.jdbc.core.JdbcTemplate               : Executing prepared SQL query
2026-04-13T13:14:42.431+08:00 DEBUG 11836 --- [ai-gateway] [           main] o.s.jdbc.core.JdbcTemplate               : Executing prepared SQL statement [select count(*)
from information_schema.columns
where table_schema = database()
  and table_name = ?
  and column_name = ?
]
2026-04-13T13:14:42.469+08:00 DEBUG 11836 --- [ai-gateway] [           main] o.s.jdbc.core.JdbcTemplate               : Executing prepared SQL query
2026-04-13T13:14:42.469+08:00 DEBUG 11836 --- [ai-gateway] [           main] o.s.jdbc.core.JdbcTemplate               : Executing prepared SQL statement [select count(*)
from information_schema.columns
where table_schema = database()
  and table_name = ?
  and column_name = ?
]
2026-04-13T13:14:42.473+08:00 DEBUG 11836 --- [ai-gateway] [           main] o.s.jdbc.core.JdbcTemplate               : Executing SQL statement [create table if not exists agent_messages (
    id bigint primary key auto_increment,
    session_id bigint not null,
    response_id varchar(96) not null,
    role_code varchar(16) not null,
    source_type varchar(32) not null,
    content_text longtext null,
    tool_name varchar(64) null,
    tool_payload_json json null,
    created_at datetime not null default current_timestamp,
    key idx_agent_messages_session (session_id, id),
    key idx_agent_messages_response (response_id)
) engine=InnoDB default charset=utf8mb4 collate=utf8mb4_unicode_ci
]
2026-04-13T13:14:42.478+08:00 DEBUG 11836 --- [ai-gateway] [           main] o.s.jdbc.core.JdbcTemplate               : SQLWarning ignored: SQL state '42S01', error code '1050', message [Table 'agent_messages' already exists]
2026-04-13T13:14:42.479+08:00 DEBUG 11836 --- [ai-gateway] [           main] o.s.jdbc.core.JdbcTemplate               : Executing SQL statement [create table if not exists agent_tool_logs (
    id bigint primary key auto_increment,
    session_id bigint not null,
    response_id varchar(96) not null,
    step_no int not null,
    tool_name varchar(64) not null,
    title varchar(128) null,
    success tinyint(1) not null default 1,
    arguments_json json null,
    result_json json null,
    file_previews_json json null,
    created_at datetime not null default current_timestamp,
    key idx_agent_tool_logs_session (session_id, id),
    key idx_agent_tool_logs_response (response_id)
) engine=InnoDB default charset=utf8mb4 collate=utf8mb4_unicode_ci
]
2026-04-13T13:14:42.484+08:00 DEBUG 11836 --- [ai-gateway] [           main] o.s.jdbc.core.JdbcTemplate               : SQLWarning ignored: SQL state 'HY000', error code '1681', message [Integer display width is deprecated and will be removed in a future release.]
2026-04-13T13:14:42.486+08:00 DEBUG 11836 --- [ai-gateway] [           main] o.s.jdbc.core.JdbcTemplate               : SQLWarning ignored: SQL state '42S01', error code '1050', message [Table 'agent_tool_logs' already exists]
2026-04-13T13:14:42.911+08:00 DEBUG 11836 --- [ai-gateway] [           main] s.w.s.m.m.a.RequestMappingHandlerMapping : 34 mappings in 'requestMappingHandlerMapping'
2026-04-13T13:14:42.948+08:00 DEBUG 11836 --- [ai-gateway] [           main] o.s.w.s.handler.SimpleUrlHandlerMapping  : Patterns [/, /console, /console/] in 'viewControllerHandlerMapping'
2026-04-13T13:14:43.010+08:00 DEBUG 11836 --- [ai-gateway] [           main] o.s.w.s.handler.SimpleUrlHandlerMapping  : Patterns [/webjars/**, /**] in 'resourceHandlerMapping'
2026-04-13T13:14:43.067+08:00 DEBUG 11836 --- [ai-gateway] [           main] s.w.s.m.m.a.RequestMappingHandlerAdapter : ControllerAdvice beans: 0 @ModelAttribute, 0 @InitBinder, 1 RequestBodyAdvice, 1 ResponseBodyAdvice
2026-04-13T13:14:43.212+08:00 DEBUG 11836 --- [ai-gateway] [           main] .m.m.a.ExceptionHandlerExceptionResolver : ControllerAdvice beans: 1 @ExceptionHandler, 1 ResponseBodyAdvice
2026-04-13T13:14:44.352+08:00  INFO 11836 --- [ai-gateway] [           main] o.s.b.w.embedded.tomcat.TomcatWebServer  : Tomcat started on port 9988 (http) with context path '/'
2026-04-13T13:14:44.624+08:00 DEBUG 11836 --- [ai-gateway] [           main] .s.b.a.l.ConditionEvaluationReportLogger : 


============================
CONDITIONS EVALUATION REPORT
============================


Positive matches:
-----------------

   AopAutoConfiguration matched:
      - @ConditionalOnBooleanProperty (spring.aop.auto=true) matched (OnPropertyCondition)

   AopAutoConfiguration.ClassProxyingConfiguration matched:
      - @ConditionalOnMissingClass did not find unwanted class 'org.aspectj.weaver.Advice' (OnClassCondition)
      - @ConditionalOnBooleanProperty (spring.aop.proxy-target-class=true) matched (OnPropertyCondition)

   ApplicationAvailabilityAutoConfiguration#applicationAvailability matched:
      - @ConditionalOnMissingBean (types: org.springframework.boot.availability.ApplicationAvailability; SearchStrategy: all) did not find any beans (OnBeanCondition)

   DataSourceAutoConfiguration matched:
      - @ConditionalOnClass found required classes 'javax.sql.DataSource', 'org.springframework.jdbc.datasource.embedded.EmbeddedDatabaseType' (OnClassCondition)
      - @ConditionalOnMissingBean (types: io.r2dbc.spi.ConnectionFactory; SearchStrategy: all) did not find any beans (OnBeanCondition)

   DataSourceAutoConfiguration.PooledDataSourceConfiguration matched:
      - AnyNestedCondition 1 matched 1 did not; NestedCondition on DataSourceAutoConfiguration.PooledDataSourceCondition.PooledDataSourceAvailable PooledDataSource found supported DataSource; NestedCondition on DataSourceAutoConfiguration.PooledDataSourceCondition.ExplicitType @ConditionalOnProperty (spring.datasource.type) did not find property 'spring.datasource.type' (DataSourceAutoConfiguration.PooledDataSourceCondition)
      - @ConditionalOnMissingBean (types: javax.sql.DataSource,javax.sql.XADataSource; SearchStrategy: all) did not find any beans (OnBeanCondition)

   DataSourceAutoConfiguration.PooledDataSourceConfiguration#jdbcConnectionDetails matched:
      - @ConditionalOnMissingBean (types: org.springframework.boot.autoconfigure.jdbc.JdbcConnectionDetails; SearchStrategy: all) did not find any beans (OnBeanCondition)

   DataSourceConfiguration.Hikari matched:
      - @ConditionalOnClass found required class 'com.zaxxer.hikari.HikariDataSource' (OnClassCondition)
      - @ConditionalOnProperty (spring.datasource.type=com.zaxxer.hikari.HikariDataSource) matched (OnPropertyCondition)
      - @ConditionalOnMissingBean (types: javax.sql.DataSource; SearchStrategy: all) did not find any beans (OnBeanCondition)

   DataSourceInitializationConfiguration matched:
      - @ConditionalOnClass found required class 'org.springframework.jdbc.datasource.init.DatabasePopulator' (OnClassCondition)
      - @ConditionalOnSingleCandidate (types: javax.sql.DataSource; SearchStrategy: all) found a single bean 'dataSource'; @ConditionalOnMissingBean (types: org.springframework.boot.autoconfigure.sql.init.SqlDataSourceScriptDatabaseInitializer,org.springframework.boot.autoconfigure.sql.init.SqlR2dbcScriptDatabaseInitializer; SearchStrategy: all) did not find any beans (OnBeanCondition)

   DataSourcePoolMetadataProvidersConfiguration.HikariPoolDataSourceMetadataProviderConfiguration matched:
      - @ConditionalOnClass found required class 'com.zaxxer.hikari.HikariDataSource' (OnClassCondition)

   DataSourceTransactionManagerAutoConfiguration matched:
      - @ConditionalOnClass found required classes 'javax.sql.DataSource', 'org.springframework.jdbc.core.JdbcTemplate', 'org.springframework.transaction.TransactionManager' (OnClassCondition)

   DataSourceTransactionManagerAutoConfiguration.JdbcTransactionManagerConfiguration matched:
      - @ConditionalOnSingleCandidate (types: javax.sql.DataSource; SearchStrategy: all) found a single bean 'dataSource' (OnBeanCondition)

   DataSourceTransactionManagerAutoConfiguration.JdbcTransactionManagerConfiguration#transactionManager matched:
      - @ConditionalOnMissingBean (types: org.springframework.transaction.TransactionManager; SearchStrategy: all) did not find any beans (OnBeanCondition)

   DispatcherServletAutoConfiguration matched:
      - @ConditionalOnClass found required class 'org.springframework.web.servlet.DispatcherServlet' (OnClassCondition)
      - found 'session' scope (OnWebApplicationCondition)

   DispatcherServletAutoConfiguration.DispatcherServletConfiguration matched:
      - @ConditionalOnClass found required class 'jakarta.servlet.ServletRegistration' (OnClassCondition)
      - Default DispatcherServlet did not find dispatcher servlet beans (DispatcherServletAutoConfiguration.DefaultDispatcherServletCondition)

   DispatcherServletAutoConfiguration.DispatcherServletRegistrationConfiguration matched:
      - @ConditionalOnClass found required class 'jakarta.servlet.ServletRegistration' (OnClassCondition)
      - DispatcherServlet Registration did not find servlet registration bean (DispatcherServletAutoConfiguration.DispatcherServletRegistrationCondition)

   DispatcherServletAutoConfiguration.DispatcherServletRegistrationConfiguration#dispatcherServletRegistration matched:
      - @ConditionalOnBean (names: dispatcherServlet types: org.springframework.web.servlet.DispatcherServlet; SearchStrategy: all) found bean 'dispatcherServlet' (OnBeanCondition)

   EmbeddedWebServerFactoryCustomizerAutoConfiguration matched:
      - @ConditionalOnWebApplication (required) found 'session' scope (OnWebApplicationCondition)
      - @ConditionalOnWarDeployment the application is not deployed as a WAR file. (OnWarDeploymentCondition)

   EmbeddedWebServerFactoryCustomizerAutoConfiguration.TomcatWebServerFactoryCustomizerConfiguration matched:
      - @ConditionalOnClass found required classes 'org.apache.catalina.startup.Tomcat', 'org.apache.coyote.UpgradeProtocol' (OnClassCondition)

   ErrorMvcAutoConfiguration matched:
      - @ConditionalOnClass found required classes 'jakarta.servlet.Servlet', 'org.springframework.web.servlet.DispatcherServlet' (OnClassCondition)
      - found 'session' scope (OnWebApplicationCondition)

   ErrorMvcAutoConfiguration#basicErrorController matched:
      - @ConditionalOnMissingBean (types: org.springframework.boot.web.servlet.error.ErrorController; SearchStrategy: current) did not find any beans (OnBeanCondition)

   ErrorMvcAutoConfiguration#errorAttributes matched:
      - @ConditionalOnMissingBean (types: org.springframework.boot.web.servlet.error.ErrorAttributes; SearchStrategy: current) did not find any beans (OnBeanCondition)

   ErrorMvcAutoConfiguration.DefaultErrorViewResolverConfiguration#conventionErrorViewResolver matched:
      - @ConditionalOnBean (types: org.springframework.web.servlet.DispatcherServlet; SearchStrategy: all) found bean 'dispatcherServlet'; @ConditionalOnMissingBean (types: org.springframework.boot.autoconfigure.web.servlet.error.ErrorViewResolver; SearchStrategy: all) did not find any beans (OnBeanCondition)

   ErrorMvcAutoConfiguration.WhitelabelErrorViewConfiguration matched:
      - @ConditionalOnBooleanProperty (server.error.whitelabel.enabled=true) matched (OnPropertyCondition)
      - ErrorTemplate Missing did not find error template view (ErrorMvcAutoConfiguration.ErrorTemplateMissingCondition)

   ErrorMvcAutoConfiguration.WhitelabelErrorViewConfiguration#beanNameViewResolver matched:
      - @ConditionalOnMissingBean (types: org.springframework.web.servlet.view.BeanNameViewResolver; SearchStrategy: all) did not find any beans (OnBeanCondition)

   ErrorMvcAutoConfiguration.WhitelabelErrorViewConfiguration#defaultErrorView matched:
      - @ConditionalOnMissingBean (names: error; SearchStrategy: all) did not find any beans (OnBeanCondition)

   GenericCacheConfiguration matched:
      - Cache org.springframework.boot.autoconfigure.cache.GenericCacheConfiguration automatic cache type (CacheCondition)

   HttpClientAutoConfiguration matched:
      - @ConditionalOnClass found required class 'org.springframework.http.client.ClientHttpRequestFactory' (OnClassCondition)
      - NoneNestedConditions 0 matched 1 did not; NestedCondition on NotReactiveWebApplicationCondition.ReactiveWebApplication did not find reactive web application classes (NotReactiveWebApplicationCondition)

   HttpClientAutoConfiguration#clientHttpRequestFactoryBuilder matched:
      - @ConditionalOnMissingBean (types: org.springframework.boot.http.client.ClientHttpRequestFactoryBuilder<?>; SearchStrategy: all) did not find any beans (OnBeanCondition)

   HttpClientAutoConfiguration#clientHttpRequestFactorySettings matched:
      - @ConditionalOnMissingBean (types: org.springframework.boot.http.client.ClientHttpRequestFactorySettings; SearchStrategy: all) did not find any beans (OnBeanCondition)

   HttpEncodingAutoConfiguration matched:
      - @ConditionalOnClass found required class 'org.springframework.web.filter.CharacterEncodingFilter' (OnClassCondition)
      - found 'session' scope (OnWebApplicationCondition)
      - @ConditionalOnBooleanProperty (server.servlet.encoding.enabled=true) matched (OnPropertyCondition)

   HttpEncodingAutoConfiguration#characterEncodingFilter matched:
      - @ConditionalOnMissingBean (types: org.springframework.web.filter.CharacterEncodingFilter; SearchStrategy: all) did not find any beans (OnBeanCondition)

   HttpMessageConvertersAutoConfiguration matched:
      - @ConditionalOnClass found required class 'org.springframework.http.converter.HttpMessageConverter' (OnClassCondition)
      - NoneNestedConditions 0 matched 1 did not; NestedCondition on HttpMessageConvertersAutoConfiguration.NotReactiveWebApplicationCondition.ReactiveWebApplication did not find reactive web application classes (HttpMessageConvertersAutoConfiguration.NotReactiveWebApplicationCondition)

   HttpMessageConvertersAutoConfiguration#messageConverters matched:
      - @ConditionalOnMissingBean (types: org.springframework.boot.autoconfigure.http.HttpMessageConverters; SearchStrategy: all) did not find any beans (OnBeanCondition)

   HttpMessageConvertersAutoConfiguration.StringHttpMessageConverterConfiguration matched:
      - @ConditionalOnClass found required class 'org.springframework.http.converter.StringHttpMessageConverter' (OnClassCondition)

   HttpMessageConvertersAutoConfiguration.StringHttpMessageConverterConfiguration#stringHttpMessageConverter matched:
      - @ConditionalOnMissingBean (types: org.springframework.http.converter.StringHttpMessageConverter; SearchStrategy: all) did not find any beans (OnBeanCondition)

   JacksonAutoConfiguration matched:
      - @ConditionalOnClass found required class 'com.fasterxml.jackson.databind.ObjectMapper' (OnClassCondition)

   JacksonAutoConfiguration.Jackson2ObjectMapperBuilderCustomizerConfiguration matched:
      - @ConditionalOnClass found required class 'org.springframework.http.converter.json.Jackson2ObjectMapperBuilder' (OnClassCondition)

   JacksonAutoConfiguration.JacksonObjectMapperBuilderConfiguration matched:
      - @ConditionalOnClass found required class 'org.springframework.http.converter.json.Jackson2ObjectMapperBuilder' (OnClassCondition)

   JacksonAutoConfiguration.JacksonObjectMapperBuilderConfiguration#jacksonObjectMapperBuilder matched:
      - @ConditionalOnMissingBean (types: org.springframework.http.converter.json.Jackson2ObjectMapperBuilder; SearchStrategy: all) did not find any beans (OnBeanCondition)

   JacksonAutoConfiguration.JacksonObjectMapperConfiguration matched:
      - @ConditionalOnClass found required class 'org.springframework.http.converter.json.Jackson2ObjectMapperBuilder' (OnClassCondition)

   JacksonAutoConfiguration.JacksonObjectMapperConfiguration#jacksonObjectMapper matched:
      - @ConditionalOnMissingBean (types: com.fasterxml.jackson.databind.ObjectMapper; SearchStrategy: all) did not find any beans (OnBeanCondition)

   JacksonAutoConfiguration.ParameterNamesModuleConfiguration matched:
      - @ConditionalOnClass found required class 'com.fasterxml.jackson.module.paramnames.ParameterNamesModule' (OnClassCondition)

   JacksonAutoConfiguration.ParameterNamesModuleConfiguration#parameterNamesModule matched:
      - @ConditionalOnMissingBean (types: com.fasterxml.jackson.module.paramnames.ParameterNamesModule; SearchStrategy: all) did not find any beans (OnBeanCondition)

   JacksonHttpMessageConvertersConfiguration.MappingJackson2HttpMessageConverterConfiguration matched:
      - @ConditionalOnClass found required class 'com.fasterxml.jackson.databind.ObjectMapper' (OnClassCondition)
      - @ConditionalOnPreferredJsonMapper JACKSON no property was configured and Jackson is the default (OnPreferredJsonMapperCondition)
      - @ConditionalOnBean (types: com.fasterxml.jackson.databind.ObjectMapper; SearchStrategy: all) found bean 'jacksonObjectMapper' (OnBeanCondition)

   JacksonHttpMessageConvertersConfiguration.MappingJackson2HttpMessageConverterConfiguration#mappingJackson2HttpMessageConverter matched:
      - @ConditionalOnMissingBean (types: org.springframework.http.converter.json.MappingJackson2HttpMessageConverter ignored: org.springframework.hateoas.server.mvc.TypeConstrainedMappingJackson2HttpMessageConverter,org.springframework.data.rest.webmvc.alps.AlpsJsonHttpMessageConverter; SearchStrategy: all) did not find any beans (OnBeanCondition)

   JdbcClientAutoConfiguration matched:
      - @ConditionalOnSingleCandidate (types: org.springframework.jdbc.core.namedparam.NamedParameterJdbcTemplate; SearchStrategy: all) found a single bean 'namedParameterJdbcTemplate'; @ConditionalOnMissingBean (types: org.springframework.jdbc.core.simple.JdbcClient; SearchStrategy: all) did not find any beans (OnBeanCondition)

   JdbcTemplateAutoConfiguration matched:
      - @ConditionalOnClass found required classes 'javax.sql.DataSource', 'org.springframework.jdbc.core.JdbcTemplate' (OnClassCondition)
      - @ConditionalOnSingleCandidate (types: javax.sql.DataSource; SearchStrategy: all) found a single bean 'dataSource' (OnBeanCondition)

   JdbcTemplateConfiguration matched:
      - @ConditionalOnMissingBean (types: org.springframework.jdbc.core.JdbcOperations; SearchStrategy: all) did not find any beans (OnBeanCondition)

   LifecycleAutoConfiguration#defaultLifecycleProcessor matched:
      - @ConditionalOnMissingBean (names: lifecycleProcessor; SearchStrategy: current) did not find any beans (OnBeanCondition)

   MultipartAutoConfiguration matched:
      - @ConditionalOnClass found required classes 'jakarta.servlet.Servlet', 'org.springframework.web.multipart.support.StandardServletMultipartResolver', 'jakarta.servlet.MultipartConfigElement' (OnClassCondition)
      - found 'session' scope (OnWebApplicationCondition)
      - @ConditionalOnBooleanProperty (spring.servlet.multipart.enabled=true) matched (OnPropertyCondition)

   MultipartAutoConfiguration#multipartConfigElement matched:
      - @ConditionalOnMissingBean (types: jakarta.servlet.MultipartConfigElement; SearchStrategy: all) did not find any beans (OnBeanCondition)

   MultipartAutoConfiguration#multipartResolver matched:
      - @ConditionalOnMissingBean (types: org.springframework.web.multipart.MultipartResolver; SearchStrategy: all) did not find any beans (OnBeanCondition)

   NamedParameterJdbcTemplateConfiguration matched:
      - @ConditionalOnSingleCandidate (types: org.springframework.jdbc.core.JdbcTemplate; SearchStrategy: all) found a single bean 'jdbcTemplate'; @ConditionalOnMissingBean (types: org.springframework.jdbc.core.namedparam.NamedParameterJdbcOperations; SearchStrategy: all) did not find any beans (OnBeanCondition)

   NoOpCacheConfiguration matched:
      - Cache org.springframework.boot.autoconfigure.cache.NoOpCacheConfiguration automatic cache type (CacheCondition)

   PersistenceExceptionTranslationAutoConfiguration matched:
      - @ConditionalOnClass found required class 'org.springframework.dao.annotation.PersistenceExceptionTranslationPostProcessor' (OnClassCondition)

   PersistenceExceptionTranslationAutoConfiguration#persistenceExceptionTranslationPostProcessor matched:
      - @ConditionalOnBooleanProperty (spring.dao.exceptiontranslation.enabled=true) matched (OnPropertyCondition)
      - @ConditionalOnMissingBean (types: org.springframework.dao.annotation.PersistenceExceptionTranslationPostProcessor; SearchStrategy: all) did not find any beans (OnBeanCondition)

   PropertyPlaceholderAutoConfiguration#propertySourcesPlaceholderConfigurer matched:
      - @ConditionalOnMissingBean (types: org.springframework.context.support.PropertySourcesPlaceholderConfigurer; SearchStrategy: current) did not find any beans (OnBeanCondition)

   RestClientAutoConfiguration matched:
      - @ConditionalOnClass found required class 'org.springframework.web.client.RestClient' (OnClassCondition)
      - AnyNestedCondition 1 matched 1 did not; NestedCondition on NotReactiveWebApplicationOrVirtualThreadsExecutorEnabledCondition.VirtualThreadsExecutorEnabled found non-matching nested conditions @ConditionalOnThreading did not find VIRTUAL; NestedCondition on NotReactiveWebApplicationOrVirtualThreadsExecutorEnabledCondition.NotReactiveWebApplication NoneNestedConditions 0 matched 1 did not; NestedCondition on NotReactiveWebApplicationCondition.ReactiveWebApplication did not find reactive web application classes (NotReactiveWebApplicationOrVirtualThreadsExecutorEnabledCondition)

   RestClientAutoConfiguration#httpMessageConvertersRestClientCustomizer matched:
      - @ConditionalOnMissingBean (types: org.springframework.boot.autoconfigure.web.client.HttpMessageConvertersRestClientCustomizer; SearchStrategy: all) did not find any beans (OnBeanCondition)

   RestClientAutoConfiguration#restClientBuilder matched:
      - @ConditionalOnMissingBean (types: org.springframework.web.client.RestClient$Builder; SearchStrategy: all) did not find any beans (OnBeanCondition)

   RestClientAutoConfiguration#restClientBuilderConfigurer matched:
      - @ConditionalOnMissingBean (types: org.springframework.boot.autoconfigure.web.client.RestClientBuilderConfigurer; SearchStrategy: all) did not find any beans (OnBeanCondition)

   RestClientAutoConfiguration#restClientSsl matched:
      - @ConditionalOnBean (types: org.springframework.boot.ssl.SslBundles; SearchStrategy: all) found bean 'sslBundleRegistry'; @ConditionalOnMissingBean (types: org.springframework.boot.autoconfigure.web.client.RestClientSsl; SearchStrategy: all) did not find any beans (OnBeanCondition)

   RestTemplateAutoConfiguration matched:
      - @ConditionalOnClass found required class 'org.springframework.web.client.RestTemplate' (OnClassCondition)
      - NoneNestedConditions 0 matched 1 did not; NestedCondition on NotReactiveWebApplicationCondition.ReactiveWebApplication did not find reactive web application classes (NotReactiveWebApplicationCondition)

   RestTemplateAutoConfiguration#restTemplateBuilder matched:
      - @ConditionalOnMissingBean (types: org.springframework.boot.web.client.RestTemplateBuilder; SearchStrategy: all) did not find any beans (OnBeanCondition)

   ServletWebServerFactoryAutoConfiguration matched:
      - @ConditionalOnClass found required class 'jakarta.servlet.ServletRequest' (OnClassCondition)
      - found 'session' scope (OnWebApplicationCondition)

   ServletWebServerFactoryAutoConfiguration.TomcatConfiguration matched:
      - @ConditionalOnClass found required class 'org.apache.catalina.startup.Tomcat' (OnClassCondition)

   ServletWebServerFactoryConfiguration.EmbeddedTomcat matched:
      - @ConditionalOnClass found required classes 'jakarta.servlet.Servlet', 'org.apache.catalina.startup.Tomcat', 'org.apache.coyote.UpgradeProtocol' (OnClassCondition)
      - @ConditionalOnMissingBean (types: org.springframework.boot.web.servlet.server.ServletWebServerFactory; SearchStrategy: current) did not find any beans (OnBeanCondition)

   SimpleCacheConfiguration matched:
      - Cache org.springframework.boot.autoconfigure.cache.SimpleCacheConfiguration automatic cache type (CacheCondition)

   SqlInitializationAutoConfiguration matched:
      - @ConditionalOnBooleanProperty (spring.sql.init.enabled=true) matched (OnPropertyCondition)
      - NoneNestedConditions 0 matched 1 did not; NestedCondition on SqlInitializationAutoConfiguration.SqlInitializationModeCondition.ModeIsNever @ConditionalOnProperty (spring.sql.init.mode=never) found different value in property 'spring.sql.init.mode' (SqlInitializationAutoConfiguration.SqlInitializationModeCondition)

   SslAutoConfiguration#sslBundleRegistry matched:
      - @ConditionalOnMissingBean (types: org.springframework.boot.ssl.SslBundleRegistry,org.springframework.boot.ssl.SslBundles; SearchStrategy: all) did not find any beans (OnBeanCondition)

   TaskExecutionAutoConfiguration matched:
      - @ConditionalOnClass found required class 'org.springframework.scheduling.concurrent.ThreadPoolTaskExecutor' (OnClassCondition)

   TaskExecutorConfigurations.AsyncConfigurerConfiguration matched:
      - @ConditionalOnMissingBean (types: org.springframework.scheduling.annotation.AsyncConfigurer; SearchStrategy: all) did not find any beans (OnBeanCondition)

   TaskExecutorConfigurations.AsyncConfigurerConfiguration#applicationTaskExecutorAsyncConfigurer matched:
      - @ConditionalOnMissingBean (types: org.springframework.scheduling.annotation.AsyncConfigurer; SearchStrategy: all) did not find any beans (OnBeanCondition)

   TaskExecutorConfigurations.SimpleAsyncTaskExecutorBuilderConfiguration#simpleAsyncTaskExecutorBuilder matched:
      - @ConditionalOnMissingBean (types: org.springframework.boot.task.SimpleAsyncTaskExecutorBuilder; SearchStrategy: all) did not find any beans (OnBeanCondition)
      - @ConditionalOnThreading found PLATFORM (OnThreadingCondition)

   TaskExecutorConfigurations.TaskExecutorConfiguration matched:
      - AnyNestedCondition 1 matched 1 did not; NestedCondition on TaskExecutorConfigurations.OnExecutorCondition.ModelCondition @ConditionalOnProperty (spring.task.execution.mode=force) did not find property 'spring.task.execution.mode'; NestedCondition on TaskExecutorConfigurations.OnExecutorCondition.ExecutorBeanCondition @ConditionalOnMissingBean (types: java.util.concurrent.Executor; SearchStrategy: all) did not find any beans (TaskExecutorConfigurations.OnExecutorCondition)

   TaskExecutorConfigurations.TaskExecutorConfiguration#applicationTaskExecutor matched:
      - @ConditionalOnThreading found PLATFORM (OnThreadingCondition)

   TaskExecutorConfigurations.ThreadPoolTaskExecutorBuilderConfiguration#threadPoolTaskExecutorBuilder matched:
      - @ConditionalOnMissingBean (types: org.springframework.boot.task.ThreadPoolTaskExecutorBuilder; SearchStrategy: all) did not find any beans (OnBeanCondition)

   TaskSchedulingAutoConfiguration matched:
      - @ConditionalOnClass found required class 'org.springframework.scheduling.concurrent.ThreadPoolTaskScheduler' (OnClassCondition)

   TaskSchedulingConfigurations.SimpleAsyncTaskSchedulerBuilderConfiguration#simpleAsyncTaskSchedulerBuilder matched:
      - @ConditionalOnMissingBean (types: org.springframework.boot.task.SimpleAsyncTaskSchedulerBuilder; SearchStrategy: all) did not find any beans (OnBeanCondition)
      - @ConditionalOnThreading found PLATFORM (OnThreadingCondition)

   TaskSchedulingConfigurations.ThreadPoolTaskSchedulerBuilderConfiguration#threadPoolTaskSchedulerBuilder matched:
      - @ConditionalOnMissingBean (types: org.springframework.boot.task.ThreadPoolTaskSchedulerBuilder; SearchStrategy: all) did not find any beans (OnBeanCondition)

   TransactionAutoConfiguration matched:
      - @ConditionalOnClass found required class 'org.springframework.transaction.PlatformTransactionManager' (OnClassCondition)

   TransactionAutoConfiguration.EnableTransactionManagementConfiguration matched:
      - @ConditionalOnBean (types: org.springframework.transaction.TransactionManager; SearchStrategy: all) found bean 'transactionManager'; @ConditionalOnMissingBean (types: org.springframework.transaction.annotation.AbstractTransactionManagementConfiguration; SearchStrategy: all) did not find any beans (OnBeanCondition)

   TransactionAutoConfiguration.EnableTransactionManagementConfiguration.CglibAutoProxyConfiguration matched:
      - @ConditionalOnBooleanProperty (spring.aop.proxy-target-class=true) matched (OnPropertyCondition)

   TransactionAutoConfiguration.TransactionTemplateConfiguration matched:
      - @ConditionalOnSingleCandidate (types: org.springframework.transaction.PlatformTransactionManager; SearchStrategy: all) found a single bean 'transactionManager' (OnBeanCondition)

   TransactionAutoConfiguration.TransactionTemplateConfiguration#transactionTemplate matched:
      - @ConditionalOnMissingBean (types: org.springframework.transaction.support.TransactionOperations; SearchStrategy: all) did not find any beans (OnBeanCondition)

   TransactionManagerCustomizationAutoConfiguration matched:
      - @ConditionalOnClass found required class 'org.springframework.transaction.PlatformTransactionManager' (OnClassCondition)

   TransactionManagerCustomizationAutoConfiguration#platformTransactionManagerCustomizers matched:
      - @ConditionalOnMissingBean (types: org.springframework.boot.autoconfigure.transaction.TransactionManagerCustomizers; SearchStrategy: all) did not find any beans (OnBeanCondition)

   ValidationAutoConfiguration matched:
      - @ConditionalOnClass found required class 'jakarta.validation.executable.ExecutableValidator' (OnClassCondition)
      - @ConditionalOnResource found location classpath:META-INF/services/jakarta.validation.spi.ValidationProvider (OnResourceCondition)

   ValidationAutoConfiguration#defaultValidator matched:
      - @ConditionalOnMissingBean (types: jakarta.validation.Validator; SearchStrategy: all) did not find any beans (OnBeanCondition)

   ValidationAutoConfiguration#methodValidationPostProcessor matched:
      - @ConditionalOnMissingBean (types: org.springframework.validation.beanvalidation.MethodValidationPostProcessor; SearchStrategy: current) did not find any beans (OnBeanCondition)

   WebMvcAutoConfiguration matched:
      - @ConditionalOnClass found required classes 'jakarta.servlet.Servlet', 'org.springframework.web.servlet.DispatcherServlet', 'org.springframework.web.servlet.config.annotation.WebMvcConfigurer' (OnClassCondition)
      - found 'session' scope (OnWebApplicationCondition)
      - @ConditionalOnMissingBean (types: org.springframework.web.servlet.config.annotation.WebMvcConfigurationSupport; SearchStrategy: all) did not find any beans (OnBeanCondition)

   WebMvcAutoConfiguration#formContentFilter matched:
      - @ConditionalOnBooleanProperty (spring.mvc.formcontent.filter.enabled=true) matched (OnPropertyCondition)
      - @ConditionalOnMissingBean (types: org.springframework.web.filter.FormContentFilter; SearchStrategy: all) did not find any beans (OnBeanCondition)

   WebMvcAutoConfiguration.EnableWebMvcConfiguration#flashMapManager matched:
      - @ConditionalOnMissingBean (names: flashMapManager; SearchStrategy: all) did not find any beans (OnBeanCondition)

   WebMvcAutoConfiguration.EnableWebMvcConfiguration#localeResolver matched:
      - @ConditionalOnMissingBean (names: localeResolver; SearchStrategy: all) did not find any beans (OnBeanCondition)

   WebMvcAutoConfiguration.EnableWebMvcConfiguration#themeResolver matched:
      - @ConditionalOnMissingBean (names: themeResolver; SearchStrategy: all) did not find any beans (OnBeanCondition)

   WebMvcAutoConfiguration.EnableWebMvcConfiguration#viewNameTranslator matched:
      - @ConditionalOnMissingBean (names: viewNameTranslator; SearchStrategy: all) did not find any beans (OnBeanCondition)

   WebMvcAutoConfiguration.WebMvcAutoConfigurationAdapter#defaultViewResolver matched:
      - @ConditionalOnMissingBean (types: org.springframework.web.servlet.view.InternalResourceViewResolver; SearchStrategy: all) did not find any beans (OnBeanCondition)

   WebMvcAutoConfiguration.WebMvcAutoConfigurationAdapter#requestContextFilter matched:
      - @ConditionalOnMissingBean (types: org.springframework.web.context.request.RequestContextListener,org.springframework.web.filter.RequestContextFilter; SearchStrategy: all) did not find any beans (OnBeanCondition)

   WebMvcAutoConfiguration.WebMvcAutoConfigurationAdapter#viewResolver matched:
      - @ConditionalOnBean (types: org.springframework.web.servlet.ViewResolver; SearchStrategy: all) found beans 'defaultViewResolver', 'beanNameViewResolver', 'mvcViewResolver'; @ConditionalOnMissingBean (names: viewResolver types: org.springframework.web.servlet.view.ContentNegotiatingViewResolver; SearchStrategy: all) did not find any beans (OnBeanCondition)

   WebSocketServletAutoConfiguration matched:
      - @ConditionalOnClass found required classes 'jakarta.servlet.Servlet', 'jakarta.websocket.server.ServerContainer' (OnClassCondition)
      - found 'session' scope (OnWebApplicationCondition)

   WebSocketServletAutoConfiguration.TomcatWebSocketConfiguration matched:
      - @ConditionalOnClass found required classes 'org.apache.catalina.startup.Tomcat', 'org.apache.tomcat.websocket.server.WsSci' (OnClassCondition)

   WebSocketServletAutoConfiguration.TomcatWebSocketConfiguration#websocketServletWebServerCustomizer matched:
      - @ConditionalOnMissingBean (names: websocketServletWebServerCustomizer; SearchStrategy: all) did not find any beans (OnBeanCondition)


Negative matches:
-----------------

   ActiveMQAutoConfiguration:
      Did not match:
         - @ConditionalOnClass did not find required class 'jakarta.jms.ConnectionFactory' (OnClassCondition)

   AopAutoConfiguration.AspectJAutoProxyingConfiguration:
      Did not match:
         - @ConditionalOnClass did not find required class 'org.aspectj.weaver.Advice' (OnClassCondition)

   ArtemisAutoConfiguration:
      Did not match:
         - @ConditionalOnClass did not find required class 'jakarta.jms.ConnectionFactory' (OnClassCondition)

   BatchAutoConfiguration:
      Did not match:
         - @ConditionalOnClass did not find required class 'org.springframework.batch.core.launch.JobLauncher' (OnClassCondition)

   BootstrapDataInitializer:
      Did not match:
         - @ConditionalOnBean (types: org.springframework.jdbc.core.JdbcTemplate; SearchStrategy: all) did not find any beans of type org.springframework.jdbc.core.JdbcTemplate (OnBeanCondition)

   Cache2kCacheConfiguration:
      Did not match:
         - @ConditionalOnClass did not find required class 'org.cache2k.Cache2kBuilder' (OnClassCondition)

   CacheAutoConfiguration:
      Did not match:
         - @ConditionalOnBean (types: org.springframework.cache.interceptor.CacheAspectSupport; SearchStrategy: all) did not find any beans of type org.springframework.cache.interceptor.CacheAspectSupport (OnBeanCondition)
      Matched:
         - @ConditionalOnClass found required class 'org.springframework.cache.CacheManager' (OnClassCondition)

   CacheAutoConfiguration.CacheManagerEntityManagerFactoryDependsOnPostProcessor:
      Did not match:
         - @ConditionalOnClass did not find required class 'org.springframework.orm.jpa.LocalContainerEntityManagerFactoryBean' (OnClassCondition)
         - Ancestor org.springframework.boot.autoconfigure.cache.CacheAutoConfiguration did not match (ConditionEvaluationReport.AncestorsMatchedCondition)

   CaffeineCacheConfiguration:
      Did not match:
         - @ConditionalOnClass did not find required class 'com.github.benmanes.caffeine.cache.Caffeine' (OnClassCondition)

   CassandraAutoConfiguration:
      Did not match:
         - @ConditionalOnClass did not find required class 'com.datastax.oss.driver.api.core.CqlSession' (OnClassCondition)

   CassandraDataAutoConfiguration:
      Did not match:
         - @ConditionalOnClass did not find required class 'com.datastax.oss.driver.api.core.CqlSession' (OnClassCondition)

   CassandraReactiveDataAutoConfiguration:
      Did not match:
         - @ConditionalOnClass did not find required class 'com.datastax.oss.driver.api.core.CqlSession' (OnClassCondition)

   CassandraReactiveRepositoriesAutoConfiguration:
      Did not match:
         - @ConditionalOnClass did not find required class 'org.springframework.data.cassandra.ReactiveSession' (OnClassCondition)

   CassandraRepositoriesAutoConfiguration:
      Did not match:
         - @ConditionalOnClass did not find required class 'com.datastax.oss.driver.api.core.CqlSession' (OnClassCondition)

   org.springframework.boot.autoconfigure.http.client.reactive.ClientHttpConnectorAutoConfiguration:
      Did not match:
         - @ConditionalOnClass did not find required class 'reactor.core.publisher.Mono' (OnClassCondition)

   org.springframework.boot.autoconfigure.web.reactive.function.client.ClientHttpConnectorAutoConfiguration:
      Did not match:
         - @ConditionalOnClass did not find required class 'org.springframework.web.reactive.function.client.WebClient' (OnClassCondition)

   CodecsAutoConfiguration:
      Did not match:
         - @ConditionalOnClass did not find required class 'org.springframework.web.reactive.function.client.WebClient' (OnClassCondition)

   CouchbaseAutoConfiguration:
      Did not match:
         - @ConditionalOnClass did not find required class 'com.couchbase.client.java.Cluster' (OnClassCondition)

   CouchbaseCacheConfiguration:
      Did not match:
         - @ConditionalOnClass did not find required class 'com.couchbase.client.java.Cluster' (OnClassCondition)

   CouchbaseDataAutoConfiguration:
      Did not match:
         - @ConditionalOnClass did not find required class 'com.couchbase.client.java.Bucket' (OnClassCondition)

   CouchbaseReactiveDataAutoConfiguration:
      Did not match:
         - @ConditionalOnClass did not find required class 'com.couchbase.client.java.Cluster' (OnClassCondition)

   CouchbaseReactiveRepositoriesAutoConfiguration:
      Did not match:
         - @ConditionalOnClass did not find required class 'com.couchbase.client.java.Cluster' (OnClassCondition)

   CouchbaseRepositoriesAutoConfiguration:
      Did not match:
         - @ConditionalOnClass did not find required class 'com.couchbase.client.java.Bucket' (OnClassCondition)

   DataSourceAutoConfiguration.EmbeddedDatabaseConfiguration:
      Did not match:
         - EmbeddedDataSource spring.datasource.url is set (DataSourceAutoConfiguration.EmbeddedDatabaseCondition)

   DataSourceCheckpointRestoreConfiguration:
      Did not match:
         - @ConditionalOnClass did not find required class 'org.crac.Resource' (OnClassCondition)

   DataSourceConfiguration.Dbcp2:
      Did not match:
         - @ConditionalOnClass did not find required class 'org.apache.commons.dbcp2.BasicDataSource' (OnClassCondition)

   DataSourceConfiguration.Generic:
      Did not match:
         - @ConditionalOnProperty (spring.datasource.type) did not find property 'spring.datasource.type' (OnPropertyCondition)

   DataSourceConfiguration.OracleUcp:
      Did not match:
         - @ConditionalOnClass did not find required classes 'oracle.ucp.jdbc.PoolDataSourceImpl', 'oracle.jdbc.OracleConnection' (OnClassCondition)

   DataSourceConfiguration.Tomcat:
      Did not match:
         - @ConditionalOnClass did not find required class 'org.apache.tomcat.jdbc.pool.DataSource' (OnClassCondition)

   DataSourceJmxConfiguration:
      Did not match:
         - @ConditionalOnBooleanProperty (spring.jmx.enabled=true) did not find property 'spring.jmx.enabled' (OnPropertyCondition)

   DataSourcePoolMetadataProvidersConfiguration.CommonsDbcp2PoolDataSourceMetadataProviderConfiguration:
      Did not match:
         - @ConditionalOnClass did not find required class 'org.apache.commons.dbcp2.BasicDataSource' (OnClassCondition)

   DataSourcePoolMetadataProvidersConfiguration.OracleUcpPoolDataSourceMetadataProviderConfiguration:
      Did not match:
         - @ConditionalOnClass did not find required classes 'oracle.ucp.jdbc.PoolDataSource', 'oracle.jdbc.OracleConnection' (OnClassCondition)

   DataSourcePoolMetadataProvidersConfiguration.TomcatDataSourcePoolMetadataProviderConfiguration:
      Did not match:
         - @ConditionalOnClass did not find required class 'org.apache.tomcat.jdbc.pool.DataSource' (OnClassCondition)

   DispatcherServletAutoConfiguration.DispatcherServletConfiguration#multipartResolver:
      Did not match:
         - @ConditionalOnBean (types: org.springframework.web.multipart.MultipartResolver; SearchStrategy: all) did not find any beans of type org.springframework.web.multipart.MultipartResolver (OnBeanCondition)

   ElasticsearchClientAutoConfiguration:
      Did not match:
         - @ConditionalOnClass did not find required class 'co.elastic.clients.elasticsearch.ElasticsearchClient' (OnClassCondition)

   ElasticsearchDataAutoConfiguration:
      Did not match:
         - @ConditionalOnClass did not find required class 'org.springframework.data.elasticsearch.client.elc.ElasticsearchTemplate' (OnClassCondition)

   ElasticsearchRepositoriesAutoConfiguration:
      Did not match:
         - @ConditionalOnClass did not find required class 'org.springframework.data.elasticsearch.repository.ElasticsearchRepository' (OnClassCondition)

   ElasticsearchRestClientAutoConfiguration:
      Did not match:
         - @ConditionalOnClass did not find required class 'org.elasticsearch.client.RestClientBuilder' (OnClassCondition)

   EmbeddedLdapAutoConfiguration:
      Did not match:
         - @ConditionalOnClass did not find required class 'com.unboundid.ldap.listener.InMemoryDirectoryServer' (OnClassCondition)

   EmbeddedWebServerFactoryCustomizerAutoConfiguration.JettyWebServerFactoryCustomizerConfiguration:
      Did not match:
         - @ConditionalOnClass did not find required classes 'org.eclipse.jetty.server.Server', 'org.eclipse.jetty.util.Loader', 'org.eclipse.jetty.ee10.webapp.WebAppContext' (OnClassCondition)

   EmbeddedWebServerFactoryCustomizerAutoConfiguration.NettyWebServerFactoryCustomizerConfiguration:
      Did not match:
         - @ConditionalOnClass did not find required class 'reactor.netty.http.server.HttpServer' (OnClassCondition)

   EmbeddedWebServerFactoryCustomizerAutoConfiguration.TomcatWebServerFactoryCustomizerConfiguration#tomcatVirtualThreadsProtocolHandlerCustomizer:
      Did not match:
         - @ConditionalOnThreading did not find VIRTUAL (OnThreadingCondition)

   EmbeddedWebServerFactoryCustomizerAutoConfiguration.UndertowWebServerFactoryCustomizerConfiguration:
      Did not match:
         - @ConditionalOnClass did not find required classes 'io.undertow.Undertow', 'org.xnio.SslClientAuthMode' (OnClassCondition)

   ErrorWebFluxAutoConfiguration:
      Did not match:
         - @ConditionalOnClass did not find required class 'org.springframework.web.reactive.config.WebFluxConfigurer' (OnClassCondition)

   FlywayAutoConfiguration:
      Did not match:
         - @ConditionalOnClass did not find required class 'org.flywaydb.core.Flyway' (OnClassCondition)

   FreeMarkerAutoConfiguration:
      Did not match:
         - @ConditionalOnClass did not find required class 'freemarker.template.Configuration' (OnClassCondition)

   GraphQlAutoConfiguration:
      Did not match:
         - @ConditionalOnClass did not find required class 'graphql.GraphQL' (OnClassCondition)

   GraphQlQueryByExampleAutoConfiguration:
      Did not match:
         - @ConditionalOnClass did not find required class 'graphql.GraphQL' (OnClassCondition)

   GraphQlQuerydslAutoConfiguration:
      Did not match:
         - @ConditionalOnClass did not find required class 'com.querydsl.core.Query' (OnClassCondition)

   GraphQlRSocketAutoConfiguration:
      Did not match:
         - @ConditionalOnClass did not find required class 'graphql.GraphQL' (OnClassCondition)

   GraphQlReactiveQueryByExampleAutoConfiguration:
      Did not match:
         - @ConditionalOnClass did not find required class 'graphql.GraphQL' (OnClassCondition)

   GraphQlReactiveQuerydslAutoConfiguration:
      Did not match:
         - @ConditionalOnClass did not find required class 'com.querydsl.core.Query' (OnClassCondition)

   GraphQlWebFluxAutoConfiguration:
      Did not match:
         - @ConditionalOnClass did not find required class 'graphql.GraphQL' (OnClassCondition)

   GraphQlWebFluxSecurityAutoConfiguration:
      Did not match:
         - @ConditionalOnClass did not find required class 'graphql.GraphQL' (OnClassCondition)

   GraphQlWebMvcAutoConfiguration:
      Did not match:
         - @ConditionalOnClass did not find required class 'graphql.GraphQL' (OnClassCondition)

   GraphQlWebMvcSecurityAutoConfiguration:
      Did not match:
         - @ConditionalOnClass did not find required class 'graphql.GraphQL' (OnClassCondition)

   GroovyTemplateAutoConfiguration:
      Did not match:
         - @ConditionalOnClass did not find required class 'groovy.text.markup.MarkupTemplateEngine' (OnClassCondition)

   GsonAutoConfiguration:
      Did not match:
         - @ConditionalOnClass did not find required class 'com.google.gson.Gson' (OnClassCondition)

   GsonHttpMessageConvertersConfiguration:
      Did not match:
         - @ConditionalOnClass did not find required class 'com.google.gson.Gson' (OnClassCondition)

   H2ConsoleAutoConfiguration:
      Did not match:
         - @ConditionalOnClass did not find required class 'org.h2.server.web.JakartaWebServlet' (OnClassCondition)

   HazelcastAutoConfiguration:
      Did not match:
         - @ConditionalOnClass did not find required class 'com.hazelcast.core.HazelcastInstance' (OnClassCondition)

   HazelcastCacheConfiguration:
      Did not match:
         - @ConditionalOnClass did not find required class 'com.hazelcast.core.HazelcastInstance' (OnClassCondition)

   HazelcastJpaDependencyAutoConfiguration:
      Did not match:
         - @ConditionalOnClass did not find required class 'com.hazelcast.core.HazelcastInstance' (OnClassCondition)

   HibernateJpaAutoConfiguration:
      Did not match:
         - @ConditionalOnClass did not find required class 'jakarta.persistence.EntityManager' (OnClassCondition)

   HttpHandlerAutoConfiguration:
      Did not match:
         - @ConditionalOnClass did not find required class 'org.springframework.web.reactive.DispatcherHandler' (OnClassCondition)

   HypermediaAutoConfiguration:
      Did not match:
         - @ConditionalOnClass did not find required class 'org.springframework.hateoas.EntityModel' (OnClassCondition)

   InfinispanCacheConfiguration:
      Did not match:
         - @ConditionalOnClass did not find required class 'org.infinispan.spring.embedded.provider.SpringEmbeddedCacheManager' (OnClassCondition)

   IntegrationAutoConfiguration:
      Did not match:
         - @ConditionalOnClass did not find required class 'org.springframework.integration.config.EnableIntegration' (OnClassCondition)

   JCacheCacheConfiguration:
      Did not match:
         - @ConditionalOnClass did not find required class 'javax.cache.Caching' (OnClassCondition)

   JacksonHttpMessageConvertersConfiguration.MappingJackson2XmlHttpMessageConverterConfiguration:
      Did not match:
         - @ConditionalOnClass did not find required class 'com.fasterxml.jackson.dataformat.xml.XmlMapper' (OnClassCondition)

   JdbcRepositoriesAutoConfiguration:
      Did not match:
         - @ConditionalOnClass did not find required class 'org.springframework.data.jdbc.repository.config.AbstractJdbcConfiguration' (OnClassCondition)

   JerseyAutoConfiguration:
      Did not match:
         - @ConditionalOnClass did not find required class 'org.glassfish.jersey.server.spring.SpringComponentProvider' (OnClassCondition)

   JmsAutoConfiguration:
      Did not match:
         - @ConditionalOnClass did not find required class 'jakarta.jms.Message' (OnClassCondition)

   JmxAutoConfiguration:
      Did not match:
         - @ConditionalOnBooleanProperty (spring.jmx.enabled=true) did not find property 'spring.jmx.enabled' (OnPropertyCondition)
      Matched:
         - @ConditionalOnClass found required class 'org.springframework.jmx.export.MBeanExporter' (OnClassCondition)

   JndiConnectionFactoryAutoConfiguration:
      Did not match:
         - @ConditionalOnClass did not find required class 'org.springframework.jms.core.JmsTemplate' (OnClassCondition)

   JndiDataSourceAutoConfiguration:
      Did not match:
         - @ConditionalOnProperty (spring.datasource.jndi-name) did not find property 'spring.datasource.jndi-name' (OnPropertyCondition)
      Matched:
         - @ConditionalOnClass found required classes 'javax.sql.DataSource', 'org.springframework.jdbc.datasource.embedded.EmbeddedDatabaseType' (OnClassCondition)

   JooqAutoConfiguration:
      Did not match:
         - @ConditionalOnClass did not find required class 'org.jooq.DSLContext' (OnClassCondition)

   JpaRepositoriesAutoConfiguration:
      Did not match:
         - @ConditionalOnClass did not find required class 'org.springframework.data.jpa.repository.JpaRepository' (OnClassCondition)

   JsonbAutoConfiguration:
      Did not match:
         - @ConditionalOnClass did not find required class 'jakarta.json.bind.Jsonb' (OnClassCondition)

   JsonbHttpMessageConvertersConfiguration:
      Did not match:
         - @ConditionalOnClass did not find required class 'jakarta.json.bind.Jsonb' (OnClassCondition)

   JtaAutoConfiguration:
      Did not match:
         - @ConditionalOnClass did not find required class 'jakarta.transaction.Transaction' (OnClassCondition)

   KafkaAutoConfiguration:
      Did not match:
         - @ConditionalOnClass did not find required class 'org.springframework.kafka.core.KafkaTemplate' (OnClassCondition)

   LdapAutoConfiguration:
      Did not match:
         - @ConditionalOnClass did not find required class 'org.springframework.ldap.core.ContextSource' (OnClassCondition)

   LdapRepositoriesAutoConfiguration:
      Did not match:
         - @ConditionalOnClass did not find required class 'org.springframework.data.ldap.repository.LdapRepository' (OnClassCondition)

   LiquibaseAutoConfiguration:
      Did not match:
         - @ConditionalOnClass did not find required class 'liquibase.change.DatabaseChange' (OnClassCondition)

   MailSenderAutoConfiguration:
      Did not match:
         - @ConditionalOnClass did not find required class 'jakarta.activation.MimeType' (OnClassCondition)

   MailSenderValidatorAutoConfiguration:
      Did not match:
         - @ConditionalOnSingleCandidate did not find required type 'org.springframework.mail.javamail.JavaMailSenderImpl' (OnBeanCondition)

   MessageSourceAutoConfiguration:
      Did not match:
         - ResourceBundle did not find bundle with basename messages (MessageSourceAutoConfiguration.ResourceBundleCondition)

   MongoAutoConfiguration:
      Did not match:
         - @ConditionalOnClass did not find required class 'com.mongodb.client.MongoClient' (OnClassCondition)

   MongoDataAutoConfiguration:
      Did not match:
         - @ConditionalOnClass did not find required class 'com.mongodb.client.MongoClient' (OnClassCondition)

   MongoReactiveAutoConfiguration:
      Did not match:
         - @ConditionalOnClass did not find required class 'com.mongodb.reactivestreams.client.MongoClient' (OnClassCondition)

   MongoReactiveDataAutoConfiguration:
      Did not match:
         - @ConditionalOnClass did not find required class 'com.mongodb.reactivestreams.client.MongoClient' (OnClassCondition)

   MongoReactiveRepositoriesAutoConfiguration:
      Did not match:
         - @ConditionalOnClass did not find required class 'com.mongodb.reactivestreams.client.MongoClient' (OnClassCondition)

   MongoRepositoriesAutoConfiguration:
      Did not match:
         - @ConditionalOnClass did not find required class 'com.mongodb.client.MongoClient' (OnClassCondition)

   MustacheAutoConfiguration:
      Did not match:
         - @ConditionalOnClass did not find required class 'com.samskivert.mustache.Mustache' (OnClassCondition)

   Neo4jAutoConfiguration:
      Did not match:
         - @ConditionalOnClass did not find required class 'org.neo4j.driver.Driver' (OnClassCondition)

   Neo4jDataAutoConfiguration:
      Did not match:
         - @ConditionalOnClass did not find required class 'org.neo4j.driver.Driver' (OnClassCondition)

   Neo4jReactiveDataAutoConfiguration:
      Did not match:
         - @ConditionalOnClass did not find required class 'org.neo4j.driver.Driver' (OnClassCondition)

   Neo4jReactiveRepositoriesAutoConfiguration:
      Did not match:
         - @ConditionalOnClass did not find required class 'org.neo4j.driver.Driver' (OnClassCondition)

   Neo4jRepositoriesAutoConfiguration:
      Did not match:
         - @ConditionalOnClass did not find required class 'org.neo4j.driver.Driver' (OnClassCondition)

   NettyAutoConfiguration:
      Did not match:
         - @ConditionalOnClass did not find required class 'io.netty.util.NettyRuntime' (OnClassCondition)

   OAuth2AuthorizationServerAutoConfiguration:
      Did not match:
         - @ConditionalOnClass did not find required class 'org.springframework.security.oauth2.server.authorization.OAuth2Authorization' (OnClassCondition)

   OAuth2AuthorizationServerJwtAutoConfiguration:
      Did not match:
         - @ConditionalOnClass did not find required class 'com.nimbusds.jose.jwk.source.JWKSource' (OnClassCondition)

   OAuth2ClientAutoConfiguration:
      Did not match:
         - @ConditionalOnClass did not find required class 'org.springframework.security.oauth2.client.registration.ClientRegistration' (OnClassCondition)

   OAuth2ClientWebSecurityAutoConfiguration:
      Did not match:
         - @ConditionalOnClass did not find required class 'org.springframework.security.config.annotation.web.configuration.EnableWebSecurity' (OnClassCondition)

   OAuth2ResourceServerAutoConfiguration:
      Did not match:
         - @ConditionalOnClass did not find required class 'org.springframework.security.oauth2.server.resource.authentication.BearerTokenAuthenticationToken' (OnClassCondition)

   ProjectInfoAutoConfiguration#buildProperties:
      Did not match:
         - @ConditionalOnResource did not find resource '${spring.info.build.location:classpath:META-INF/build-info.properties}' (OnResourceCondition)

   ProjectInfoAutoConfiguration#gitProperties:
      Did not match:
         - GitResource did not find git info at classpath:git.properties (ProjectInfoAutoConfiguration.GitResourceAvailableCondition)

   PulsarAutoConfiguration:
      Did not match:
         - @ConditionalOnClass did not find required class 'org.apache.pulsar.client.api.PulsarClient' (OnClassCondition)

   PulsarReactiveAutoConfiguration:
      Did not match:
         - @ConditionalOnClass did not find required class 'org.apache.pulsar.client.api.PulsarClient' (OnClassCondition)

   QuartzAutoConfiguration:
      Did not match:
         - @ConditionalOnClass did not find required class 'org.quartz.Scheduler' (OnClassCondition)

   R2dbcAutoConfiguration:
      Did not match:
         - @ConditionalOnClass did not find required class 'io.r2dbc.spi.ConnectionFactory' (OnClassCondition)

   R2dbcDataAutoConfiguration:
      Did not match:
         - @ConditionalOnClass did not find required class 'org.springframework.data.r2dbc.core.R2dbcEntityTemplate' (OnClassCondition)

   R2dbcInitializationConfiguration:
      Did not match:
         - @ConditionalOnClass did not find required classes 'io.r2dbc.spi.ConnectionFactory', 'org.springframework.r2dbc.connection.init.DatabasePopulator' (OnClassCondition)

   R2dbcProxyAutoConfiguration:
      Did not match:
         - @ConditionalOnClass did not find required class 'io.r2dbc.proxy.ProxyConnectionFactory' (OnClassCondition)

   R2dbcRepositoriesAutoConfiguration:
      Did not match:
         - @ConditionalOnClass did not find required class 'io.r2dbc.spi.ConnectionFactory' (OnClassCondition)

   R2dbcTransactionManagerAutoConfiguration:
      Did not match:
         - @ConditionalOnClass did not find required class 'org.springframework.r2dbc.connection.R2dbcTransactionManager' (OnClassCondition)

   RSocketGraphQlClientAutoConfiguration:
      Did not match:
         - @ConditionalOnClass did not find required class 'graphql.GraphQL' (OnClassCondition)

   RSocketMessagingAutoConfiguration:
      Did not match:
         - @ConditionalOnClass did not find required class 'io.rsocket.RSocket' (OnClassCondition)

   RSocketRequesterAutoConfiguration:
      Did not match:
         - @ConditionalOnClass did not find required class 'io.rsocket.RSocket' (OnClassCondition)

   RSocketSecurityAutoConfiguration:
      Did not match:
         - @ConditionalOnClass did not find required class 'org.springframework.security.rsocket.core.SecuritySocketAcceptorInterceptor' (OnClassCondition)

   RSocketServerAutoConfiguration:
      Did not match:
         - @ConditionalOnClass did not find required class 'io.rsocket.core.RSocketServer' (OnClassCondition)

   RSocketStrategiesAutoConfiguration:
      Did not match:
         - @ConditionalOnClass did not find required class 'io.netty.buffer.PooledByteBufAllocator' (OnClassCondition)

   RabbitAutoConfiguration:
      Did not match:
         - @ConditionalOnClass did not find required class 'com.rabbitmq.client.Channel' (OnClassCondition)

   ReactiveElasticsearchClientAutoConfiguration:
      Did not match:
         - @ConditionalOnClass did not find required class 'co.elastic.clients.transport.ElasticsearchTransport' (OnClassCondition)

   ReactiveElasticsearchRepositoriesAutoConfiguration:
      Did not match:
         - @ConditionalOnClass did not find required class 'reactor.core.publisher.Mono' (OnClassCondition)

   ReactiveMultipartAutoConfiguration:
      Did not match:
         - @ConditionalOnClass did not find required class 'org.springframework.web.reactive.config.WebFluxConfigurer' (OnClassCondition)

   ReactiveOAuth2ClientAutoConfiguration:
      Did not match:
         - @ConditionalOnClass did not find required class 'reactor.core.publisher.Flux' (OnClassCondition)

   ReactiveOAuth2ClientWebSecurityAutoConfiguration:
      Did not match:
         - @ConditionalOnClass did not find required class 'reactor.core.publisher.Flux' (OnClassCondition)

   ReactiveOAuth2ResourceServerAutoConfiguration:
      Did not match:
         - @ConditionalOnClass did not find required class 'org.springframework.security.config.annotation.web.reactive.EnableWebFluxSecurity' (OnClassCondition)

   ReactiveSecurityAutoConfiguration:
      Did not match:
         - @ConditionalOnClass did not find required class 'reactor.core.publisher.Flux' (OnClassCondition)

   ReactiveUserDetailsServiceAutoConfiguration:
      Did not match:
         - @ConditionalOnClass did not find required class 'org.springframework.security.authentication.ReactiveAuthenticationManager' (OnClassCondition)

   ReactiveWebServerFactoryAutoConfiguration:
      Did not match:
         - @ConditionalOnWebApplication did not find reactive web application classes (OnWebApplicationCondition)

   ReactorAutoConfiguration:
      Did not match:
         - @ConditionalOnClass did not find required class 'reactor.core.publisher.Hooks' (OnClassCondition)

   RedisAutoConfiguration:
      Did not match:
         - @ConditionalOnClass did not find required class 'org.springframework.data.redis.core.RedisOperations' (OnClassCondition)

   RedisCacheConfiguration:
      Did not match:
         - @ConditionalOnClass did not find required class 'org.springframework.data.redis.connection.RedisConnectionFactory' (OnClassCondition)

   RedisReactiveAutoConfiguration:
      Did not match:
         - @ConditionalOnClass did not find required class 'reactor.core.publisher.Flux' (OnClassCondition)

   RedisRepositoriesAutoConfiguration:
      Did not match:
         - @ConditionalOnClass did not find required class 'org.springframework.data.redis.repository.configuration.EnableRedisRepositories' (OnClassCondition)

   RepositoryRestMvcAutoConfiguration:
      Did not match:
         - @ConditionalOnClass did not find required class 'org.springframework.data.rest.webmvc.config.RepositoryRestMvcConfiguration' (OnClassCondition)

   Saml2RelyingPartyAutoConfiguration:
      Did not match:
         - @ConditionalOnClass did not find required class 'org.springframework.security.saml2.provider.service.registration.RelyingPartyRegistrationRepository' (OnClassCondition)

   SecurityAutoConfiguration:
      Did not match:
         - @ConditionalOnClass did not find required class 'org.springframework.security.authentication.DefaultAuthenticationEventPublisher' (OnClassCondition)

   SecurityFilterAutoConfiguration:
      Did not match:
         - @ConditionalOnClass did not find required class 'org.springframework.security.config.http.SessionCreationPolicy' (OnClassCondition)

   SendGridAutoConfiguration:
      Did not match:
         - @ConditionalOnClass did not find required class 'com.sendgrid.SendGrid' (OnClassCondition)

   ServletWebServerFactoryAutoConfiguration.ForwardedHeaderFilterConfiguration:
      Did not match:
         - @ConditionalOnProperty (server.forward-headers-strategy=framework) did not find property 'server.forward-headers-strategy' (OnPropertyCondition)

   ServletWebServerFactoryConfiguration.EmbeddedJetty:
      Did not match:
         - @ConditionalOnClass did not find required classes 'org.eclipse.jetty.server.Server', 'org.eclipse.jetty.util.Loader', 'org.eclipse.jetty.ee10.webapp.WebAppContext' (OnClassCondition)

   ServletWebServerFactoryConfiguration.EmbeddedUndertow:
      Did not match:
         - @ConditionalOnClass did not find required classes 'io.undertow.Undertow', 'org.xnio.SslClientAuthMode' (OnClassCondition)

   SessionAutoConfiguration:
      Did not match:
         - @ConditionalOnClass did not find required class 'org.springframework.session.Session' (OnClassCondition)

   SpringApplicationAdminJmxAutoConfiguration:
      Did not match:
         - @ConditionalOnBooleanProperty (spring.application.admin.enabled=true) did not find property 'spring.application.admin.enabled' (OnPropertyCondition)

   SpringDataWebAutoConfiguration:
      Did not match:
         - @ConditionalOnClass did not find required class 'org.springframework.data.web.PageableHandlerMethodArgumentResolver' (OnClassCondition)

   TaskExecutorConfigurations.SimpleAsyncTaskExecutorBuilderConfiguration#simpleAsyncTaskExecutorBuilderVirtualThreads:
      Did not match:
         - @ConditionalOnMissingBean (types: org.springframework.boot.task.SimpleAsyncTaskExecutorBuilder; SearchStrategy: all) found beans of type 'org.springframework.boot.task.SimpleAsyncTaskExecutorBuilder' simpleAsyncTaskExecutorBuilder (OnBeanCondition)

   TaskExecutorConfigurations.TaskExecutorConfiguration#applicationTaskExecutorVirtualThreads:
      Did not match:
         - @ConditionalOnThreading did not find VIRTUAL (OnThreadingCondition)

   TaskSchedulingAutoConfiguration#scheduledBeanLazyInitializationExcludeFilter:
      Did not match:
         - @ConditionalOnBean (names: org.springframework.context.annotation.internalScheduledAnnotationProcessor; SearchStrategy: all) did not find any beans named org.springframework.context.annotation.internalScheduledAnnotationProcessor (OnBeanCondition)

   TaskSchedulingConfigurations.SimpleAsyncTaskSchedulerBuilderConfiguration#simpleAsyncTaskSchedulerBuilderVirtualThreads:
      Did not match:
         - @ConditionalOnMissingBean (types: org.springframework.boot.task.SimpleAsyncTaskSchedulerBuilder; SearchStrategy: all) found beans of type 'org.springframework.boot.task.SimpleAsyncTaskSchedulerBuilder' simpleAsyncTaskSchedulerBuilder (OnBeanCondition)

   TaskSchedulingConfigurations.TaskSchedulerConfiguration:
      Did not match:
         - @ConditionalOnBean (names: org.springframework.context.annotation.internalScheduledAnnotationProcessor; SearchStrategy: all) did not find any beans named org.springframework.context.annotation.internalScheduledAnnotationProcessor (OnBeanCondition)

   ThymeleafAutoConfiguration:
      Did not match:
         - @ConditionalOnClass did not find required class 'org.thymeleaf.spring6.SpringTemplateEngine' (OnClassCondition)

   TransactionAutoConfiguration#transactionalOperator:
      Did not match:
         - @ConditionalOnSingleCandidate (types: org.springframework.transaction.ReactiveTransactionManager; SearchStrategy: all) did not find any beans (OnBeanCondition)

   TransactionAutoConfiguration.AspectJTransactionManagementConfiguration:
      Did not match:
         - @ConditionalOnBean did not find required type 'org.springframework.transaction.aspectj.AbstractTransactionAspect' (OnBeanCondition)
         - @ConditionalOnBean (types: org.springframework.transaction.aspectj.AbstractTransactionAspect; SearchStrategy: all) did not find any beans of type org.springframework.transaction.aspectj.AbstractTransactionAspect (OnBeanCondition)

   TransactionAutoConfiguration.EnableTransactionManagementConfiguration.JdkDynamicAutoProxyConfiguration:
      Did not match:
         - @ConditionalOnBooleanProperty (spring.aop.proxy-target-class=false) did not find property 'spring.aop.proxy-target-class' (OnPropertyCondition)

   UserDetailsServiceAutoConfiguration:
      Did not match:
         - @ConditionalOnClass did not find required class 'org.springframework.security.authentication.AuthenticationManager' (OnClassCondition)

   WebClientAutoConfiguration:
      Did not match:
         - @ConditionalOnClass did not find required class 'org.springframework.web.reactive.function.client.WebClient' (OnClassCondition)

   WebFluxAutoConfiguration:
      Did not match:
         - @ConditionalOnClass did not find required class 'org.springframework.web.reactive.config.WebFluxConfigurer' (OnClassCondition)

   WebMvcAutoConfiguration#hiddenHttpMethodFilter:
      Did not match:
         - @ConditionalOnBooleanProperty (spring.mvc.hiddenmethod.filter.enabled=true) did not find property 'spring.mvc.hiddenmethod.filter.enabled' (OnPropertyCondition)

   WebMvcAutoConfiguration.ProblemDetailsErrorHandlingConfiguration:
      Did not match:
         - @ConditionalOnBooleanProperty (spring.mvc.problemdetails.enabled=true) did not find property 'spring.mvc.problemdetails.enabled' (OnPropertyCondition)

   WebMvcAutoConfiguration.ResourceChainCustomizerConfiguration:
      Did not match:
         - @ConditionalOnEnabledResourceChain did not find class org.webjars.WebJarVersionLocator (OnEnabledResourceChainCondition)

   WebMvcAutoConfiguration.WebMvcAutoConfigurationAdapter#beanNameViewResolver:
      Did not match:
         - @ConditionalOnMissingBean (types: org.springframework.web.servlet.view.BeanNameViewResolver; SearchStrategy: all) found beans of type 'org.springframework.web.servlet.view.BeanNameViewResolver' beanNameViewResolver (OnBeanCondition)

   WebServiceTemplateAutoConfiguration:
      Did not match:
         - @ConditionalOnClass did not find required class 'org.springframework.oxm.Marshaller' (OnClassCondition)

   WebServicesAutoConfiguration:
      Did not match:
         - @ConditionalOnClass did not find required class 'org.springframework.ws.transport.http.MessageDispatcherServlet' (OnClassCondition)

   WebSessionIdResolverAutoConfiguration:
      Did not match:
         - @ConditionalOnClass did not find required class 'reactor.core.publisher.Mono' (OnClassCondition)

   WebSocketMessagingAutoConfiguration:
      Did not match:
         - @ConditionalOnClass did not find required class 'org.springframework.web.socket.config.annotation.DelegatingWebSocketMessageBrokerConfiguration' (OnClassCondition)

   WebSocketReactiveAutoConfiguration:
      Did not match:
         - @ConditionalOnWebApplication did not find reactive web application classes (OnWebApplicationCondition)

   WebSocketServletAutoConfiguration.JettyWebSocketConfiguration:
      Did not match:
         - @ConditionalOnClass did not find required class 'org.eclipse.jetty.ee10.websocket.jakarta.server.config.JakartaWebSocketServletContainerInitializer' (OnClassCondition)

   WebSocketServletAutoConfiguration.UndertowWebSocketConfiguration:
      Did not match:
         - @ConditionalOnClass did not find required class 'io.undertow.websockets.jsr.Bootstrap' (OnClassCondition)

   XADataSourceAutoConfiguration:
      Did not match:
         - @ConditionalOnClass did not find required class 'jakarta.transaction.TransactionManager' (OnClassCondition)


Exclusions:
-----------

    None


Unconditional classes:
----------------------

    org.springframework.boot.autoconfigure.context.ConfigurationPropertiesAutoConfiguration

    org.springframework.boot.autoconfigure.ssl.SslAutoConfiguration

    org.springframework.boot.autoconfigure.context.LifecycleAutoConfiguration

    org.springframework.boot.autoconfigure.context.PropertyPlaceholderAutoConfiguration

    org.springframework.boot.autoconfigure.availability.ApplicationAvailabilityAutoConfiguration

    org.springframework.boot.autoconfigure.info.ProjectInfoAutoConfiguration



2026-04-13T13:14:44.654+08:00  INFO 11836 --- [ai-gateway] [           main] com.zxw.TestApplication                  : Started TestApplication in 8.405 seconds (process running for 9.187)
2026-04-13T13:14:44.658+08:00 DEBUG 11836 --- [ai-gateway] [           main] o.s.b.a.ApplicationAvailabilityBean      : Application availability state LivenessState changed to CORRECT
2026-04-13T13:14:44.675+08:00 DEBUG 11836 --- [ai-gateway] [           main] o.s.b.a.ApplicationAvailabilityBean      : Application availability state ReadinessState changed to ACCEPTING_TRAFFIC
2026-04-13T13:14:44.865+08:00  INFO 11836 --- [ai-gateway] [nio-9988-exec-1] o.a.c.c.C.[Tomcat].[localhost].[/]       : Initializing Spring DispatcherServlet 'dispatcherServlet'
2026-04-13T13:14:44.876+08:00  INFO 11836 --- [ai-gateway] [nio-9988-exec-1] o.s.web.servlet.DispatcherServlet        : Initializing Servlet 'dispatcherServlet'
2026-04-13T13:14:44.883+08:00 DEBUG 11836 --- [ai-gateway] [nio-9988-exec-1] o.s.web.servlet.DispatcherServlet        : Detected StandardServletMultipartResolver
2026-04-13T13:14:44.913+08:00 DEBUG 11836 --- [ai-gateway] [nio-9988-exec-1] o.s.web.servlet.DispatcherServlet        : Detected AcceptHeaderLocaleResolver
2026-04-13T13:14:44.915+08:00 DEBUG 11836 --- [ai-gateway] [nio-9988-exec-1] o.s.web.servlet.DispatcherServlet        : Detected FixedThemeResolver
2026-04-13T13:14:44.919+08:00 DEBUG 11836 --- [ai-gateway] [nio-9988-exec-1] o.s.web.servlet.DispatcherServlet        : Detected org.springframework.web.servlet.view.DefaultRequestToViewNameTranslator@37443451
2026-04-13T13:14:44.921+08:00 DEBUG 11836 --- [ai-gateway] [nio-9988-exec-1] o.s.web.servlet.DispatcherServlet        : Detected org.springframework.web.servlet.support.SessionFlashMapManager@40aba795
2026-04-13T13:14:44.924+08:00 DEBUG 11836 --- [ai-gateway] [nio-9988-exec-1] o.s.web.servlet.DispatcherServlet        : enableLoggingRequestDetails='false': request parameters and headers will be masked to prevent unsafe logging of potentially sensitive data
2026-04-13T13:14:44.928+08:00  INFO 11836 --- [ai-gateway] [nio-9988-exec-1] o.s.web.servlet.DispatcherServlet        : Completed initialization in 45 ms
2026-04-13T13:14:44.953+08:00 DEBUG 11836 --- [ai-gateway] [nio-9988-exec-1] o.s.web.servlet.DispatcherServlet        : POST "/v1/responses", parameters={}
2026-04-13T13:14:44.982+08:00 DEBUG 11836 --- [ai-gateway] [nio-9988-exec-1] s.w.s.m.m.a.RequestMappingHandlerMapping : Mapped to com.zxw.modules.gateway.controller.GatewayChatController#responses(String, String, HttpServletRequest)
2026-04-13T13:14:45.057+08:00 DEBUG 11836 --- [ai-gateway] [nio-9988-exec-1] m.m.a.RequestResponseBodyMethodProcessor : Read "application/json;charset=UTF-8" to ["{"model":"gpt-5.4","instructions":"You are Codex, a coding agent based on GPT-5. You and the user sh (truncated)..."]
2026-04-13T13:14:45.068+08:00 DEBUG 11836 --- [ai-gateway] [nio-9988-exec-1] o.s.jdbc.core.JdbcTemplate               : Executing prepared SQL query
2026-04-13T13:14:45.069+08:00 DEBUG 11836 --- [ai-gateway] [nio-9988-exec-1] o.s.jdbc.core.JdbcTemplate               : Executing prepared SQL statement [select k.id, k.user_id, k.secret_hash, k.status, k.total_quota, k.used_quota, k.expires_at,
       u.username, u.role_code, coalesce(w.balance, 0) as balance
from api_keys k
join users u on u.id = k.user_id and u.deleted = 0
left join wallets w on w.user_id = u.id
where k.access_key = ? and k.deleted = 0
]
2026-04-13T13:14:45.235+08:00 DEBUG 11836 --- [ai-gateway] [nio-9988-exec-1] o.s.jdbc.core.JdbcTemplate               : Executing prepared SQL update
2026-04-13T13:14:45.238+08:00 DEBUG 11836 --- [ai-gateway] [nio-9988-exec-1] o.s.jdbc.core.JdbcTemplate               : Executing prepared SQL statement [update api_keys set last_used_at = now(), updated_at = now() where id = ?]
2026-04-13T13:14:45.303+08:00 DEBUG 11836 --- [ai-gateway] [nio-9988-exec-1] o.s.jdbc.core.JdbcTemplate               : Executing prepared SQL query
2026-04-13T13:14:45.304+08:00 DEBUG 11836 --- [ai-gateway] [nio-9988-exec-1] o.s.jdbc.core.JdbcTemplate               : Executing prepared SQL statement [select m.id as model_id, m.model_code, m.model_name, m.prompt_price, m.completion_price,
       m.request_price, m.multiplier, p.id as provider_id, p.provider_name, p.base_url, p.provider_type,
       p.timeout_ms, r.upstream_model, t.id as provider_token_id, t.token_value_encrypted
from models m
join model_routes r on r.model_id = m.id and r.status = 'ACTIVE'
join providers p on p.id = r.provider_id and p.deleted = 0 and p.status = 'ACTIVE'
join provider_tokens t on t.provider_id = p.id and t.deleted = 0 and t.status = 'ACTIVE'
where m.model_code = ? and m.deleted = 0 and m.status = 'ACTIVE'
order by r.priority_no asc, t.weight_no desc, t.id asc
limit 1
]
2026-04-13T13:14:53.051+08:00 DEBUG 11836 --- [ai-gateway] [nio-9988-exec-1] o.s.jdbc.core.JdbcTemplate               : Executing prepared SQL update
2026-04-13T13:14:53.052+08:00 DEBUG 11836 --- [ai-gateway] [nio-9988-exec-1] o.s.jdbc.core.JdbcTemplate               : Executing prepared SQL statement [insert into request_logs (request_id, user_id, api_key_id, model_code, provider_id, provider_token_id, upstream_model,
                          request_path, request_method, request_ip, request_body_json, response_body_json,
                          prompt_tokens, completion_tokens, total_tokens, user_amount, cost_amount, latency_ms,
                          success, status_code, error_message, request_date, created_at)
values (?, ?, ?, ?, ?, ?, ?, ?, ?, ?, cast(? as json), cast(? as json), ?, ?, ?, ?, ?, ?, ?, ?, ?, ?, now())
]
2026-04-13T13:14:53.106+08:00 DEBUG 11836 --- [ai-gateway] [nio-9988-exec-1] o.s.jdbc.core.StatementCreatorUtils      : JDBC getParameterType call failed - using fallback method instead: java.sql.SQLException: Parameter metadata not available for the given statement
2026-04-13T13:14:53.171+08:00 DEBUG 11836 --- [ai-gateway] [nio-9988-exec-1] o.s.jdbc.core.JdbcTemplate               : Executing prepared SQL update
2026-04-13T13:14:53.173+08:00 DEBUG 11836 --- [ai-gateway] [nio-9988-exec-1] o.s.jdbc.core.JdbcTemplate               : Executing prepared SQL statement [update wallets
set balance = balance - ?, total_consume = total_consume + ?, updated_at = now()
where user_id = ?
]
2026-04-13T13:14:53.177+08:00 DEBUG 11836 --- [ai-gateway] [nio-9988-exec-1] o.s.jdbc.core.JdbcTemplate               : Executing prepared SQL query
2026-04-13T13:14:53.178+08:00 DEBUG 11836 --- [ai-gateway] [nio-9988-exec-1] o.s.jdbc.core.JdbcTemplate               : Executing prepared SQL statement [select id from wallets where user_id = ?]
2026-04-13T13:14:53.181+08:00 DEBUG 11836 --- [ai-gateway] [nio-9988-exec-1] o.s.jdbc.core.JdbcTemplate               : Executing prepared SQL query
2026-04-13T13:14:53.182+08:00 DEBUG 11836 --- [ai-gateway] [nio-9988-exec-1] o.s.jdbc.core.JdbcTemplate               : Executing prepared SQL statement [select balance from wallets where user_id = ?]
2026-04-13T13:14:53.190+08:00 DEBUG 11836 --- [ai-gateway] [nio-9988-exec-1] o.s.jdbc.core.JdbcTemplate               : Executing prepared SQL update
2026-04-13T13:14:53.190+08:00 DEBUG 11836 --- [ai-gateway] [nio-9988-exec-1] o.s.jdbc.core.JdbcTemplate               : Executing prepared SQL statement [insert into transactions (user_id, wallet_id, order_no, transaction_type, direction, amount,
                          balance_before, balance_after, status, description_text, transaction_date)
values (?, ?, ?, 'CONSUME', 'OUT', ?, ?, ?, 'SUCCESS', ?, curdate())
]
2026-04-13T13:14:53.196+08:00 DEBUG 11836 --- [ai-gateway] [nio-9988-exec-1] o.s.jdbc.core.JdbcTemplate               : Executing prepared SQL update
2026-04-13T13:14:53.197+08:00 DEBUG 11836 --- [ai-gateway] [nio-9988-exec-1] o.s.jdbc.core.JdbcTemplate               : Executing prepared SQL statement [update api_keys
set used_quota = used_quota + ?, updated_at = now()
where id = ?
]
2026-04-13T13:14:53.200+08:00 DEBUG 11836 --- [ai-gateway] [nio-9988-exec-1] o.s.jdbc.core.JdbcTemplate               : Executing prepared SQL update
2026-04-13T13:14:53.201+08:00 DEBUG 11836 --- [ai-gateway] [nio-9988-exec-1] o.s.jdbc.core.JdbcTemplate               : Executing prepared SQL statement [insert into usage_daily (stat_date, user_id, model_code, provider_id, request_count, success_count, total_tokens, user_amount, cost_amount)
values (?, ?, ?, ?, 1, ?, ?, ?, ?)
on duplicate key update
    request_count = request_count + 1,
    success_count = success_count + values(success_count),
    total_tokens = total_tokens + values(total_tokens),
    user_amount = user_amount + values(user_amount),
    cost_amount = cost_amount + values(cost_amount),
    updated_at = now()
]
2026-04-13T13:14:53.208+08:00 DEBUG 11836 --- [ai-gateway] [nio-9988-exec-1] o.s.jdbc.core.JdbcTemplate               : SQLWarning ignored: SQL state 'HY000', error code '1287', message ['VALUES function' is deprecated and will be removed in a future release. Please use an alias (INSERT INTO ... VALUES (...) AS alias) and replace VALUES(col) in the ON DUPLICATE KEY UPDATE clause with alias.col instead]
2026-04-13T13:14:53.209+08:00 DEBUG 11836 --- [ai-gateway] [nio-9988-exec-1] o.s.jdbc.core.JdbcTemplate               : SQLWarning ignored: SQL state 'HY000', error code '1287', message ['VALUES function' is deprecated and will be removed in a future release. Please use an alias (INSERT INTO ... VALUES (...) AS alias) and replace VALUES(col) in the ON DUPLICATE KEY UPDATE clause with alias.col instead]
2026-04-13T13:14:53.210+08:00 DEBUG 11836 --- [ai-gateway] [nio-9988-exec-1] o.s.jdbc.core.JdbcTemplate               : SQLWarning ignored: SQL state 'HY000', error code '1287', message ['VALUES function' is deprecated and will be removed in a future release. Please use an alias (INSERT INTO ... VALUES (...) AS alias) and replace VALUES(col) in the ON DUPLICATE KEY UPDATE clause with alias.col instead]
2026-04-13T13:14:53.211+08:00 DEBUG 11836 --- [ai-gateway] [nio-9988-exec-1] o.s.jdbc.core.JdbcTemplate               : SQLWarning ignored: SQL state 'HY000', error code '1287', message ['VALUES function' is deprecated and will be removed in a future release. Please use an alias (INSERT INTO ... VALUES (...) AS alias) and replace VALUES(col) in the ON DUPLICATE KEY UPDATE clause with alias.col instead]
2026-04-13T13:14:53.220+08:00 DEBUG 11836 --- [ai-gateway] [nio-9988-exec-1] o.s.w.s.m.m.a.HttpEntityMethodProcessor  : Found 'Content-Type:text/event-stream;charset=UTF-8' in response
2026-04-13T13:14:53.223+08:00 DEBUG 11836 --- [ai-gateway] [nio-9988-exec-1] o.s.w.s.m.m.a.HttpEntityMethodProcessor  : Writing ["data: {"type":"response.created","response":{"id":"resp_01a759e60f2858040169dc7bc7dbb08191aac92ccaac (truncated)..."]
2026-04-13T13:14:53.232+08:00 DEBUG 11836 --- [ai-gateway] [nio-9988-exec-1] o.s.web.servlet.DispatcherServlet        : Completed 200 OK
2026-04-13T13:15:16.352+08:00 DEBUG 11836 --- [ai-gateway] [nio-9988-exec-9] o.s.web.servlet.DispatcherServlet        : POST "/v1/responses", parameters={}
2026-04-13T13:15:16.354+08:00 DEBUG 11836 --- [ai-gateway] [nio-9988-exec-9] s.w.s.m.m.a.RequestMappingHandlerMapping : Mapped to com.zxw.modules.gateway.controller.GatewayChatController#responses(String, String, HttpServletRequest)
2026-04-13T13:15:16.406+08:00 DEBUG 11836 --- [ai-gateway] [nio-9988-exec-9] m.m.a.RequestResponseBodyMethodProcessor : Read "application/json;charset=UTF-8" to ["{"model":"gpt-5.4","instructions":"You are Codex, a coding agent based on GPT-5. You and the user sh (truncated)..."]
2026-04-13T13:15:16.409+08:00 DEBUG 11836 --- [ai-gateway] [nio-9988-exec-9] o.s.jdbc.core.JdbcTemplate               : Executing prepared SQL query
2026-04-13T13:15:16.409+08:00 DEBUG 11836 --- [ai-gateway] [nio-9988-exec-9] o.s.jdbc.core.JdbcTemplate               : Executing prepared SQL statement [select k.id, k.user_id, k.secret_hash, k.status, k.total_quota, k.used_quota, k.expires_at,
       u.username, u.role_code, coalesce(w.balance, 0) as balance
from api_keys k
join users u on u.id = k.user_id and u.deleted = 0
left join wallets w on w.user_id = u.id
where k.access_key = ? and k.deleted = 0
]
2026-04-13T13:15:16.568+08:00 DEBUG 11836 --- [ai-gateway] [nio-9988-exec-9] o.s.jdbc.core.JdbcTemplate               : Executing prepared SQL update
2026-04-13T13:15:16.571+08:00 DEBUG 11836 --- [ai-gateway] [nio-9988-exec-9] o.s.jdbc.core.JdbcTemplate               : Executing prepared SQL statement [update api_keys set last_used_at = now(), updated_at = now() where id = ?]
2026-04-13T13:15:16.580+08:00 DEBUG 11836 --- [ai-gateway] [nio-9988-exec-9] o.s.jdbc.core.JdbcTemplate               : Executing prepared SQL query
2026-04-13T13:15:16.581+08:00 DEBUG 11836 --- [ai-gateway] [nio-9988-exec-9] o.s.jdbc.core.JdbcTemplate               : Executing prepared SQL statement [select m.id as model_id, m.model_code, m.model_name, m.prompt_price, m.completion_price,
       m.request_price, m.multiplier, p.id as provider_id, p.provider_name, p.base_url, p.provider_type,
       p.timeout_ms, r.upstream_model, t.id as provider_token_id, t.token_value_encrypted
from models m
join model_routes r on r.model_id = m.id and r.status = 'ACTIVE'
join providers p on p.id = r.provider_id and p.deleted = 0 and p.status = 'ACTIVE'
join provider_tokens t on t.provider_id = p.id and t.deleted = 0 and t.status = 'ACTIVE'
where m.model_code = ? and m.deleted = 0 and m.status = 'ACTIVE'
order by r.priority_no asc, t.weight_no desc, t.id asc
limit 1
]
2026-04-13T13:15:25.775+08:00 DEBUG 11836 --- [ai-gateway] [nio-9988-exec-9] o.s.jdbc.core.JdbcTemplate               : Executing prepared SQL update
2026-04-13T13:15:25.777+08:00 DEBUG 11836 --- [ai-gateway] [nio-9988-exec-9] o.s.jdbc.core.JdbcTemplate               : Executing prepared SQL statement [insert into request_logs (request_id, user_id, api_key_id, model_code, provider_id, provider_token_id, upstream_model,
                          request_path, request_method, request_ip, request_body_json, response_body_json,
                          prompt_tokens, completion_tokens, total_tokens, user_amount, cost_amount, latency_ms,
                          success, status_code, error_message, request_date, created_at)
values (?, ?, ?, ?, ?, ?, ?, ?, ?, ?, cast(? as json), cast(? as json), ?, ?, ?, ?, ?, ?, ?, ?, ?, ?, now())
]
2026-04-13T13:15:25.781+08:00 DEBUG 11836 --- [ai-gateway] [nio-9988-exec-9] o.s.jdbc.core.StatementCreatorUtils      : JDBC getParameterType call failed - using fallback method instead: java.sql.SQLException: Parameter metadata not available for the given statement
2026-04-13T13:15:25.810+08:00 DEBUG 11836 --- [ai-gateway] [nio-9988-exec-9] o.s.jdbc.core.JdbcTemplate               : Executing prepared SQL update
2026-04-13T13:15:25.811+08:00 DEBUG 11836 --- [ai-gateway] [nio-9988-exec-9] o.s.jdbc.core.JdbcTemplate               : Executing prepared SQL statement [update wallets
set balance = balance - ?, total_consume = total_consume + ?, updated_at = now()
where user_id = ?
]
2026-04-13T13:15:25.822+08:00 DEBUG 11836 --- [ai-gateway] [nio-9988-exec-9] o.s.jdbc.core.JdbcTemplate               : Executing prepared SQL query
2026-04-13T13:15:25.824+08:00 DEBUG 11836 --- [ai-gateway] [nio-9988-exec-9] o.s.jdbc.core.JdbcTemplate               : Executing prepared SQL statement [select id from wallets where user_id = ?]
2026-04-13T13:15:25.831+08:00 DEBUG 11836 --- [ai-gateway] [nio-9988-exec-9] o.s.jdbc.core.JdbcTemplate               : Executing prepared SQL query
2026-04-13T13:15:25.832+08:00 DEBUG 11836 --- [ai-gateway] [nio-9988-exec-9] o.s.jdbc.core.JdbcTemplate               : Executing prepared SQL statement [select balance from wallets where user_id = ?]
2026-04-13T13:15:25.837+08:00 DEBUG 11836 --- [ai-gateway] [nio-9988-exec-9] o.s.jdbc.core.JdbcTemplate               : Executing prepared SQL update
2026-04-13T13:15:25.838+08:00 DEBUG 11836 --- [ai-gateway] [nio-9988-exec-9] o.s.jdbc.core.JdbcTemplate               : Executing prepared SQL statement [insert into transactions (user_id, wallet_id, order_no, transaction_type, direction, amount,
                          balance_before, balance_after, status, description_text, transaction_date)
values (?, ?, ?, 'CONSUME', 'OUT', ?, ?, ?, 'SUCCESS', ?, curdate())
]
2026-04-13T13:15:25.846+08:00 DEBUG 11836 --- [ai-gateway] [nio-9988-exec-9] o.s.jdbc.core.JdbcTemplate               : Executing prepared SQL update
2026-04-13T13:15:25.848+08:00 DEBUG 11836 --- [ai-gateway] [nio-9988-exec-9] o.s.jdbc.core.JdbcTemplate               : Executing prepared SQL statement [update api_keys
set used_quota = used_quota + ?, updated_at = now()
where id = ?
]
2026-04-13T13:15:25.853+08:00 DEBUG 11836 --- [ai-gateway] [nio-9988-exec-9] o.s.jdbc.core.JdbcTemplate               : Executing prepared SQL update
2026-04-13T13:15:25.854+08:00 DEBUG 11836 --- [ai-gateway] [nio-9988-exec-9] o.s.jdbc.core.JdbcTemplate               : Executing prepared SQL statement [insert into usage_daily (stat_date, user_id, model_code, provider_id, request_count, success_count, total_tokens, user_amount, cost_amount)
values (?, ?, ?, ?, 1, ?, ?, ?, ?)
on duplicate key update
    request_count = request_count + 1,
    success_count = success_count + values(success_count),
    total_tokens = total_tokens + values(total_tokens),
    user_amount = user_amount + values(user_amount),
    cost_amount = cost_amount + values(cost_amount),
    updated_at = now()
]
2026-04-13T13:15:25.861+08:00 DEBUG 11836 --- [ai-gateway] [nio-9988-exec-9] o.s.jdbc.core.JdbcTemplate               : SQLWarning ignored: SQL state 'HY000', error code '1287', message ['VALUES function' is deprecated and will be removed in a future release. Please use an alias (INSERT INTO ... VALUES (...) AS alias) and replace VALUES(col) in the ON DUPLICATE KEY UPDATE clause with alias.col instead]
2026-04-13T13:15:25.863+08:00 DEBUG 11836 --- [ai-gateway] [nio-9988-exec-9] o.s.jdbc.core.JdbcTemplate               : SQLWarning ignored: SQL state 'HY000', error code '1287', message ['VALUES function' is deprecated and will be removed in a future release. Please use an alias (INSERT INTO ... VALUES (...) AS alias) and replace VALUES(col) in the ON DUPLICATE KEY UPDATE clause with alias.col instead]
2026-04-13T13:15:25.864+08:00 DEBUG 11836 --- [ai-gateway] [nio-9988-exec-9] o.s.jdbc.core.JdbcTemplate               : SQLWarning ignored: SQL state 'HY000', error code '1287', message ['VALUES function' is deprecated and will be removed in a future release. Please use an alias (INSERT INTO ... VALUES (...) AS alias) and replace VALUES(col) in the ON DUPLICATE KEY UPDATE clause with alias.col instead]
2026-04-13T13:15:25.865+08:00 DEBUG 11836 --- [ai-gateway] [nio-9988-exec-9] o.s.jdbc.core.JdbcTemplate               : SQLWarning ignored: SQL state 'HY000', error code '1287', message ['VALUES function' is deprecated and will be removed in a future release. Please use an alias (INSERT INTO ... VALUES (...) AS alias) and replace VALUES(col) in the ON DUPLICATE KEY UPDATE clause with alias.col instead]
2026-04-13T13:15:25.867+08:00 DEBUG 11836 --- [ai-gateway] [nio-9988-exec-9] o.s.w.s.m.m.a.HttpEntityMethodProcessor  : Found 'Content-Type:text/event-stream;charset=UTF-8' in response
2026-04-13T13:15:25.869+08:00 DEBUG 11836 --- [ai-gateway] [nio-9988-exec-9] o.s.w.s.m.m.a.HttpEntityMethodProcessor  : Writing ["data: {"type":"response.created","response":{"id":"resp_0fd1cce83fcc21e20169dc7be73b088191ad3037894b (truncated)..."]
2026-04-13T13:15:25.871+08:00 DEBUG 11836 --- [ai-gateway] [nio-9988-exec-9] o.s.web.servlet.DispatcherServlet        : Completed 200 OK
2026-04-13T13:15:26.407+08:00 DEBUG 11836 --- [ai-gateway] [nio-9988-exec-5] o.s.web.servlet.DispatcherServlet        : POST "/v1/responses", parameters={}
2026-04-13T13:15:26.409+08:00 DEBUG 11836 --- [ai-gateway] [nio-9988-exec-5] s.w.s.m.m.a.RequestMappingHandlerMapping : Mapped to com.zxw.modules.gateway.controller.GatewayChatController#responses(String, String, HttpServletRequest)
2026-04-13T13:15:26.465+08:00 DEBUG 11836 --- [ai-gateway] [nio-9988-exec-5] m.m.a.RequestResponseBodyMethodProcessor : Read "application/json;charset=UTF-8" to ["{"model":"gpt-5.4","instructions":"You are Codex, a coding agent based on GPT-5. You and the user sh (truncated)..."]
2026-04-13T13:15:26.467+08:00 DEBUG 11836 --- [ai-gateway] [nio-9988-exec-5] o.s.jdbc.core.JdbcTemplate               : Executing prepared SQL query
2026-04-13T13:15:26.469+08:00 DEBUG 11836 --- [ai-gateway] [nio-9988-exec-5] o.s.jdbc.core.JdbcTemplate               : Executing prepared SQL statement [select k.id, k.user_id, k.secret_hash, k.status, k.total_quota, k.used_quota, k.expires_at,
       u.username, u.role_code, coalesce(w.balance, 0) as balance
from api_keys k
join users u on u.id = k.user_id and u.deleted = 0
left join wallets w on w.user_id = u.id
where k.access_key = ? and k.deleted = 0
]
2026-04-13T13:15:26.608+08:00 DEBUG 11836 --- [ai-gateway] [nio-9988-exec-5] o.s.jdbc.core.JdbcTemplate               : Executing prepared SQL update
2026-04-13T13:15:26.611+08:00 DEBUG 11836 --- [ai-gateway] [nio-9988-exec-5] o.s.jdbc.core.JdbcTemplate               : Executing prepared SQL statement [update api_keys set last_used_at = now(), updated_at = now() where id = ?]
2026-04-13T13:15:26.628+08:00 DEBUG 11836 --- [ai-gateway] [nio-9988-exec-5] o.s.jdbc.core.JdbcTemplate               : Executing prepared SQL query
2026-04-13T13:15:26.630+08:00 DEBUG 11836 --- [ai-gateway] [nio-9988-exec-5] o.s.jdbc.core.JdbcTemplate               : Executing prepared SQL statement [select m.id as model_id, m.model_code, m.model_name, m.prompt_price, m.completion_price,
       m.request_price, m.multiplier, p.id as provider_id, p.provider_name, p.base_url, p.provider_type,
       p.timeout_ms, r.upstream_model, t.id as provider_token_id, t.token_value_encrypted
from models m
join model_routes r on r.model_id = m.id and r.status = 'ACTIVE'
join providers p on p.id = r.provider_id and p.deleted = 0 and p.status = 'ACTIVE'
join provider_tokens t on t.provider_id = p.id and t.deleted = 0 and t.status = 'ACTIVE'
where m.model_code = ? and m.deleted = 0 and m.status = 'ACTIVE'
order by r.priority_no asc, t.weight_no desc, t.id asc
limit 1
]
2026-04-13T13:15:28.302+08:00 DEBUG 11836 --- [ai-gateway] [nio-9988-exec-5] o.s.jdbc.core.JdbcTemplate               : Executing prepared SQL update
2026-04-13T13:15:28.303+08:00 DEBUG 11836 --- [ai-gateway] [nio-9988-exec-5] o.s.jdbc.core.JdbcTemplate               : Executing prepared SQL statement [insert into request_logs (request_id, user_id, api_key_id, model_code, provider_id, provider_token_id, upstream_model,
                          request_path, request_method, request_ip, request_body_json, response_body_json,
                          prompt_tokens, completion_tokens, total_tokens, user_amount, cost_amount, latency_ms,
                          success, status_code, error_message, request_date, created_at)
values (?, ?, ?, ?, ?, ?, ?, ?, ?, ?, cast(? as json), cast(? as json), ?, ?, ?, ?, ?, ?, ?, ?, ?, ?, now())
]
2026-04-13T13:15:28.308+08:00 DEBUG 11836 --- [ai-gateway] [nio-9988-exec-5] o.s.jdbc.core.StatementCreatorUtils      : JDBC getParameterType call failed - using fallback method instead: java.sql.SQLException: Parameter metadata not available for the given statement
2026-04-13T13:15:28.333+08:00 DEBUG 11836 --- [ai-gateway] [nio-9988-exec-5] o.s.jdbc.core.JdbcTemplate               : Executing prepared SQL update
2026-04-13T13:15:28.334+08:00 DEBUG 11836 --- [ai-gateway] [nio-9988-exec-5] o.s.jdbc.core.JdbcTemplate               : Executing prepared SQL statement [update wallets
set balance = balance - ?, total_consume = total_consume + ?, updated_at = now()
where user_id = ?
]
2026-04-13T13:15:28.341+08:00 DEBUG 11836 --- [ai-gateway] [nio-9988-exec-5] o.s.jdbc.core.JdbcTemplate               : Executing prepared SQL query
2026-04-13T13:15:28.343+08:00 DEBUG 11836 --- [ai-gateway] [nio-9988-exec-5] o.s.jdbc.core.JdbcTemplate               : Executing prepared SQL statement [select id from wallets where user_id = ?]
2026-04-13T13:15:28.345+08:00 DEBUG 11836 --- [ai-gateway] [nio-9988-exec-5] o.s.jdbc.core.JdbcTemplate               : Executing prepared SQL query
2026-04-13T13:15:28.347+08:00 DEBUG 11836 --- [ai-gateway] [nio-9988-exec-5] o.s.jdbc.core.JdbcTemplate               : Executing prepared SQL statement [select balance from wallets where user_id = ?]
2026-04-13T13:15:28.349+08:00 DEBUG 11836 --- [ai-gateway] [nio-9988-exec-5] o.s.jdbc.core.JdbcTemplate               : Executing prepared SQL update
2026-04-13T13:15:28.351+08:00 DEBUG 11836 --- [ai-gateway] [nio-9988-exec-5] o.s.jdbc.core.JdbcTemplate               : Executing prepared SQL statement [insert into transactions (user_id, wallet_id, order_no, transaction_type, direction, amount,
                          balance_before, balance_after, status, description_text, transaction_date)
values (?, ?, ?, 'CONSUME', 'OUT', ?, ?, ?, 'SUCCESS', ?, curdate())
]
2026-04-13T13:15:28.357+08:00 DEBUG 11836 --- [ai-gateway] [nio-9988-exec-5] o.s.jdbc.core.JdbcTemplate               : Executing prepared SQL update
2026-04-13T13:15:28.358+08:00 DEBUG 11836 --- [ai-gateway] [nio-9988-exec-5] o.s.jdbc.core.JdbcTemplate               : Executing prepared SQL statement [update api_keys
set used_quota = used_quota + ?, updated_at = now()
where id = ?
]
2026-04-13T13:15:28.365+08:00 DEBUG 11836 --- [ai-gateway] [nio-9988-exec-5] o.s.jdbc.core.JdbcTemplate               : Executing prepared SQL update
2026-04-13T13:15:28.366+08:00 DEBUG 11836 --- [ai-gateway] [nio-9988-exec-5] o.s.jdbc.core.JdbcTemplate               : Executing prepared SQL statement [insert into usage_daily (stat_date, user_id, model_code, provider_id, request_count, success_count, total_tokens, user_amount, cost_amount)
values (?, ?, ?, ?, 1, ?, ?, ?, ?)
on duplicate key update
    request_count = request_count + 1,
    success_count = success_count + values(success_count),
    total_tokens = total_tokens + values(total_tokens),
    user_amount = user_amount + values(user_amount),
    cost_amount = cost_amount + values(cost_amount),
    updated_at = now()
]
2026-04-13T13:15:28.376+08:00 DEBUG 11836 --- [ai-gateway] [nio-9988-exec-5] o.s.jdbc.core.JdbcTemplate               : SQLWarning ignored: SQL state 'HY000', error code '1287', message ['VALUES function' is deprecated and will be removed in a future release. Please use an alias (INSERT INTO ... VALUES (...) AS alias) and replace VALUES(col) in the ON DUPLICATE KEY UPDATE clause with alias.col instead]
2026-04-13T13:15:28.377+08:00 DEBUG 11836 --- [ai-gateway] [nio-9988-exec-5] o.s.jdbc.core.JdbcTemplate               : SQLWarning ignored: SQL state 'HY000', error code '1287', message ['VALUES function' is deprecated and will be removed in a future release. Please use an alias (INSERT INTO ... VALUES (...) AS alias) and replace VALUES(col) in the ON DUPLICATE KEY UPDATE clause with alias.col instead]
2026-04-13T13:15:28.378+08:00 DEBUG 11836 --- [ai-gateway] [nio-9988-exec-5] o.s.jdbc.core.JdbcTemplate               : SQLWarning ignored: SQL state 'HY000', error code '1287', message ['VALUES function' is deprecated and will be removed in a future release. Please use an alias (INSERT INTO ... VALUES (...) AS alias) and replace VALUES(col) in the ON DUPLICATE KEY UPDATE clause with alias.col instead]
2026-04-13T13:15:28.379+08:00 DEBUG 11836 --- [ai-gateway] [nio-9988-exec-5] o.s.jdbc.core.JdbcTemplate               : SQLWarning ignored: SQL state 'HY000', error code '1287', message ['VALUES function' is deprecated and will be removed in a future release. Please use an alias (INSERT INTO ... VALUES (...) AS alias) and replace VALUES(col) in the ON DUPLICATE KEY UPDATE clause with alias.col instead]
2026-04-13T13:15:28.380+08:00 DEBUG 11836 --- [ai-gateway] [nio-9988-exec-5] o.s.w.s.m.m.a.HttpEntityMethodProcessor  : Found 'Content-Type:text/event-stream;charset=UTF-8' in response
2026-04-13T13:15:28.382+08:00 DEBUG 11836 --- [ai-gateway] [nio-9988-exec-5] o.s.w.s.m.m.a.HttpEntityMethodProcessor  : Writing ["data: {"type":"response.created","response":{"id":"resp_0a0717cae6d9accf0169dc7bf0bc9c8191ab8e4eb021 (truncated)..."]
2026-04-13T13:15:28.384+08:00 DEBUG 11836 --- [ai-gateway] [nio-9988-exec-5] o.s.web.servlet.DispatcherServlet        : Completed 200 OK
2026-04-13T13:15:28.904+08:00 DEBUG 11836 --- [ai-gateway] [nio-9988-exec-4] o.s.web.servlet.DispatcherServlet        : POST "/v1/responses", parameters={}
2026-04-13T13:15:28.906+08:00 DEBUG 11836 --- [ai-gateway] [nio-9988-exec-4] s.w.s.m.m.a.RequestMappingHandlerMapping : Mapped to com.zxw.modules.gateway.controller.GatewayChatController#responses(String, String, HttpServletRequest)
2026-04-13T13:15:28.975+08:00 DEBUG 11836 --- [ai-gateway] [nio-9988-exec-4] m.m.a.RequestResponseBodyMethodProcessor : Read "application/json;charset=UTF-8" to ["{"model":"gpt-5.4","instructions":"You are Codex, a coding agent based on GPT-5. You and the user sh (truncated)..."]
2026-04-13T13:15:28.976+08:00 DEBUG 11836 --- [ai-gateway] [nio-9988-exec-4] o.s.jdbc.core.JdbcTemplate               : Executing prepared SQL query
2026-04-13T13:15:28.978+08:00 DEBUG 11836 --- [ai-gateway] [nio-9988-exec-4] o.s.jdbc.core.JdbcTemplate               : Executing prepared SQL statement [select k.id, k.user_id, k.secret_hash, k.status, k.total_quota, k.used_quota, k.expires_at,
       u.username, u.role_code, coalesce(w.balance, 0) as balance
from api_keys k
join users u on u.id = k.user_id and u.deleted = 0
left join wallets w on w.user_id = u.id
where k.access_key = ? and k.deleted = 0
]
2026-04-13T13:15:29.122+08:00 DEBUG 11836 --- [ai-gateway] [nio-9988-exec-4] o.s.jdbc.core.JdbcTemplate               : Executing prepared SQL update
2026-04-13T13:15:29.124+08:00 DEBUG 11836 --- [ai-gateway] [nio-9988-exec-4] o.s.jdbc.core.JdbcTemplate               : Executing prepared SQL statement [update api_keys set last_used_at = now(), updated_at = now() where id = ?]
2026-04-13T13:15:29.133+08:00 DEBUG 11836 --- [ai-gateway] [nio-9988-exec-4] o.s.jdbc.core.JdbcTemplate               : Executing prepared SQL query
2026-04-13T13:15:29.135+08:00 DEBUG 11836 --- [ai-gateway] [nio-9988-exec-4] o.s.jdbc.core.JdbcTemplate               : Executing prepared SQL statement [select m.id as model_id, m.model_code, m.model_name, m.prompt_price, m.completion_price,
       m.request_price, m.multiplier, p.id as provider_id, p.provider_name, p.base_url, p.provider_type,
       p.timeout_ms, r.upstream_model, t.id as provider_token_id, t.token_value_encrypted
from models m
join model_routes r on r.model_id = m.id and r.status = 'ACTIVE'
join providers p on p.id = r.provider_id and p.deleted = 0 and p.status = 'ACTIVE'
join provider_tokens t on t.provider_id = p.id and t.deleted = 0 and t.status = 'ACTIVE'
where m.model_code = ? and m.deleted = 0 and m.status = 'ACTIVE'
order by r.priority_no asc, t.weight_no desc, t.id asc
limit 1
]
2026-04-13T13:15:30.872+08:00 DEBUG 11836 --- [ai-gateway] [nio-9988-exec-4] o.s.jdbc.core.JdbcTemplate               : Executing prepared SQL update
2026-04-13T13:15:30.875+08:00 DEBUG 11836 --- [ai-gateway] [nio-9988-exec-4] o.s.jdbc.core.JdbcTemplate               : Executing prepared SQL statement [insert into request_logs (request_id, user_id, api_key_id, model_code, provider_id, provider_token_id, upstream_model,
                          request_path, request_method, request_ip, request_body_json, response_body_json,
                          prompt_tokens, completion_tokens, total_tokens, user_amount, cost_amount, latency_ms,
                          success, status_code, error_message, request_date, created_at)
values (?, ?, ?, ?, ?, ?, ?, ?, ?, ?, cast(? as json), cast(? as json), ?, ?, ?, ?, ?, ?, ?, ?, ?, ?, now())
]
2026-04-13T13:15:30.880+08:00 DEBUG 11836 --- [ai-gateway] [nio-9988-exec-4] o.s.jdbc.core.StatementCreatorUtils      : JDBC getParameterType call failed - using fallback method instead: java.sql.SQLException: Parameter metadata not available for the given statement
2026-04-13T13:15:30.901+08:00 DEBUG 11836 --- [ai-gateway] [nio-9988-exec-4] o.s.jdbc.core.JdbcTemplate               : Executing prepared SQL update
2026-04-13T13:15:30.902+08:00 DEBUG 11836 --- [ai-gateway] [nio-9988-exec-4] o.s.jdbc.core.JdbcTemplate               : Executing prepared SQL statement [update wallets
set balance = balance - ?, total_consume = total_consume + ?, updated_at = now()
where user_id = ?
]
2026-04-13T13:15:30.908+08:00 DEBUG 11836 --- [ai-gateway] [nio-9988-exec-4] o.s.jdbc.core.JdbcTemplate               : Executing prepared SQL query
2026-04-13T13:15:30.909+08:00 DEBUG 11836 --- [ai-gateway] [nio-9988-exec-4] o.s.jdbc.core.JdbcTemplate               : Executing prepared SQL statement [select id from wallets where user_id = ?]
2026-04-13T13:15:30.913+08:00 DEBUG 11836 --- [ai-gateway] [nio-9988-exec-4] o.s.jdbc.core.JdbcTemplate               : Executing prepared SQL query
2026-04-13T13:15:30.914+08:00 DEBUG 11836 --- [ai-gateway] [nio-9988-exec-4] o.s.jdbc.core.JdbcTemplate               : Executing prepared SQL statement [select balance from wallets where user_id = ?]
2026-04-13T13:15:30.918+08:00 DEBUG 11836 --- [ai-gateway] [nio-9988-exec-4] o.s.jdbc.core.JdbcTemplate               : Executing prepared SQL update
2026-04-13T13:15:30.919+08:00 DEBUG 11836 --- [ai-gateway] [nio-9988-exec-4] o.s.jdbc.core.JdbcTemplate               : Executing prepared SQL statement [insert into transactions (user_id, wallet_id, order_no, transaction_type, direction, amount,
                          balance_before, balance_after, status, description_text, transaction_date)
values (?, ?, ?, 'CONSUME', 'OUT', ?, ?, ?, 'SUCCESS', ?, curdate())
]
2026-04-13T13:15:30.925+08:00 DEBUG 11836 --- [ai-gateway] [nio-9988-exec-4] o.s.jdbc.core.JdbcTemplate               : Executing prepared SQL update
2026-04-13T13:15:30.926+08:00 DEBUG 11836 --- [ai-gateway] [nio-9988-exec-4] o.s.jdbc.core.JdbcTemplate               : Executing prepared SQL statement [update api_keys
set used_quota = used_quota + ?, updated_at = now()
where id = ?
]
2026-04-13T13:15:30.931+08:00 DEBUG 11836 --- [ai-gateway] [nio-9988-exec-4] o.s.jdbc.core.JdbcTemplate               : Executing prepared SQL update
2026-04-13T13:15:30.932+08:00 DEBUG 11836 --- [ai-gateway] [nio-9988-exec-4] o.s.jdbc.core.JdbcTemplate               : Executing prepared SQL statement [insert into usage_daily (stat_date, user_id, model_code, provider_id, request_count, success_count, total_tokens, user_amount, cost_amount)
values (?, ?, ?, ?, 1, ?, ?, ?, ?)
on duplicate key update
    request_count = request_count + 1,
    success_count = success_count + values(success_count),
    total_tokens = total_tokens + values(total_tokens),
    user_amount = user_amount + values(user_amount),
    cost_amount = cost_amount + values(cost_amount),
    updated_at = now()
]
2026-04-13T13:15:30.940+08:00 DEBUG 11836 --- [ai-gateway] [nio-9988-exec-4] o.s.jdbc.core.JdbcTemplate               : SQLWarning ignored: SQL state 'HY000', error code '1287', message ['VALUES function' is deprecated and will be removed in a future release. Please use an alias (INSERT INTO ... VALUES (...) AS alias) and replace VALUES(col) in the ON DUPLICATE KEY UPDATE clause with alias.col instead]
2026-04-13T13:15:30.941+08:00 DEBUG 11836 --- [ai-gateway] [nio-9988-exec-4] o.s.jdbc.core.JdbcTemplate               : SQLWarning ignored: SQL state 'HY000', error code '1287', message ['VALUES function' is deprecated and will be removed in a future release. Please use an alias (INSERT INTO ... VALUES (...) AS alias) and replace VALUES(col) in the ON DUPLICATE KEY UPDATE clause with alias.col instead]
2026-04-13T13:15:30.944+08:00 DEBUG 11836 --- [ai-gateway] [nio-9988-exec-4] o.s.jdbc.core.JdbcTemplate               : SQLWarning ignored: SQL state 'HY000', error code '1287', message ['VALUES function' is deprecated and will be removed in a future release. Please use an alias (INSERT INTO ... VALUES (...) AS alias) and replace VALUES(col) in the ON DUPLICATE KEY UPDATE clause with alias.col instead]
2026-04-13T13:15:30.945+08:00 DEBUG 11836 --- [ai-gateway] [nio-9988-exec-4] o.s.jdbc.core.JdbcTemplate               : SQLWarning ignored: SQL state 'HY000', error code '1287', message ['VALUES function' is deprecated and will be removed in a future release. Please use an alias (INSERT INTO ... VALUES (...) AS alias) and replace VALUES(col) in the ON DUPLICATE KEY UPDATE clause with alias.col instead]
2026-04-13T13:15:30.948+08:00 DEBUG 11836 --- [ai-gateway] [nio-9988-exec-4] o.s.w.s.m.m.a.HttpEntityMethodProcessor  : Found 'Content-Type:text/event-stream;charset=UTF-8' in response
2026-04-13T13:15:30.950+08:00 DEBUG 11836 --- [ai-gateway] [nio-9988-exec-4] o.s.w.s.m.m.a.HttpEntityMethodProcessor  : Writing ["data: {"type":"response.created","response":{"id":"resp_08a06c85622639000169dc7bf355cc8191b2665279c0 (truncated)..."]
2026-04-13T13:15:30.953+08:00 DEBUG 11836 --- [ai-gateway] [nio-9988-exec-4] o.s.web.servlet.DispatcherServlet        : Completed 200 OK
2026-04-13T13:15:32.470+08:00 DEBUG 11836 --- [ai-gateway] [nio-9988-exec-1] o.s.web.servlet.DispatcherServlet        : POST "/v1/responses", parameters={}
2026-04-13T13:15:32.473+08:00 DEBUG 11836 --- [ai-gateway] [nio-9988-exec-1] s.w.s.m.m.a.RequestMappingHandlerMapping : Mapped to com.zxw.modules.gateway.controller.GatewayChatController#responses(String, String, HttpServletRequest)
2026-04-13T13:15:32.551+08:00 DEBUG 11836 --- [ai-gateway] [nio-9988-exec-1] m.m.a.RequestResponseBodyMethodProcessor : Read "application/json;charset=UTF-8" to ["{"model":"gpt-5.4","instructions":"You are Codex, a coding agent based on GPT-5. You and the user sh (truncated)..."]
2026-04-13T13:15:32.554+08:00 DEBUG 11836 --- [ai-gateway] [nio-9988-exec-1] o.s.jdbc.core.JdbcTemplate               : Executing prepared SQL query
2026-04-13T13:15:32.555+08:00 DEBUG 11836 --- [ai-gateway] [nio-9988-exec-1] o.s.jdbc.core.JdbcTemplate               : Executing prepared SQL statement [select k.id, k.user_id, k.secret_hash, k.status, k.total_quota, k.used_quota, k.expires_at,
       u.username, u.role_code, coalesce(w.balance, 0) as balance
from api_keys k
join users u on u.id = k.user_id and u.deleted = 0
left join wallets w on w.user_id = u.id
where k.access_key = ? and k.deleted = 0
]
2026-04-13T13:15:32.703+08:00 DEBUG 11836 --- [ai-gateway] [nio-9988-exec-1] o.s.jdbc.core.JdbcTemplate               : Executing prepared SQL update
2026-04-13T13:15:32.704+08:00 DEBUG 11836 --- [ai-gateway] [nio-9988-exec-1] o.s.jdbc.core.JdbcTemplate               : Executing prepared SQL statement [update api_keys set last_used_at = now(), updated_at = now() where id = ?]
2026-04-13T13:15:32.713+08:00 DEBUG 11836 --- [ai-gateway] [nio-9988-exec-1] o.s.jdbc.core.JdbcTemplate               : Executing prepared SQL query
2026-04-13T13:15:32.714+08:00 DEBUG 11836 --- [ai-gateway] [nio-9988-exec-1] o.s.jdbc.core.JdbcTemplate               : Executing prepared SQL statement [select m.id as model_id, m.model_code, m.model_name, m.prompt_price, m.completion_price,
       m.request_price, m.multiplier, p.id as provider_id, p.provider_name, p.base_url, p.provider_type,
       p.timeout_ms, r.upstream_model, t.id as provider_token_id, t.token_value_encrypted
from models m
join model_routes r on r.model_id = m.id and r.status = 'ACTIVE'
join providers p on p.id = r.provider_id and p.deleted = 0 and p.status = 'ACTIVE'
join provider_tokens t on t.provider_id = p.id and t.deleted = 0 and t.status = 'ACTIVE'
where m.model_code = ? and m.deleted = 0 and m.status = 'ACTIVE'
order by r.priority_no asc, t.weight_no desc, t.id asc
limit 1
]
2026-04-13T13:15:36.064+08:00 DEBUG 11836 --- [ai-gateway] [nio-9988-exec-1] o.s.jdbc.core.JdbcTemplate               : Executing prepared SQL update
2026-04-13T13:15:36.066+08:00 DEBUG 11836 --- [ai-gateway] [nio-9988-exec-1] o.s.jdbc.core.JdbcTemplate               : Executing prepared SQL statement [insert into request_logs (request_id, user_id, api_key_id, model_code, provider_id, provider_token_id, upstream_model,
                          request_path, request_method, request_ip, request_body_json, response_body_json,
                          prompt_tokens, completion_tokens, total_tokens, user_amount, cost_amount, latency_ms,
                          success, status_code, error_message, request_date, created_at)
values (?, ?, ?, ?, ?, ?, ?, ?, ?, ?, cast(? as json), cast(? as json), ?, ?, ?, ?, ?, ?, ?, ?, ?, ?, now())
]
2026-04-13T13:15:36.069+08:00 DEBUG 11836 --- [ai-gateway] [nio-9988-exec-1] o.s.jdbc.core.StatementCreatorUtils      : JDBC getParameterType call failed - using fallback method instead: java.sql.SQLException: Parameter metadata not available for the given statement
2026-04-13T13:15:36.091+08:00 DEBUG 11836 --- [ai-gateway] [nio-9988-exec-1] o.s.jdbc.core.JdbcTemplate               : Executing prepared SQL update
2026-04-13T13:15:36.093+08:00 DEBUG 11836 --- [ai-gateway] [nio-9988-exec-1] o.s.jdbc.core.JdbcTemplate               : Executing prepared SQL statement [update wallets
set balance = balance - ?, total_consume = total_consume + ?, updated_at = now()
where user_id = ?
]
2026-04-13T13:15:36.099+08:00 DEBUG 11836 --- [ai-gateway] [nio-9988-exec-1] o.s.jdbc.core.JdbcTemplate               : Executing prepared SQL query
2026-04-13T13:15:36.102+08:00 DEBUG 11836 --- [ai-gateway] [nio-9988-exec-1] o.s.jdbc.core.JdbcTemplate               : Executing prepared SQL statement [select id from wallets where user_id = ?]
2026-04-13T13:15:36.106+08:00 DEBUG 11836 --- [ai-gateway] [nio-9988-exec-1] o.s.jdbc.core.JdbcTemplate               : Executing prepared SQL query
2026-04-13T13:15:36.108+08:00 DEBUG 11836 --- [ai-gateway] [nio-9988-exec-1] o.s.jdbc.core.JdbcTemplate               : Executing prepared SQL statement [select balance from wallets where user_id = ?]
2026-04-13T13:15:36.111+08:00 DEBUG 11836 --- [ai-gateway] [nio-9988-exec-1] o.s.jdbc.core.JdbcTemplate               : Executing prepared SQL update
2026-04-13T13:15:36.112+08:00 DEBUG 11836 --- [ai-gateway] [nio-9988-exec-1] o.s.jdbc.core.JdbcTemplate               : Executing prepared SQL statement [insert into transactions (user_id, wallet_id, order_no, transaction_type, direction, amount,
                          balance_before, balance_after, status, description_text, transaction_date)
values (?, ?, ?, 'CONSUME', 'OUT', ?, ?, ?, 'SUCCESS', ?, curdate())
]
2026-04-13T13:15:36.118+08:00 DEBUG 11836 --- [ai-gateway] [nio-9988-exec-1] o.s.jdbc.core.JdbcTemplate               : Executing prepared SQL update
2026-04-13T13:15:36.121+08:00 DEBUG 11836 --- [ai-gateway] [nio-9988-exec-1] o.s.jdbc.core.JdbcTemplate               : Executing prepared SQL statement [update api_keys
set used_quota = used_quota + ?, updated_at = now()
where id = ?
]
2026-04-13T13:15:36.127+08:00 DEBUG 11836 --- [ai-gateway] [nio-9988-exec-1] o.s.jdbc.core.JdbcTemplate               : Executing prepared SQL update
2026-04-13T13:15:36.129+08:00 DEBUG 11836 --- [ai-gateway] [nio-9988-exec-1] o.s.jdbc.core.JdbcTemplate               : Executing prepared SQL statement [insert into usage_daily (stat_date, user_id, model_code, provider_id, request_count, success_count, total_tokens, user_amount, cost_amount)
values (?, ?, ?, ?, 1, ?, ?, ?, ?)
on duplicate key update
    request_count = request_count + 1,
    success_count = success_count + values(success_count),
    total_tokens = total_tokens + values(total_tokens),
    user_amount = user_amount + values(user_amount),
    cost_amount = cost_amount + values(cost_amount),
    updated_at = now()
]
2026-04-13T13:15:36.135+08:00 DEBUG 11836 --- [ai-gateway] [nio-9988-exec-1] o.s.jdbc.core.JdbcTemplate               : SQLWarning ignored: SQL state 'HY000', error code '1287', message ['VALUES function' is deprecated and will be removed in a future release. Please use an alias (INSERT INTO ... VALUES (...) AS alias) and replace VALUES(col) in the ON DUPLICATE KEY UPDATE clause with alias.col instead]
2026-04-13T13:15:36.136+08:00 DEBUG 11836 --- [ai-gateway] [nio-9988-exec-1] o.s.jdbc.core.JdbcTemplate               : SQLWarning ignored: SQL state 'HY000', error code '1287', message ['VALUES function' is deprecated and will be removed in a future release. Please use an alias (INSERT INTO ... VALUES (...) AS alias) and replace VALUES(col) in the ON DUPLICATE KEY UPDATE clause with alias.col instead]
2026-04-13T13:15:36.138+08:00 DEBUG 11836 --- [ai-gateway] [nio-9988-exec-1] o.s.jdbc.core.JdbcTemplate               : SQLWarning ignored: SQL state 'HY000', error code '1287', message ['VALUES function' is deprecated and will be removed in a future release. Please use an alias (INSERT INTO ... VALUES (...) AS alias) and replace VALUES(col) in the ON DUPLICATE KEY UPDATE clause with alias.col instead]
2026-04-13T13:15:36.140+08:00 DEBUG 11836 --- [ai-gateway] [nio-9988-exec-1] o.s.jdbc.core.JdbcTemplate               : SQLWarning ignored: SQL state 'HY000', error code '1287', message ['VALUES function' is deprecated and will be removed in a future release. Please use an alias (INSERT INTO ... VALUES (...) AS alias) and replace VALUES(col) in the ON DUPLICATE KEY UPDATE clause with alias.col instead]
2026-04-13T13:15:36.142+08:00 DEBUG 11836 --- [ai-gateway] [nio-9988-exec-1] o.s.w.s.m.m.a.HttpEntityMethodProcessor  : Found 'Content-Type:text/event-stream;charset=UTF-8' in response
2026-04-13T13:15:36.143+08:00 DEBUG 11836 --- [ai-gateway] [nio-9988-exec-1] o.s.w.s.m.m.a.HttpEntityMethodProcessor  : Writing ["data: {"type":"response.created","response":{"id":"resp_0ffb29f528cf93530169dc7bf7028c8191985878b325 (truncated)..."]
2026-04-13T13:15:36.147+08:00 DEBUG 11836 --- [ai-gateway] [nio-9988-exec-1] o.s.web.servlet.DispatcherServlet        : Completed 200 OK
2026-04-13T13:15:36.703+08:00 DEBUG 11836 --- [ai-gateway] [nio-9988-exec-8] o.s.web.servlet.DispatcherServlet        : POST "/v1/responses", parameters={}
2026-04-13T13:15:36.705+08:00 DEBUG 11836 --- [ai-gateway] [nio-9988-exec-8] s.w.s.m.m.a.RequestMappingHandlerMapping : Mapped to com.zxw.modules.gateway.controller.GatewayChatController#responses(String, String, HttpServletRequest)
2026-04-13T13:15:36.805+08:00 DEBUG 11836 --- [ai-gateway] [nio-9988-exec-8] m.m.a.RequestResponseBodyMethodProcessor : Read "application/json;charset=UTF-8" to ["{"model":"gpt-5.4","instructions":"You are Codex, a coding agent based on GPT-5. You and the user sh (truncated)..."]
2026-04-13T13:15:36.818+08:00 DEBUG 11836 --- [ai-gateway] [nio-9988-exec-8] o.s.jdbc.core.JdbcTemplate               : Executing prepared SQL query
2026-04-13T13:15:36.820+08:00 DEBUG 11836 --- [ai-gateway] [nio-9988-exec-8] o.s.jdbc.core.JdbcTemplate               : Executing prepared SQL statement [select k.id, k.user_id, k.secret_hash, k.status, k.total_quota, k.used_quota, k.expires_at,
       u.username, u.role_code, coalesce(w.balance, 0) as balance
from api_keys k
join users u on u.id = k.user_id and u.deleted = 0
left join wallets w on w.user_id = u.id
where k.access_key = ? and k.deleted = 0
]
2026-04-13T13:15:36.965+08:00 DEBUG 11836 --- [ai-gateway] [nio-9988-exec-8] o.s.jdbc.core.JdbcTemplate               : Executing prepared SQL update
2026-04-13T13:15:36.966+08:00 DEBUG 11836 --- [ai-gateway] [nio-9988-exec-8] o.s.jdbc.core.JdbcTemplate               : Executing prepared SQL statement [update api_keys set last_used_at = now(), updated_at = now() where id = ?]
2026-04-13T13:15:36.974+08:00 DEBUG 11836 --- [ai-gateway] [nio-9988-exec-8] o.s.jdbc.core.JdbcTemplate               : Executing prepared SQL query
2026-04-13T13:15:36.975+08:00 DEBUG 11836 --- [ai-gateway] [nio-9988-exec-8] o.s.jdbc.core.JdbcTemplate               : Executing prepared SQL statement [select m.id as model_id, m.model_code, m.model_name, m.prompt_price, m.completion_price,
       m.request_price, m.multiplier, p.id as provider_id, p.provider_name, p.base_url, p.provider_type,
       p.timeout_ms, r.upstream_model, t.id as provider_token_id, t.token_value_encrypted
from models m
join model_routes r on r.model_id = m.id and r.status = 'ACTIVE'
join providers p on p.id = r.provider_id and p.deleted = 0 and p.status = 'ACTIVE'
join provider_tokens t on t.provider_id = p.id and t.deleted = 0 and t.status = 'ACTIVE'
where m.model_code = ? and m.deleted = 0 and m.status = 'ACTIVE'
order by r.priority_no asc, t.weight_no desc, t.id asc
limit 1
]
2026-04-13T13:15:39.551+08:00 DEBUG 11836 --- [ai-gateway] [nio-9988-exec-8] o.s.jdbc.core.JdbcTemplate               : Executing prepared SQL update
2026-04-13T13:15:39.553+08:00 DEBUG 11836 --- [ai-gateway] [nio-9988-exec-8] o.s.jdbc.core.JdbcTemplate               : Executing prepared SQL statement [insert into request_logs (request_id, user_id, api_key_id, model_code, provider_id, provider_token_id, upstream_model,
                          request_path, request_method, request_ip, request_body_json, response_body_json,
                          prompt_tokens, completion_tokens, total_tokens, user_amount, cost_amount, latency_ms,
                          success, status_code, error_message, request_date, created_at)
values (?, ?, ?, ?, ?, ?, ?, ?, ?, ?, cast(? as json), cast(? as json), ?, ?, ?, ?, ?, ?, ?, ?, ?, ?, now())
]
2026-04-13T13:15:39.554+08:00 DEBUG 11836 --- [ai-gateway] [nio-9988-exec-8] o.s.jdbc.core.StatementCreatorUtils      : JDBC getParameterType call failed - using fallback method instead: java.sql.SQLException: Parameter metadata not available for the given statement
2026-04-13T13:15:39.578+08:00 DEBUG 11836 --- [ai-gateway] [nio-9988-exec-8] o.s.jdbc.core.JdbcTemplate               : Executing prepared SQL update
2026-04-13T13:15:39.579+08:00 DEBUG 11836 --- [ai-gateway] [nio-9988-exec-8] o.s.jdbc.core.JdbcTemplate               : Executing prepared SQL statement [update wallets
set balance = balance - ?, total_consume = total_consume + ?, updated_at = now()
where user_id = ?
]
2026-04-13T13:15:39.582+08:00 DEBUG 11836 --- [ai-gateway] [nio-9988-exec-8] o.s.jdbc.core.JdbcTemplate               : Executing prepared SQL query
2026-04-13T13:15:39.584+08:00 DEBUG 11836 --- [ai-gateway] [nio-9988-exec-8] o.s.jdbc.core.JdbcTemplate               : Executing prepared SQL statement [select id from wallets where user_id = ?]
2026-04-13T13:15:39.586+08:00 DEBUG 11836 --- [ai-gateway] [nio-9988-exec-8] o.s.jdbc.core.JdbcTemplate               : Executing prepared SQL query
2026-04-13T13:15:39.587+08:00 DEBUG 11836 --- [ai-gateway] [nio-9988-exec-8] o.s.jdbc.core.JdbcTemplate               : Executing prepared SQL statement [select balance from wallets where user_id = ?]
2026-04-13T13:15:39.589+08:00 DEBUG 11836 --- [ai-gateway] [nio-9988-exec-8] o.s.jdbc.core.JdbcTemplate               : Executing prepared SQL update
2026-04-13T13:15:39.590+08:00 DEBUG 11836 --- [ai-gateway] [nio-9988-exec-8] o.s.jdbc.core.JdbcTemplate               : Executing prepared SQL statement [insert into transactions (user_id, wallet_id, order_no, transaction_type, direction, amount,
                          balance_before, balance_after, status, description_text, transaction_date)
values (?, ?, ?, 'CONSUME', 'OUT', ?, ?, ?, 'SUCCESS', ?, curdate())
]
2026-04-13T13:15:39.592+08:00 DEBUG 11836 --- [ai-gateway] [nio-9988-exec-8] o.s.jdbc.core.JdbcTemplate               : Executing prepared SQL update
2026-04-13T13:15:39.593+08:00 DEBUG 11836 --- [ai-gateway] [nio-9988-exec-8] o.s.jdbc.core.JdbcTemplate               : Executing prepared SQL statement [update api_keys
set used_quota = used_quota + ?, updated_at = now()
where id = ?
]
2026-04-13T13:15:39.595+08:00 DEBUG 11836 --- [ai-gateway] [nio-9988-exec-8] o.s.jdbc.core.JdbcTemplate               : Executing prepared SQL update
2026-04-13T13:15:39.595+08:00 DEBUG 11836 --- [ai-gateway] [nio-9988-exec-8] o.s.jdbc.core.JdbcTemplate               : Executing prepared SQL statement [insert into usage_daily (stat_date, user_id, model_code, provider_id, request_count, success_count, total_tokens, user_amount, cost_amount)
values (?, ?, ?, ?, 1, ?, ?, ?, ?)
on duplicate key update
    request_count = request_count + 1,
    success_count = success_count + values(success_count),
    total_tokens = total_tokens + values(total_tokens),
    user_amount = user_amount + values(user_amount),
    cost_amount = cost_amount + values(cost_amount),
    updated_at = now()
]
2026-04-13T13:15:39.599+08:00 DEBUG 11836 --- [ai-gateway] [nio-9988-exec-8] o.s.jdbc.core.JdbcTemplate               : SQLWarning ignored: SQL state 'HY000', error code '1287', message ['VALUES function' is deprecated and will be removed in a future release. Please use an alias (INSERT INTO ... VALUES (...) AS alias) and replace VALUES(col) in the ON DUPLICATE KEY UPDATE clause with alias.col instead]
2026-04-13T13:15:39.600+08:00 DEBUG 11836 --- [ai-gateway] [nio-9988-exec-8] o.s.jdbc.core.JdbcTemplate               : SQLWarning ignored: SQL state 'HY000', error code '1287', message ['VALUES function' is deprecated and will be removed in a future release. Please use an alias (INSERT INTO ... VALUES (...) AS alias) and replace VALUES(col) in the ON DUPLICATE KEY UPDATE clause with alias.col instead]
2026-04-13T13:15:39.601+08:00 DEBUG 11836 --- [ai-gateway] [nio-9988-exec-8] o.s.jdbc.core.JdbcTemplate               : SQLWarning ignored: SQL state 'HY000', error code '1287', message ['VALUES function' is deprecated and will be removed in a future release. Please use an alias (INSERT INTO ... VALUES (...) AS alias) and replace VALUES(col) in the ON DUPLICATE KEY UPDATE clause with alias.col instead]
2026-04-13T13:15:39.601+08:00 DEBUG 11836 --- [ai-gateway] [nio-9988-exec-8] o.s.jdbc.core.JdbcTemplate               : SQLWarning ignored: SQL state 'HY000', error code '1287', message ['VALUES function' is deprecated and will be removed in a future release. Please use an alias (INSERT INTO ... VALUES (...) AS alias) and replace VALUES(col) in the ON DUPLICATE KEY UPDATE clause with alias.col instead]
2026-04-13T13:15:39.603+08:00 DEBUG 11836 --- [ai-gateway] [nio-9988-exec-8] o.s.w.s.m.m.a.HttpEntityMethodProcessor  : Found 'Content-Type:text/event-stream;charset=UTF-8' in response
2026-04-13T13:15:39.604+08:00 DEBUG 11836 --- [ai-gateway] [nio-9988-exec-8] o.s.w.s.m.m.a.HttpEntityMethodProcessor  : Writing ["data: {"type":"response.created","response":{"id":"resp_0fb637cad15152510169dc7bfb9f90819180ade00791 (truncated)..."]
2026-04-13T13:15:39.606+08:00 DEBUG 11836 --- [ai-gateway] [nio-9988-exec-8] o.s.web.servlet.DispatcherServlet        : Completed 200 OK
2026-04-13T13:15:40.661+08:00 DEBUG 11836 --- [ai-gateway] [nio-9988-exec-9] o.s.web.servlet.DispatcherServlet        : POST "/v1/responses", parameters={}
2026-04-13T13:15:40.662+08:00 DEBUG 11836 --- [ai-gateway] [nio-9988-exec-9] s.w.s.m.m.a.RequestMappingHandlerMapping : Mapped to com.zxw.modules.gateway.controller.GatewayChatController#responses(String, String, HttpServletRequest)
2026-04-13T13:15:40.815+08:00 DEBUG 11836 --- [ai-gateway] [nio-9988-exec-9] m.m.a.RequestResponseBodyMethodProcessor : Read "application/json;charset=UTF-8" to ["{"model":"gpt-5.4","instructions":"You are Codex, a coding agent based on GPT-5. You and the user sh (truncated)..."]
2026-04-13T13:15:40.818+08:00 DEBUG 11836 --- [ai-gateway] [nio-9988-exec-9] o.s.jdbc.core.JdbcTemplate               : Executing prepared SQL query
2026-04-13T13:15:40.819+08:00 DEBUG 11836 --- [ai-gateway] [nio-9988-exec-9] o.s.jdbc.core.JdbcTemplate               : Executing prepared SQL statement [select k.id, k.user_id, k.secret_hash, k.status, k.total_quota, k.used_quota, k.expires_at,
       u.username, u.role_code, coalesce(w.balance, 0) as balance
from api_keys k
join users u on u.id = k.user_id and u.deleted = 0
left join wallets w on w.user_id = u.id
where k.access_key = ? and k.deleted = 0
]
2026-04-13T13:15:40.962+08:00 DEBUG 11836 --- [ai-gateway] [nio-9988-exec-9] o.s.jdbc.core.JdbcTemplate               : Executing prepared SQL update
2026-04-13T13:15:40.963+08:00 DEBUG 11836 --- [ai-gateway] [nio-9988-exec-9] o.s.jdbc.core.JdbcTemplate               : Executing prepared SQL statement [update api_keys set last_used_at = now(), updated_at = now() where id = ?]
2026-04-13T13:15:40.971+08:00 DEBUG 11836 --- [ai-gateway] [nio-9988-exec-9] o.s.jdbc.core.JdbcTemplate               : Executing prepared SQL query
2026-04-13T13:15:40.973+08:00 DEBUG 11836 --- [ai-gateway] [nio-9988-exec-9] o.s.jdbc.core.JdbcTemplate               : Executing prepared SQL statement [select m.id as model_id, m.model_code, m.model_name, m.prompt_price, m.completion_price,
       m.request_price, m.multiplier, p.id as provider_id, p.provider_name, p.base_url, p.provider_type,
       p.timeout_ms, r.upstream_model, t.id as provider_token_id, t.token_value_encrypted
from models m
join model_routes r on r.model_id = m.id and r.status = 'ACTIVE'
join providers p on p.id = r.provider_id and p.deleted = 0 and p.status = 'ACTIVE'
join provider_tokens t on t.provider_id = p.id and t.deleted = 0 and t.status = 'ACTIVE'
where m.model_code = ? and m.deleted = 0 and m.status = 'ACTIVE'
order by r.priority_no asc, t.weight_no desc, t.id asc
limit 1
]
2026-04-13T13:15:43.851+08:00 DEBUG 11836 --- [ai-gateway] [nio-9988-exec-9] o.s.jdbc.core.JdbcTemplate               : Executing prepared SQL update
2026-04-13T13:15:43.852+08:00 DEBUG 11836 --- [ai-gateway] [nio-9988-exec-9] o.s.jdbc.core.JdbcTemplate               : Executing prepared SQL statement [insert into request_logs (request_id, user_id, api_key_id, model_code, provider_id, provider_token_id, upstream_model,
                          request_path, request_method, request_ip, request_body_json, response_body_json,
                          prompt_tokens, completion_tokens, total_tokens, user_amount, cost_amount, latency_ms,
                          success, status_code, error_message, request_date, created_at)
values (?, ?, ?, ?, ?, ?, ?, ?, ?, ?, cast(? as json), cast(? as json), ?, ?, ?, ?, ?, ?, ?, ?, ?, ?, now())
]
2026-04-13T13:15:43.856+08:00 DEBUG 11836 --- [ai-gateway] [nio-9988-exec-9] o.s.jdbc.core.StatementCreatorUtils      : JDBC getParameterType call failed - using fallback method instead: java.sql.SQLException: Parameter metadata not available for the given statement
2026-04-13T13:15:43.871+08:00 DEBUG 11836 --- [ai-gateway] [nio-9988-exec-9] o.s.jdbc.core.JdbcTemplate               : Executing prepared SQL update
2026-04-13T13:15:43.873+08:00 DEBUG 11836 --- [ai-gateway] [nio-9988-exec-9] o.s.jdbc.core.JdbcTemplate               : Executing prepared SQL statement [update wallets
set balance = balance - ?, total_consume = total_consume + ?, updated_at = now()
where user_id = ?
]
2026-04-13T13:15:43.878+08:00 DEBUG 11836 --- [ai-gateway] [nio-9988-exec-9] o.s.jdbc.core.JdbcTemplate               : Executing prepared SQL query
2026-04-13T13:15:43.879+08:00 DEBUG 11836 --- [ai-gateway] [nio-9988-exec-9] o.s.jdbc.core.JdbcTemplate               : Executing prepared SQL statement [select id from wallets where user_id = ?]
2026-04-13T13:15:43.882+08:00 DEBUG 11836 --- [ai-gateway] [nio-9988-exec-9] o.s.jdbc.core.JdbcTemplate               : Executing prepared SQL query
2026-04-13T13:15:43.884+08:00 DEBUG 11836 --- [ai-gateway] [nio-9988-exec-9] o.s.jdbc.core.JdbcTemplate               : Executing prepared SQL statement [select balance from wallets where user_id = ?]
2026-04-13T13:15:43.887+08:00 DEBUG 11836 --- [ai-gateway] [nio-9988-exec-9] o.s.jdbc.core.JdbcTemplate               : Executing prepared SQL update
2026-04-13T13:15:43.889+08:00 DEBUG 11836 --- [ai-gateway] [nio-9988-exec-9] o.s.jdbc.core.JdbcTemplate               : Executing prepared SQL statement [insert into transactions (user_id, wallet_id, order_no, transaction_type, direction, amount,
                          balance_before, balance_after, status, description_text, transaction_date)
values (?, ?, ?, 'CONSUME', 'OUT', ?, ?, ?, 'SUCCESS', ?, curdate())
]
2026-04-13T13:15:43.894+08:00 DEBUG 11836 --- [ai-gateway] [nio-9988-exec-9] o.s.jdbc.core.JdbcTemplate               : Executing prepared SQL update
2026-04-13T13:15:43.895+08:00 DEBUG 11836 --- [ai-gateway] [nio-9988-exec-9] o.s.jdbc.core.JdbcTemplate               : Executing prepared SQL statement [update api_keys
set used_quota = used_quota + ?, updated_at = now()
where id = ?
]
2026-04-13T13:15:43.900+08:00 DEBUG 11836 --- [ai-gateway] [nio-9988-exec-9] o.s.jdbc.core.JdbcTemplate               : Executing prepared SQL update
2026-04-13T13:15:43.901+08:00 DEBUG 11836 --- [ai-gateway] [nio-9988-exec-9] o.s.jdbc.core.JdbcTemplate               : Executing prepared SQL statement [insert into usage_daily (stat_date, user_id, model_code, provider_id, request_count, success_count, total_tokens, user_amount, cost_amount)
values (?, ?, ?, ?, 1, ?, ?, ?, ?)
on duplicate key update
    request_count = request_count + 1,
    success_count = success_count + values(success_count),
    total_tokens = total_tokens + values(total_tokens),
    user_amount = user_amount + values(user_amount),
    cost_amount = cost_amount + values(cost_amount),
    updated_at = now()
]
2026-04-13T13:15:43.907+08:00 DEBUG 11836 --- [ai-gateway] [nio-9988-exec-9] o.s.jdbc.core.JdbcTemplate               : SQLWarning ignored: SQL state 'HY000', error code '1287', message ['VALUES function' is deprecated and will be removed in a future release. Please use an alias (INSERT INTO ... VALUES (...) AS alias) and replace VALUES(col) in the ON DUPLICATE KEY UPDATE clause with alias.col instead]
2026-04-13T13:15:43.908+08:00 DEBUG 11836 --- [ai-gateway] [nio-9988-exec-9] o.s.jdbc.core.JdbcTemplate               : SQLWarning ignored: SQL state 'HY000', error code '1287', message ['VALUES function' is deprecated and will be removed in a future release. Please use an alias (INSERT INTO ... VALUES (...) AS alias) and replace VALUES(col) in the ON DUPLICATE KEY UPDATE clause with alias.col instead]
2026-04-13T13:15:43.910+08:00 DEBUG 11836 --- [ai-gateway] [nio-9988-exec-9] o.s.jdbc.core.JdbcTemplate               : SQLWarning ignored: SQL state 'HY000', error code '1287', message ['VALUES function' is deprecated and will be removed in a future release. Please use an alias (INSERT INTO ... VALUES (...) AS alias) and replace VALUES(col) in the ON DUPLICATE KEY UPDATE clause with alias.col instead]
2026-04-13T13:15:43.912+08:00 DEBUG 11836 --- [ai-gateway] [nio-9988-exec-9] o.s.jdbc.core.JdbcTemplate               : SQLWarning ignored: SQL state 'HY000', error code '1287', message ['VALUES function' is deprecated and will be removed in a future release. Please use an alias (INSERT INTO ... VALUES (...) AS alias) and replace VALUES(col) in the ON DUPLICATE KEY UPDATE clause with alias.col instead]
2026-04-13T13:15:43.914+08:00 DEBUG 11836 --- [ai-gateway] [nio-9988-exec-9] o.s.w.s.m.m.a.HttpEntityMethodProcessor  : Found 'Content-Type:text/event-stream;charset=UTF-8' in response
2026-04-13T13:15:43.914+08:00 DEBUG 11836 --- [ai-gateway] [nio-9988-exec-9] o.s.w.s.m.m.a.HttpEntityMethodProcessor  : Writing ["data: {"type":"response.created","response":{"id":"resp_0af29336c31057f20169dc7bff20688191926dfcf4be (truncated)..."]
2026-04-13T13:15:43.916+08:00 DEBUG 11836 --- [ai-gateway] [nio-9988-exec-9] o.s.web.servlet.DispatcherServlet        : Completed 200 OK
2026-04-13T13:15:45.776+08:00 DEBUG 11836 --- [ai-gateway] [nio-9988-exec-5] o.s.web.servlet.DispatcherServlet        : POST "/v1/responses", parameters={}
2026-04-13T13:15:45.779+08:00 DEBUG 11836 --- [ai-gateway] [nio-9988-exec-5] s.w.s.m.m.a.RequestMappingHandlerMapping : Mapped to com.zxw.modules.gateway.controller.GatewayChatController#responses(String, String, HttpServletRequest)
2026-04-13T13:15:46.771+08:00 DEBUG 11836 --- [ai-gateway] [nio-9988-exec-5] m.m.a.RequestResponseBodyMethodProcessor : Read "application/json;charset=UTF-8" to ["{"model":"gpt-5.4","instructions":"You are Codex, a coding agent based on GPT-5. You and the user sh (truncated)..."]
2026-04-13T13:15:46.773+08:00 DEBUG 11836 --- [ai-gateway] [nio-9988-exec-5] o.s.jdbc.core.JdbcTemplate               : Executing prepared SQL query
2026-04-13T13:15:46.774+08:00 DEBUG 11836 --- [ai-gateway] [nio-9988-exec-5] o.s.jdbc.core.JdbcTemplate               : Executing prepared SQL statement [select k.id, k.user_id, k.secret_hash, k.status, k.total_quota, k.used_quota, k.expires_at,
       u.username, u.role_code, coalesce(w.balance, 0) as balance
from api_keys k
join users u on u.id = k.user_id and u.deleted = 0
left join wallets w on w.user_id = u.id
where k.access_key = ? and k.deleted = 0
]
2026-04-13T13:15:46.915+08:00 DEBUG 11836 --- [ai-gateway] [nio-9988-exec-5] o.s.jdbc.core.JdbcTemplate               : Executing prepared SQL update
2026-04-13T13:15:46.917+08:00 DEBUG 11836 --- [ai-gateway] [nio-9988-exec-5] o.s.jdbc.core.JdbcTemplate               : Executing prepared SQL statement [update api_keys set last_used_at = now(), updated_at = now() where id = ?]
2026-04-13T13:15:46.925+08:00 DEBUG 11836 --- [ai-gateway] [nio-9988-exec-5] o.s.jdbc.core.JdbcTemplate               : Executing prepared SQL query
2026-04-13T13:15:46.926+08:00 DEBUG 11836 --- [ai-gateway] [nio-9988-exec-5] o.s.jdbc.core.JdbcTemplate               : Executing prepared SQL statement [select m.id as model_id, m.model_code, m.model_name, m.prompt_price, m.completion_price,
       m.request_price, m.multiplier, p.id as provider_id, p.provider_name, p.base_url, p.provider_type,
       p.timeout_ms, r.upstream_model, t.id as provider_token_id, t.token_value_encrypted
from models m
join model_routes r on r.model_id = m.id and r.status = 'ACTIVE'
join providers p on p.id = r.provider_id and p.deleted = 0 and p.status = 'ACTIVE'
join provider_tokens t on t.provider_id = p.id and t.deleted = 0 and t.status = 'ACTIVE'
where m.model_code = ? and m.deleted = 0 and m.status = 'ACTIVE'
order by r.priority_no asc, t.weight_no desc, t.id asc
limit 1
]
2026-04-13T13:15:49.488+08:00 DEBUG 11836 --- [ai-gateway] [nio-9988-exec-5] o.s.jdbc.core.JdbcTemplate               : Executing prepared SQL update
2026-04-13T13:15:49.489+08:00 DEBUG 11836 --- [ai-gateway] [nio-9988-exec-5] o.s.jdbc.core.JdbcTemplate               : Executing prepared SQL statement [insert into request_logs (request_id, user_id, api_key_id, model_code, provider_id, provider_token_id, upstream_model,
                          request_path, request_method, request_ip, request_body_json, response_body_json,
                          prompt_tokens, completion_tokens, total_tokens, user_amount, cost_amount, latency_ms,
                          success, status_code, error_message, request_date, created_at)
values (?, ?, ?, ?, ?, ?, ?, ?, ?, ?, cast(? as json), cast(? as json), ?, ?, ?, ?, ?, ?, ?, ?, ?, ?, now())
]
2026-04-13T13:15:49.494+08:00 DEBUG 11836 --- [ai-gateway] [nio-9988-exec-5] o.s.jdbc.core.StatementCreatorUtils      : JDBC getParameterType call failed - using fallback method instead: java.sql.SQLException: Parameter metadata not available for the given statement
2026-04-13T13:15:49.507+08:00 DEBUG 11836 --- [ai-gateway] [nio-9988-exec-5] o.s.jdbc.core.JdbcTemplate               : Executing prepared SQL update
2026-04-13T13:15:49.508+08:00 DEBUG 11836 --- [ai-gateway] [nio-9988-exec-5] o.s.jdbc.core.JdbcTemplate               : Executing prepared SQL statement [update wallets
set balance = balance - ?, total_consume = total_consume + ?, updated_at = now()
where user_id = ?
]
2026-04-13T13:15:49.511+08:00 DEBUG 11836 --- [ai-gateway] [nio-9988-exec-5] o.s.jdbc.core.JdbcTemplate               : Executing prepared SQL query
2026-04-13T13:15:49.512+08:00 DEBUG 11836 --- [ai-gateway] [nio-9988-exec-5] o.s.jdbc.core.JdbcTemplate               : Executing prepared SQL statement [select id from wallets where user_id = ?]
2026-04-13T13:15:49.514+08:00 DEBUG 11836 --- [ai-gateway] [nio-9988-exec-5] o.s.jdbc.core.JdbcTemplate               : Executing prepared SQL query
2026-04-13T13:15:49.515+08:00 DEBUG 11836 --- [ai-gateway] [nio-9988-exec-5] o.s.jdbc.core.JdbcTemplate               : Executing prepared SQL statement [select balance from wallets where user_id = ?]
2026-04-13T13:15:49.516+08:00 DEBUG 11836 --- [ai-gateway] [nio-9988-exec-5] o.s.jdbc.core.JdbcTemplate               : Executing prepared SQL update
2026-04-13T13:15:49.517+08:00 DEBUG 11836 --- [ai-gateway] [nio-9988-exec-5] o.s.jdbc.core.JdbcTemplate               : Executing prepared SQL statement [insert into transactions (user_id, wallet_id, order_no, transaction_type, direction, amount,
                          balance_before, balance_after, status, description_text, transaction_date)
values (?, ?, ?, 'CONSUME', 'OUT', ?, ?, ?, 'SUCCESS', ?, curdate())
]
2026-04-13T13:15:49.521+08:00 DEBUG 11836 --- [ai-gateway] [nio-9988-exec-5] o.s.jdbc.core.JdbcTemplate               : Executing prepared SQL update
2026-04-13T13:15:49.522+08:00 DEBUG 11836 --- [ai-gateway] [nio-9988-exec-5] o.s.jdbc.core.JdbcTemplate               : Executing prepared SQL statement [update api_keys
set used_quota = used_quota + ?, updated_at = now()
where id = ?
]
2026-04-13T13:15:49.525+08:00 DEBUG 11836 --- [ai-gateway] [nio-9988-exec-5] o.s.jdbc.core.JdbcTemplate               : Executing prepared SQL update
2026-04-13T13:15:49.526+08:00 DEBUG 11836 --- [ai-gateway] [nio-9988-exec-5] o.s.jdbc.core.JdbcTemplate               : Executing prepared SQL statement [insert into usage_daily (stat_date, user_id, model_code, provider_id, request_count, success_count, total_tokens, user_amount, cost_amount)
values (?, ?, ?, ?, 1, ?, ?, ?, ?)
on duplicate key update
    request_count = request_count + 1,
    success_count = success_count + values(success_count),
    total_tokens = total_tokens + values(total_tokens),
    user_amount = user_amount + values(user_amount),
    cost_amount = cost_amount + values(cost_amount),
    updated_at = now()
]
2026-04-13T13:15:49.528+08:00 DEBUG 11836 --- [ai-gateway] [nio-9988-exec-5] o.s.jdbc.core.JdbcTemplate               : SQLWarning ignored: SQL state 'HY000', error code '1287', message ['VALUES function' is deprecated and will be removed in a future release. Please use an alias (INSERT INTO ... VALUES (...) AS alias) and replace VALUES(col) in the ON DUPLICATE KEY UPDATE clause with alias.col instead]
2026-04-13T13:15:49.529+08:00 DEBUG 11836 --- [ai-gateway] [nio-9988-exec-5] o.s.jdbc.core.JdbcTemplate               : SQLWarning ignored: SQL state 'HY000', error code '1287', message ['VALUES function' is deprecated and will be removed in a future release. Please use an alias (INSERT INTO ... VALUES (...) AS alias) and replace VALUES(col) in the ON DUPLICATE KEY UPDATE clause with alias.col instead]
2026-04-13T13:15:49.531+08:00 DEBUG 11836 --- [ai-gateway] [nio-9988-exec-5] o.s.jdbc.core.JdbcTemplate               : SQLWarning ignored: SQL state 'HY000', error code '1287', message ['VALUES function' is deprecated and will be removed in a future release. Please use an alias (INSERT INTO ... VALUES (...) AS alias) and replace VALUES(col) in the ON DUPLICATE KEY UPDATE clause with alias.col instead]
2026-04-13T13:15:49.531+08:00 DEBUG 11836 --- [ai-gateway] [nio-9988-exec-5] o.s.jdbc.core.JdbcTemplate               : SQLWarning ignored: SQL state 'HY000', error code '1287', message ['VALUES function' is deprecated and will be removed in a future release. Please use an alias (INSERT INTO ... VALUES (...) AS alias) and replace VALUES(col) in the ON DUPLICATE KEY UPDATE clause with alias.col instead]
2026-04-13T13:15:49.532+08:00 DEBUG 11836 --- [ai-gateway] [nio-9988-exec-5] o.s.w.s.m.m.a.HttpEntityMethodProcessor  : Found 'Content-Type:text/event-stream;charset=UTF-8' in response
2026-04-13T13:15:49.533+08:00 DEBUG 11836 --- [ai-gateway] [nio-9988-exec-5] o.s.w.s.m.m.a.HttpEntityMethodProcessor  : Writing ["data: {"type":"response.created","response":{"id":"resp_006612865b2abe840169dc7c058a9c81919c0785a493 (truncated)..."]
2026-04-13T13:15:49.535+08:00 DEBUG 11836 --- [ai-gateway] [nio-9988-exec-5] o.s.web.servlet.DispatcherServlet        : Completed 200 OK
2026-04-13T13:15:50.211+08:00 DEBUG 11836 --- [ai-gateway] [nio-9988-exec-4] o.s.web.servlet.DispatcherServlet        : POST "/v1/responses", parameters={}
2026-04-13T13:15:50.212+08:00 DEBUG 11836 --- [ai-gateway] [nio-9988-exec-4] s.w.s.m.m.a.RequestMappingHandlerMapping : Mapped to com.zxw.modules.gateway.controller.GatewayChatController#responses(String, String, HttpServletRequest)
2026-04-13T13:15:50.390+08:00 DEBUG 11836 --- [ai-gateway] [nio-9988-exec-4] m.m.a.RequestResponseBodyMethodProcessor : Read "application/json;charset=UTF-8" to ["{"model":"gpt-5.4","instructions":"You are Codex, a coding agent based on GPT-5. You and the user sh (truncated)..."]
2026-04-13T13:15:50.392+08:00 DEBUG 11836 --- [ai-gateway] [nio-9988-exec-4] o.s.jdbc.core.JdbcTemplate               : Executing prepared SQL query
2026-04-13T13:15:50.393+08:00 DEBUG 11836 --- [ai-gateway] [nio-9988-exec-4] o.s.jdbc.core.JdbcTemplate               : Executing prepared SQL statement [select k.id, k.user_id, k.secret_hash, k.status, k.total_quota, k.used_quota, k.expires_at,
       u.username, u.role_code, coalesce(w.balance, 0) as balance
from api_keys k
join users u on u.id = k.user_id and u.deleted = 0
left join wallets w on w.user_id = u.id
where k.access_key = ? and k.deleted = 0
]
2026-04-13T13:15:50.530+08:00 DEBUG 11836 --- [ai-gateway] [nio-9988-exec-4] o.s.jdbc.core.JdbcTemplate               : Executing prepared SQL update
2026-04-13T13:15:50.533+08:00 DEBUG 11836 --- [ai-gateway] [nio-9988-exec-4] o.s.jdbc.core.JdbcTemplate               : Executing prepared SQL statement [update api_keys set last_used_at = now(), updated_at = now() where id = ?]
2026-04-13T13:15:50.541+08:00 DEBUG 11836 --- [ai-gateway] [nio-9988-exec-4] o.s.jdbc.core.JdbcTemplate               : Executing prepared SQL query
2026-04-13T13:15:50.543+08:00 DEBUG 11836 --- [ai-gateway] [nio-9988-exec-4] o.s.jdbc.core.JdbcTemplate               : Executing prepared SQL statement [select m.id as model_id, m.model_code, m.model_name, m.prompt_price, m.completion_price,
       m.request_price, m.multiplier, p.id as provider_id, p.provider_name, p.base_url, p.provider_type,
       p.timeout_ms, r.upstream_model, t.id as provider_token_id, t.token_value_encrypted
from models m
join model_routes r on r.model_id = m.id and r.status = 'ACTIVE'
join providers p on p.id = r.provider_id and p.deleted = 0 and p.status = 'ACTIVE'
join provider_tokens t on t.provider_id = p.id and t.deleted = 0 and t.status = 'ACTIVE'
where m.model_code = ? and m.deleted = 0 and m.status = 'ACTIVE'
order by r.priority_no asc, t.weight_no desc, t.id asc
limit 1
]
2026-04-13T13:15:53.269+08:00 DEBUG 11836 --- [ai-gateway] [nio-9988-exec-4] o.s.jdbc.core.JdbcTemplate               : Executing prepared SQL update
2026-04-13T13:15:53.271+08:00 DEBUG 11836 --- [ai-gateway] [nio-9988-exec-4] o.s.jdbc.core.JdbcTemplate               : Executing prepared SQL statement [insert into request_logs (request_id, user_id, api_key_id, model_code, provider_id, provider_token_id, upstream_model,
                          request_path, request_method, request_ip, request_body_json, response_body_json,
                          prompt_tokens, completion_tokens, total_tokens, user_amount, cost_amount, latency_ms,
                          success, status_code, error_message, request_date, created_at)
values (?, ?, ?, ?, ?, ?, ?, ?, ?, ?, cast(? as json), cast(? as json), ?, ?, ?, ?, ?, ?, ?, ?, ?, ?, now())
]
2026-04-13T13:15:53.275+08:00 DEBUG 11836 --- [ai-gateway] [nio-9988-exec-4] o.s.jdbc.core.StatementCreatorUtils      : JDBC getParameterType call failed - using fallback method instead: java.sql.SQLException: Parameter metadata not available for the given statement
2026-04-13T13:15:53.291+08:00 DEBUG 11836 --- [ai-gateway] [nio-9988-exec-4] o.s.jdbc.core.JdbcTemplate               : Executing prepared SQL update
2026-04-13T13:15:53.292+08:00 DEBUG 11836 --- [ai-gateway] [nio-9988-exec-4] o.s.jdbc.core.JdbcTemplate               : Executing prepared SQL statement [update wallets
set balance = balance - ?, total_consume = total_consume + ?, updated_at = now()
where user_id = ?
]
2026-04-13T13:15:53.297+08:00 DEBUG 11836 --- [ai-gateway] [nio-9988-exec-4] o.s.jdbc.core.JdbcTemplate               : Executing prepared SQL query
2026-04-13T13:15:53.298+08:00 DEBUG 11836 --- [ai-gateway] [nio-9988-exec-4] o.s.jdbc.core.JdbcTemplate               : Executing prepared SQL statement [select id from wallets where user_id = ?]
2026-04-13T13:15:53.301+08:00 DEBUG 11836 --- [ai-gateway] [nio-9988-exec-4] o.s.jdbc.core.JdbcTemplate               : Executing prepared SQL query
2026-04-13T13:15:53.303+08:00 DEBUG 11836 --- [ai-gateway] [nio-9988-exec-4] o.s.jdbc.core.JdbcTemplate               : Executing prepared SQL statement [select balance from wallets where user_id = ?]
2026-04-13T13:15:53.306+08:00 DEBUG 11836 --- [ai-gateway] [nio-9988-exec-4] o.s.jdbc.core.JdbcTemplate               : Executing prepared SQL update
2026-04-13T13:15:53.307+08:00 DEBUG 11836 --- [ai-gateway] [nio-9988-exec-4] o.s.jdbc.core.JdbcTemplate               : Executing prepared SQL statement [insert into transactions (user_id, wallet_id, order_no, transaction_type, direction, amount,
                          balance_before, balance_after, status, description_text, transaction_date)
values (?, ?, ?, 'CONSUME', 'OUT', ?, ?, ?, 'SUCCESS', ?, curdate())
]
2026-04-13T13:15:53.313+08:00 DEBUG 11836 --- [ai-gateway] [nio-9988-exec-4] o.s.jdbc.core.JdbcTemplate               : Executing prepared SQL update
2026-04-13T13:15:53.314+08:00 DEBUG 11836 --- [ai-gateway] [nio-9988-exec-4] o.s.jdbc.core.JdbcTemplate               : Executing prepared SQL statement [update api_keys
set used_quota = used_quota + ?, updated_at = now()
where id = ?
]
2026-04-13T13:15:53.319+08:00 DEBUG 11836 --- [ai-gateway] [nio-9988-exec-4] o.s.jdbc.core.JdbcTemplate               : Executing prepared SQL update
2026-04-13T13:15:53.321+08:00 DEBUG 11836 --- [ai-gateway] [nio-9988-exec-4] o.s.jdbc.core.JdbcTemplate               : Executing prepared SQL statement [insert into usage_daily (stat_date, user_id, model_code, provider_id, request_count, success_count, total_tokens, user_amount, cost_amount)
values (?, ?, ?, ?, 1, ?, ?, ?, ?)
on duplicate key update
    request_count = request_count + 1,
    success_count = success_count + values(success_count),
    total_tokens = total_tokens + values(total_tokens),
    user_amount = user_amount + values(user_amount),
    cost_amount = cost_amount + values(cost_amount),
    updated_at = now()
]
2026-04-13T13:15:53.331+08:00 DEBUG 11836 --- [ai-gateway] [nio-9988-exec-4] o.s.jdbc.core.JdbcTemplate               : SQLWarning ignored: SQL state 'HY000', error code '1287', message ['VALUES function' is deprecated and will be removed in a future release. Please use an alias (INSERT INTO ... VALUES (...) AS alias) and replace VALUES(col) in the ON DUPLICATE KEY UPDATE clause with alias.col instead]
2026-04-13T13:15:53.333+08:00 DEBUG 11836 --- [ai-gateway] [nio-9988-exec-4] o.s.jdbc.core.JdbcTemplate               : SQLWarning ignored: SQL state 'HY000', error code '1287', message ['VALUES function' is deprecated and will be removed in a future release. Please use an alias (INSERT INTO ... VALUES (...) AS alias) and replace VALUES(col) in the ON DUPLICATE KEY UPDATE clause with alias.col instead]
2026-04-13T13:15:53.333+08:00 DEBUG 11836 --- [ai-gateway] [nio-9988-exec-4] o.s.jdbc.core.JdbcTemplate               : SQLWarning ignored: SQL state 'HY000', error code '1287', message ['VALUES function' is deprecated and will be removed in a future release. Please use an alias (INSERT INTO ... VALUES (...) AS alias) and replace VALUES(col) in the ON DUPLICATE KEY UPDATE clause with alias.col instead]
2026-04-13T13:15:53.334+08:00 DEBUG 11836 --- [ai-gateway] [nio-9988-exec-4] o.s.jdbc.core.JdbcTemplate               : SQLWarning ignored: SQL state 'HY000', error code '1287', message ['VALUES function' is deprecated and will be removed in a future release. Please use an alias (INSERT INTO ... VALUES (...) AS alias) and replace VALUES(col) in the ON DUPLICATE KEY UPDATE clause with alias.col instead]
2026-04-13T13:15:53.337+08:00 DEBUG 11836 --- [ai-gateway] [nio-9988-exec-4] o.s.w.s.m.m.a.HttpEntityMethodProcessor  : Found 'Content-Type:text/event-stream;charset=UTF-8' in response
2026-04-13T13:15:53.338+08:00 DEBUG 11836 --- [ai-gateway] [nio-9988-exec-4] o.s.w.s.m.m.a.HttpEntityMethodProcessor  : Writing ["data: {"type":"response.created","response":{"id":"resp_07422fd68f1569ba0169dc7c08c1ac8191bce4ecf610 (truncated)..."]
2026-04-13T13:15:53.341+08:00 DEBUG 11836 --- [ai-gateway] [nio-9988-exec-4] o.s.web.servlet.DispatcherServlet        : Completed 200 OK
2026-04-13T13:17:41.987+08:00 DEBUG 11836 --- [ai-gateway] [nio-9988-exec-1] o.s.web.servlet.DispatcherServlet        : POST "/v1/responses", parameters={}
2026-04-13T13:17:42.051+08:00 DEBUG 11836 --- [ai-gateway] [nio-9988-exec-1] s.w.s.m.m.a.RequestMappingHandlerMapping : Mapped to com.zxw.modules.gateway.controller.GatewayChatController#responses(String, String, HttpServletRequest)
2026-04-13T13:17:42.357+08:00 DEBUG 11836 --- [ai-gateway] [nio-9988-exec-1] m.m.a.RequestResponseBodyMethodProcessor : Read "application/json;charset=UTF-8" to ["{"model":"gpt-5.4","instructions":"You are Codex, a coding agent based on GPT-5. You and the user sh (truncated)..."]
2026-04-13T13:17:42.359+08:00 DEBUG 11836 --- [ai-gateway] [nio-9988-exec-1] o.s.jdbc.core.JdbcTemplate               : Executing prepared SQL query
2026-04-13T13:17:42.359+08:00 DEBUG 11836 --- [ai-gateway] [nio-9988-exec-1] o.s.jdbc.core.JdbcTemplate               : Executing prepared SQL statement [select k.id, k.user_id, k.secret_hash, k.status, k.total_quota, k.used_quota, k.expires_at,
       u.username, u.role_code, coalesce(w.balance, 0) as balance
from api_keys k
join users u on u.id = k.user_id and u.deleted = 0
left join wallets w on w.user_id = u.id
where k.access_key = ? and k.deleted = 0
]
2026-04-13T13:17:42.459+08:00 DEBUG 11836 --- [ai-gateway] [nio-9988-exec-1] o.s.jdbc.core.JdbcTemplate               : Executing prepared SQL update
2026-04-13T13:17:42.468+08:00 DEBUG 11836 --- [ai-gateway] [nio-9988-exec-1] o.s.jdbc.core.JdbcTemplate               : Executing prepared SQL statement [update api_keys set last_used_at = now(), updated_at = now() where id = ?]
2026-04-13T13:17:42.473+08:00 DEBUG 11836 --- [ai-gateway] [nio-9988-exec-1] o.s.jdbc.core.JdbcTemplate               : Executing prepared SQL query
2026-04-13T13:17:42.474+08:00 DEBUG 11836 --- [ai-gateway] [nio-9988-exec-1] o.s.jdbc.core.JdbcTemplate               : Executing prepared SQL statement [select m.id as model_id, m.model_code, m.model_name, m.prompt_price, m.completion_price,
       m.request_price, m.multiplier, p.id as provider_id, p.provider_name, p.base_url, p.provider_type,
       p.timeout_ms, r.upstream_model, t.id as provider_token_id, t.token_value_encrypted
from models m
join model_routes r on r.model_id = m.id and r.status = 'ACTIVE'
join providers p on p.id = r.provider_id and p.deleted = 0 and p.status = 'ACTIVE'
join provider_tokens t on t.provider_id = p.id and t.deleted = 0 and t.status = 'ACTIVE'
where m.model_code = ? and m.deleted = 0 and m.status = 'ACTIVE'
order by r.priority_no asc, t.weight_no desc, t.id asc
limit 1
]
2026-04-13T13:17:52.787+08:00 DEBUG 11836 --- [ai-gateway] [nio-9988-exec-1] o.s.jdbc.core.JdbcTemplate               : Executing prepared SQL update
2026-04-13T13:17:52.788+08:00 DEBUG 11836 --- [ai-gateway] [nio-9988-exec-1] o.s.jdbc.core.JdbcTemplate               : Executing prepared SQL statement [insert into request_logs (request_id, user_id, api_key_id, model_code, provider_id, provider_token_id, upstream_model,
                          request_path, request_method, request_ip, request_body_json, response_body_json,
                          prompt_tokens, completion_tokens, total_tokens, user_amount, cost_amount, latency_ms,
                          success, status_code, error_message, request_date, created_at)
values (?, ?, ?, ?, ?, ?, ?, ?, ?, ?, cast(? as json), cast(? as json), ?, ?, ?, ?, ?, ?, ?, ?, ?, ?, now())
]
2026-04-13T13:17:52.789+08:00 DEBUG 11836 --- [ai-gateway] [nio-9988-exec-1] o.s.jdbc.core.StatementCreatorUtils      : JDBC getParameterType call failed - using fallback method instead: java.sql.SQLException: Parameter metadata not available for the given statement
2026-04-13T13:17:52.804+08:00 DEBUG 11836 --- [ai-gateway] [nio-9988-exec-1] o.s.jdbc.core.JdbcTemplate               : Executing prepared SQL update
2026-04-13T13:17:52.805+08:00 DEBUG 11836 --- [ai-gateway] [nio-9988-exec-1] o.s.jdbc.core.JdbcTemplate               : Executing prepared SQL statement [update wallets
set balance = balance - ?, total_consume = total_consume + ?, updated_at = now()
where user_id = ?
]
2026-04-13T13:17:52.807+08:00 DEBUG 11836 --- [ai-gateway] [nio-9988-exec-1] o.s.jdbc.core.JdbcTemplate               : Executing prepared SQL query
2026-04-13T13:17:52.809+08:00 DEBUG 11836 --- [ai-gateway] [nio-9988-exec-1] o.s.jdbc.core.JdbcTemplate               : Executing prepared SQL statement [select id from wallets where user_id = ?]
2026-04-13T13:17:52.810+08:00 DEBUG 11836 --- [ai-gateway] [nio-9988-exec-1] o.s.jdbc.core.JdbcTemplate               : Executing prepared SQL query
2026-04-13T13:17:52.811+08:00 DEBUG 11836 --- [ai-gateway] [nio-9988-exec-1] o.s.jdbc.core.JdbcTemplate               : Executing prepared SQL statement [select balance from wallets where user_id = ?]
2026-04-13T13:17:52.812+08:00 DEBUG 11836 --- [ai-gateway] [nio-9988-exec-1] o.s.jdbc.core.JdbcTemplate               : Executing prepared SQL update
2026-04-13T13:17:52.813+08:00 DEBUG 11836 --- [ai-gateway] [nio-9988-exec-1] o.s.jdbc.core.JdbcTemplate               : Executing prepared SQL statement [insert into transactions (user_id, wallet_id, order_no, transaction_type, direction, amount,
                          balance_before, balance_after, status, description_text, transaction_date)
values (?, ?, ?, 'CONSUME', 'OUT', ?, ?, ?, 'SUCCESS', ?, curdate())
]
2026-04-13T13:17:52.816+08:00 DEBUG 11836 --- [ai-gateway] [nio-9988-exec-1] o.s.jdbc.core.JdbcTemplate               : Executing prepared SQL update
2026-04-13T13:17:52.817+08:00 DEBUG 11836 --- [ai-gateway] [nio-9988-exec-1] o.s.jdbc.core.JdbcTemplate               : Executing prepared SQL statement [update api_keys
set used_quota = used_quota + ?, updated_at = now()
where id = ?
]
2026-04-13T13:17:52.819+08:00 DEBUG 11836 --- [ai-gateway] [nio-9988-exec-1] o.s.jdbc.core.JdbcTemplate               : Executing prepared SQL update
2026-04-13T13:17:52.821+08:00 DEBUG 11836 --- [ai-gateway] [nio-9988-exec-1] o.s.jdbc.core.JdbcTemplate               : Executing prepared SQL statement [insert into usage_daily (stat_date, user_id, model_code, provider_id, request_count, success_count, total_tokens, user_amount, cost_amount)
values (?, ?, ?, ?, 1, ?, ?, ?, ?)
on duplicate key update
    request_count = request_count + 1,
    success_count = success_count + values(success_count),
    total_tokens = total_tokens + values(total_tokens),
    user_amount = user_amount + values(user_amount),
    cost_amount = cost_amount + values(cost_amount),
    updated_at = now()
]
2026-04-13T13:17:52.825+08:00 DEBUG 11836 --- [ai-gateway] [nio-9988-exec-1] o.s.jdbc.core.JdbcTemplate               : SQLWarning ignored: SQL state 'HY000', error code '1287', message ['VALUES function' is deprecated and will be removed in a future release. Please use an alias (INSERT INTO ... VALUES (...) AS alias) and replace VALUES(col) in the ON DUPLICATE KEY UPDATE clause with alias.col instead]
2026-04-13T13:17:52.826+08:00 DEBUG 11836 --- [ai-gateway] [nio-9988-exec-1] o.s.jdbc.core.JdbcTemplate               : SQLWarning ignored: SQL state 'HY000', error code '1287', message ['VALUES function' is deprecated and will be removed in a future release. Please use an alias (INSERT INTO ... VALUES (...) AS alias) and replace VALUES(col) in the ON DUPLICATE KEY UPDATE clause with alias.col instead]
2026-04-13T13:17:52.827+08:00 DEBUG 11836 --- [ai-gateway] [nio-9988-exec-1] o.s.jdbc.core.JdbcTemplate               : SQLWarning ignored: SQL state 'HY000', error code '1287', message ['VALUES function' is deprecated and will be removed in a future release. Please use an alias (INSERT INTO ... VALUES (...) AS alias) and replace VALUES(col) in the ON DUPLICATE KEY UPDATE clause with alias.col instead]
2026-04-13T13:17:52.827+08:00 DEBUG 11836 --- [ai-gateway] [nio-9988-exec-1] o.s.jdbc.core.JdbcTemplate               : SQLWarning ignored: SQL state 'HY000', error code '1287', message ['VALUES function' is deprecated and will be removed in a future release. Please use an alias (INSERT INTO ... VALUES (...) AS alias) and replace VALUES(col) in the ON DUPLICATE KEY UPDATE clause with alias.col instead]
2026-04-13T13:17:52.828+08:00 DEBUG 11836 --- [ai-gateway] [nio-9988-exec-1] o.s.w.s.m.m.a.HttpEntityMethodProcessor  : Found 'Content-Type:text/event-stream;charset=UTF-8' in response
2026-04-13T13:17:52.829+08:00 DEBUG 11836 --- [ai-gateway] [nio-9988-exec-1] o.s.w.s.m.m.a.HttpEntityMethodProcessor  : Writing ["data: {"type":"response.created","response":{"id":"resp_06f71a85d02d6dcb0169dc7c78b85881918a49a060f0 (truncated)..."]
2026-04-13T13:17:52.829+08:00 DEBUG 11836 --- [ai-gateway] [nio-9988-exec-1] o.s.web.servlet.DispatcherServlet        : Completed 200 OK
2026-04-13T13:17:54.080+08:00 DEBUG 11836 --- [ai-gateway] [nio-9988-exec-8] o.s.web.servlet.DispatcherServlet        : POST "/v1/responses", parameters={}
2026-04-13T13:17:54.081+08:00 DEBUG 11836 --- [ai-gateway] [nio-9988-exec-8] s.w.s.m.m.a.RequestMappingHandlerMapping : Mapped to com.zxw.modules.gateway.controller.GatewayChatController#responses(String, String, HttpServletRequest)
2026-04-13T13:17:54.467+08:00 DEBUG 11836 --- [ai-gateway] [nio-9988-exec-8] m.m.a.RequestResponseBodyMethodProcessor : Read "application/json;charset=UTF-8" to ["{"model":"gpt-5.4","instructions":"You are Codex, a coding agent based on GPT-5. You and the user sh (truncated)..."]
2026-04-13T13:17:54.469+08:00 DEBUG 11836 --- [ai-gateway] [nio-9988-exec-8] o.s.jdbc.core.JdbcTemplate               : Executing prepared SQL query
2026-04-13T13:17:54.469+08:00 DEBUG 11836 --- [ai-gateway] [nio-9988-exec-8] o.s.jdbc.core.JdbcTemplate               : Executing prepared SQL statement [select k.id, k.user_id, k.secret_hash, k.status, k.total_quota, k.used_quota, k.expires_at,
       u.username, u.role_code, coalesce(w.balance, 0) as balance
from api_keys k
join users u on u.id = k.user_id and u.deleted = 0
left join wallets w on w.user_id = u.id
where k.access_key = ? and k.deleted = 0
]
2026-04-13T13:17:54.554+08:00 DEBUG 11836 --- [ai-gateway] [nio-9988-exec-8] o.s.jdbc.core.JdbcTemplate               : Executing prepared SQL update
2026-04-13T13:17:54.555+08:00 DEBUG 11836 --- [ai-gateway] [nio-9988-exec-8] o.s.jdbc.core.JdbcTemplate               : Executing prepared SQL statement [update api_keys set last_used_at = now(), updated_at = now() where id = ?]
2026-04-13T13:17:54.561+08:00 DEBUG 11836 --- [ai-gateway] [nio-9988-exec-8] o.s.jdbc.core.JdbcTemplate               : Executing prepared SQL query
2026-04-13T13:17:54.562+08:00 DEBUG 11836 --- [ai-gateway] [nio-9988-exec-8] o.s.jdbc.core.JdbcTemplate               : Executing prepared SQL statement [select m.id as model_id, m.model_code, m.model_name, m.prompt_price, m.completion_price,
       m.request_price, m.multiplier, p.id as provider_id, p.provider_name, p.base_url, p.provider_type,
       p.timeout_ms, r.upstream_model, t.id as provider_token_id, t.token_value_encrypted
from models m
join model_routes r on r.model_id = m.id and r.status = 'ACTIVE'
join providers p on p.id = r.provider_id and p.deleted = 0 and p.status = 'ACTIVE'
join provider_tokens t on t.provider_id = p.id and t.deleted = 0 and t.status = 'ACTIVE'
where m.model_code = ? and m.deleted = 0 and m.status = 'ACTIVE'
order by r.priority_no asc, t.weight_no desc, t.id asc
limit 1
]
2026-04-13T13:17:57.109+08:00 DEBUG 11836 --- [ai-gateway] [nio-9988-exec-8] o.s.jdbc.core.JdbcTemplate               : Executing prepared SQL update
2026-04-13T13:17:57.110+08:00 DEBUG 11836 --- [ai-gateway] [nio-9988-exec-8] o.s.jdbc.core.JdbcTemplate               : Executing prepared SQL statement [insert into request_logs (request_id, user_id, api_key_id, model_code, provider_id, provider_token_id, upstream_model,
                          request_path, request_method, request_ip, request_body_json, response_body_json,
                          prompt_tokens, completion_tokens, total_tokens, user_amount, cost_amount, latency_ms,
                          success, status_code, error_message, request_date, created_at)
values (?, ?, ?, ?, ?, ?, ?, ?, ?, ?, cast(? as json), cast(? as json), ?, ?, ?, ?, ?, ?, ?, ?, ?, ?, now())
]
2026-04-13T13:17:57.112+08:00 DEBUG 11836 --- [ai-gateway] [nio-9988-exec-8] o.s.jdbc.core.StatementCreatorUtils      : JDBC getParameterType call failed - using fallback method instead: java.sql.SQLException: Parameter metadata not available for the given statement
2026-04-13T13:17:57.126+08:00 DEBUG 11836 --- [ai-gateway] [nio-9988-exec-8] o.s.jdbc.core.JdbcTemplate               : Executing prepared SQL update
2026-04-13T13:17:57.127+08:00 DEBUG 11836 --- [ai-gateway] [nio-9988-exec-8] o.s.jdbc.core.JdbcTemplate               : Executing prepared SQL statement [update wallets
set balance = balance - ?, total_consume = total_consume + ?, updated_at = now()
where user_id = ?
]
2026-04-13T13:17:57.130+08:00 DEBUG 11836 --- [ai-gateway] [nio-9988-exec-8] o.s.jdbc.core.JdbcTemplate               : Executing prepared SQL query
2026-04-13T13:17:57.131+08:00 DEBUG 11836 --- [ai-gateway] [nio-9988-exec-8] o.s.jdbc.core.JdbcTemplate               : Executing prepared SQL statement [select id from wallets where user_id = ?]
2026-04-13T13:17:57.132+08:00 DEBUG 11836 --- [ai-gateway] [nio-9988-exec-8] o.s.jdbc.core.JdbcTemplate               : Executing prepared SQL query
2026-04-13T13:17:57.133+08:00 DEBUG 11836 --- [ai-gateway] [nio-9988-exec-8] o.s.jdbc.core.JdbcTemplate               : Executing prepared SQL statement [select balance from wallets where user_id = ?]
2026-04-13T13:17:57.134+08:00 DEBUG 11836 --- [ai-gateway] [nio-9988-exec-8] o.s.jdbc.core.JdbcTemplate               : Executing prepared SQL update
2026-04-13T13:17:57.135+08:00 DEBUG 11836 --- [ai-gateway] [nio-9988-exec-8] o.s.jdbc.core.JdbcTemplate               : Executing prepared SQL statement [insert into transactions (user_id, wallet_id, order_no, transaction_type, direction, amount,
                          balance_before, balance_after, status, description_text, transaction_date)
values (?, ?, ?, 'CONSUME', 'OUT', ?, ?, ?, 'SUCCESS', ?, curdate())
]
2026-04-13T13:17:57.137+08:00 DEBUG 11836 --- [ai-gateway] [nio-9988-exec-8] o.s.jdbc.core.JdbcTemplate               : Executing prepared SQL update
2026-04-13T13:17:57.138+08:00 DEBUG 11836 --- [ai-gateway] [nio-9988-exec-8] o.s.jdbc.core.JdbcTemplate               : Executing prepared SQL statement [update api_keys
set used_quota = used_quota + ?, updated_at = now()
where id = ?
]
2026-04-13T13:17:57.141+08:00 DEBUG 11836 --- [ai-gateway] [nio-9988-exec-8] o.s.jdbc.core.JdbcTemplate               : Executing prepared SQL update
2026-04-13T13:17:57.142+08:00 DEBUG 11836 --- [ai-gateway] [nio-9988-exec-8] o.s.jdbc.core.JdbcTemplate               : Executing prepared SQL statement [insert into usage_daily (stat_date, user_id, model_code, provider_id, request_count, success_count, total_tokens, user_amount, cost_amount)
values (?, ?, ?, ?, 1, ?, ?, ?, ?)
on duplicate key update
    request_count = request_count + 1,
    success_count = success_count + values(success_count),
    total_tokens = total_tokens + values(total_tokens),
    user_amount = user_amount + values(user_amount),
    cost_amount = cost_amount + values(cost_amount),
    updated_at = now()
]
2026-04-13T13:17:57.146+08:00 DEBUG 11836 --- [ai-gateway] [nio-9988-exec-8] o.s.jdbc.core.JdbcTemplate               : SQLWarning ignored: SQL state 'HY000', error code '1287', message ['VALUES function' is deprecated and will be removed in a future release. Please use an alias (INSERT INTO ... VALUES (...) AS alias) and replace VALUES(col) in the ON DUPLICATE KEY UPDATE clause with alias.col instead]
2026-04-13T13:17:57.147+08:00 DEBUG 11836 --- [ai-gateway] [nio-9988-exec-8] o.s.jdbc.core.JdbcTemplate               : SQLWarning ignored: SQL state 'HY000', error code '1287', message ['VALUES function' is deprecated and will be removed in a future release. Please use an alias (INSERT INTO ... VALUES (...) AS alias) and replace VALUES(col) in the ON DUPLICATE KEY UPDATE clause with alias.col instead]
2026-04-13T13:17:57.147+08:00 DEBUG 11836 --- [ai-gateway] [nio-9988-exec-8] o.s.jdbc.core.JdbcTemplate               : SQLWarning ignored: SQL state 'HY000', error code '1287', message ['VALUES function' is deprecated and will be removed in a future release. Please use an alias (INSERT INTO ... VALUES (...) AS alias) and replace VALUES(col) in the ON DUPLICATE KEY UPDATE clause with alias.col instead]
2026-04-13T13:17:57.148+08:00 DEBUG 11836 --- [ai-gateway] [nio-9988-exec-8] o.s.jdbc.core.JdbcTemplate               : SQLWarning ignored: SQL state 'HY000', error code '1287', message ['VALUES function' is deprecated and will be removed in a future release. Please use an alias (INSERT INTO ... VALUES (...) AS alias) and replace VALUES(col) in the ON DUPLICATE KEY UPDATE clause with alias.col instead]
2026-04-13T13:17:57.148+08:00 DEBUG 11836 --- [ai-gateway] [nio-9988-exec-8] o.s.w.s.m.m.a.HttpEntityMethodProcessor  : Found 'Content-Type:text/event-stream;charset=UTF-8' in response
2026-04-13T13:17:57.148+08:00 DEBUG 11836 --- [ai-gateway] [nio-9988-exec-8] o.s.w.s.m.m.a.HttpEntityMethodProcessor  : Writing ["data: {"type":"response.created","response":{"id":"resp_0973c6af4f5775080169dc7c84c5c081919a160ae5ed (truncated)..."]
2026-04-13T13:17:57.150+08:00 DEBUG 11836 --- [ai-gateway] [nio-9988-exec-8] o.s.web.servlet.DispatcherServlet        : Completed 200 OK
2026-04-13T13:17:57.569+08:00 DEBUG 11836 --- [ai-gateway] [nio-9988-exec-9] o.s.web.servlet.DispatcherServlet        : POST "/v1/responses", parameters={}
2026-04-13T13:17:57.571+08:00 DEBUG 11836 --- [ai-gateway] [nio-9988-exec-9] s.w.s.m.m.a.RequestMappingHandlerMapping : Mapped to com.zxw.modules.gateway.controller.GatewayChatController#responses(String, String, HttpServletRequest)
2026-04-13T13:17:58.021+08:00 DEBUG 11836 --- [ai-gateway] [nio-9988-exec-9] m.m.a.RequestResponseBodyMethodProcessor : Read "application/json;charset=UTF-8" to ["{"model":"gpt-5.4","instructions":"You are Codex, a coding agent based on GPT-5. You and the user sh (truncated)..."]
2026-04-13T13:17:58.023+08:00 DEBUG 11836 --- [ai-gateway] [nio-9988-exec-9] o.s.jdbc.core.JdbcTemplate               : Executing prepared SQL query
2026-04-13T13:17:58.024+08:00 DEBUG 11836 --- [ai-gateway] [nio-9988-exec-9] o.s.jdbc.core.JdbcTemplate               : Executing prepared SQL statement [select k.id, k.user_id, k.secret_hash, k.status, k.total_quota, k.used_quota, k.expires_at,
       u.username, u.role_code, coalesce(w.balance, 0) as balance
from api_keys k
join users u on u.id = k.user_id and u.deleted = 0
left join wallets w on w.user_id = u.id
where k.access_key = ? and k.deleted = 0
]
2026-04-13T13:17:58.110+08:00 DEBUG 11836 --- [ai-gateway] [nio-9988-exec-9] o.s.jdbc.core.JdbcTemplate               : Executing prepared SQL update
2026-04-13T13:17:58.111+08:00 DEBUG 11836 --- [ai-gateway] [nio-9988-exec-9] o.s.jdbc.core.JdbcTemplate               : Executing prepared SQL statement [update api_keys set last_used_at = now(), updated_at = now() where id = ?]
2026-04-13T13:17:58.115+08:00 DEBUG 11836 --- [ai-gateway] [nio-9988-exec-9] o.s.jdbc.core.JdbcTemplate               : Executing prepared SQL query
2026-04-13T13:17:58.117+08:00 DEBUG 11836 --- [ai-gateway] [nio-9988-exec-9] o.s.jdbc.core.JdbcTemplate               : Executing prepared SQL statement [select m.id as model_id, m.model_code, m.model_name, m.prompt_price, m.completion_price,
       m.request_price, m.multiplier, p.id as provider_id, p.provider_name, p.base_url, p.provider_type,
       p.timeout_ms, r.upstream_model, t.id as provider_token_id, t.token_value_encrypted
from models m
join model_routes r on r.model_id = m.id and r.status = 'ACTIVE'
join providers p on p.id = r.provider_id and p.deleted = 0 and p.status = 'ACTIVE'
join provider_tokens t on t.provider_id = p.id and t.deleted = 0 and t.status = 'ACTIVE'
where m.model_code = ? and m.deleted = 0 and m.status = 'ACTIVE'
order by r.priority_no asc, t.weight_no desc, t.id asc
limit 1
]
2026-04-13T13:18:00.182+08:00 DEBUG 11836 --- [ai-gateway] [nio-9988-exec-9] o.s.jdbc.core.JdbcTemplate               : Executing prepared SQL update
2026-04-13T13:18:00.183+08:00 DEBUG 11836 --- [ai-gateway] [nio-9988-exec-9] o.s.jdbc.core.JdbcTemplate               : Executing prepared SQL statement [insert into request_logs (request_id, user_id, api_key_id, model_code, provider_id, provider_token_id, upstream_model,
                          request_path, request_method, request_ip, request_body_json, response_body_json,
                          prompt_tokens, completion_tokens, total_tokens, user_amount, cost_amount, latency_ms,
                          success, status_code, error_message, request_date, created_at)
values (?, ?, ?, ?, ?, ?, ?, ?, ?, ?, cast(? as json), cast(? as json), ?, ?, ?, ?, ?, ?, ?, ?, ?, ?, now())
]
2026-04-13T13:18:00.185+08:00 DEBUG 11836 --- [ai-gateway] [nio-9988-exec-9] o.s.jdbc.core.StatementCreatorUtils      : JDBC getParameterType call failed - using fallback method instead: java.sql.SQLException: Parameter metadata not available for the given statement
2026-04-13T13:18:00.200+08:00 DEBUG 11836 --- [ai-gateway] [nio-9988-exec-9] o.s.jdbc.core.JdbcTemplate               : Executing prepared SQL update
2026-04-13T13:18:00.201+08:00 DEBUG 11836 --- [ai-gateway] [nio-9988-exec-9] o.s.jdbc.core.JdbcTemplate               : Executing prepared SQL statement [update wallets
set balance = balance - ?, total_consume = total_consume + ?, updated_at = now()
where user_id = ?
]
2026-04-13T13:18:00.205+08:00 DEBUG 11836 --- [ai-gateway] [nio-9988-exec-9] o.s.jdbc.core.JdbcTemplate               : Executing prepared SQL query
2026-04-13T13:18:00.207+08:00 DEBUG 11836 --- [ai-gateway] [nio-9988-exec-9] o.s.jdbc.core.JdbcTemplate               : Executing prepared SQL statement [select id from wallets where user_id = ?]
2026-04-13T13:18:00.208+08:00 DEBUG 11836 --- [ai-gateway] [nio-9988-exec-9] o.s.jdbc.core.JdbcTemplate               : Executing prepared SQL query
2026-04-13T13:18:00.209+08:00 DEBUG 11836 --- [ai-gateway] [nio-9988-exec-9] o.s.jdbc.core.JdbcTemplate               : Executing prepared SQL statement [select balance from wallets where user_id = ?]
2026-04-13T13:18:00.212+08:00 DEBUG 11836 --- [ai-gateway] [nio-9988-exec-9] o.s.jdbc.core.JdbcTemplate               : Executing prepared SQL update
2026-04-13T13:18:00.213+08:00 DEBUG 11836 --- [ai-gateway] [nio-9988-exec-9] o.s.jdbc.core.JdbcTemplate               : Executing prepared SQL statement [insert into transactions (user_id, wallet_id, order_no, transaction_type, direction, amount,
                          balance_before, balance_after, status, description_text, transaction_date)
values (?, ?, ?, 'CONSUME', 'OUT', ?, ?, ?, 'SUCCESS', ?, curdate())
]
2026-04-13T13:18:00.217+08:00 DEBUG 11836 --- [ai-gateway] [nio-9988-exec-9] o.s.jdbc.core.JdbcTemplate               : Executing prepared SQL update
2026-04-13T13:18:00.219+08:00 DEBUG 11836 --- [ai-gateway] [nio-9988-exec-9] o.s.jdbc.core.JdbcTemplate               : Executing prepared SQL statement [update api_keys
set used_quota = used_quota + ?, updated_at = now()
where id = ?
]
2026-04-13T13:18:00.223+08:00 DEBUG 11836 --- [ai-gateway] [nio-9988-exec-9] o.s.jdbc.core.JdbcTemplate               : Executing prepared SQL update
2026-04-13T13:18:00.225+08:00 DEBUG 11836 --- [ai-gateway] [nio-9988-exec-9] o.s.jdbc.core.JdbcTemplate               : Executing prepared SQL statement [insert into usage_daily (stat_date, user_id, model_code, provider_id, request_count, success_count, total_tokens, user_amount, cost_amount)
values (?, ?, ?, ?, 1, ?, ?, ?, ?)
on duplicate key update
    request_count = request_count + 1,
    success_count = success_count + values(success_count),
    total_tokens = total_tokens + values(total_tokens),
    user_amount = user_amount + values(user_amount),
    cost_amount = cost_amount + values(cost_amount),
    updated_at = now()
]
2026-04-13T13:18:00.228+08:00 DEBUG 11836 --- [ai-gateway] [nio-9988-exec-9] o.s.jdbc.core.JdbcTemplate               : SQLWarning ignored: SQL state 'HY000', error code '1287', message ['VALUES function' is deprecated and will be removed in a future release. Please use an alias (INSERT INTO ... VALUES (...) AS alias) and replace VALUES(col) in the ON DUPLICATE KEY UPDATE clause with alias.col instead]
2026-04-13T13:18:00.229+08:00 DEBUG 11836 --- [ai-gateway] [nio-9988-exec-9] o.s.jdbc.core.JdbcTemplate               : SQLWarning ignored: SQL state 'HY000', error code '1287', message ['VALUES function' is deprecated and will be removed in a future release. Please use an alias (INSERT INTO ... VALUES (...) AS alias) and replace VALUES(col) in the ON DUPLICATE KEY UPDATE clause with alias.col instead]
2026-04-13T13:18:00.229+08:00 DEBUG 11836 --- [ai-gateway] [nio-9988-exec-9] o.s.jdbc.core.JdbcTemplate               : SQLWarning ignored: SQL state 'HY000', error code '1287', message ['VALUES function' is deprecated and will be removed in a future release. Please use an alias (INSERT INTO ... VALUES (...) AS alias) and replace VALUES(col) in the ON DUPLICATE KEY UPDATE clause with alias.col instead]
2026-04-13T13:18:00.230+08:00 DEBUG 11836 --- [ai-gateway] [nio-9988-exec-9] o.s.jdbc.core.JdbcTemplate               : SQLWarning ignored: SQL state 'HY000', error code '1287', message ['VALUES function' is deprecated and will be removed in a future release. Please use an alias (INSERT INTO ... VALUES (...) AS alias) and replace VALUES(col) in the ON DUPLICATE KEY UPDATE clause with alias.col instead]
2026-04-13T13:18:00.230+08:00 DEBUG 11836 --- [ai-gateway] [nio-9988-exec-9] o.s.w.s.m.m.a.HttpEntityMethodProcessor  : Found 'Content-Type:text/event-stream;charset=UTF-8' in response
2026-04-13T13:18:00.231+08:00 DEBUG 11836 --- [ai-gateway] [nio-9988-exec-9] o.s.w.s.m.m.a.HttpEntityMethodProcessor  : Writing ["data: {"type":"response.created","response":{"id":"resp_09d3cc57208849030169dc7c886d908191b0e27c897b (truncated)..."]
2026-04-13T13:18:00.232+08:00 DEBUG 11836 --- [ai-gateway] [nio-9988-exec-9] o.s.web.servlet.DispatcherServlet        : Completed 200 OK
2026-04-13T13:18:00.706+08:00 DEBUG 11836 --- [ai-gateway] [nio-9988-exec-5] o.s.web.servlet.DispatcherServlet        : POST "/v1/responses", parameters={}
2026-04-13T13:18:00.707+08:00 DEBUG 11836 --- [ai-gateway] [nio-9988-exec-5] s.w.s.m.m.a.RequestMappingHandlerMapping : Mapped to com.zxw.modules.gateway.controller.GatewayChatController#responses(String, String, HttpServletRequest)
2026-04-13T13:18:01.108+08:00 DEBUG 11836 --- [ai-gateway] [nio-9988-exec-5] m.m.a.RequestResponseBodyMethodProcessor : Read "application/json;charset=UTF-8" to ["{"model":"gpt-5.4","instructions":"You are Codex, a coding agent based on GPT-5. You and the user sh (truncated)..."]
2026-04-13T13:18:01.109+08:00 DEBUG 11836 --- [ai-gateway] [nio-9988-exec-5] o.s.jdbc.core.JdbcTemplate               : Executing prepared SQL query
2026-04-13T13:18:01.111+08:00 DEBUG 11836 --- [ai-gateway] [nio-9988-exec-5] o.s.jdbc.core.JdbcTemplate               : Executing prepared SQL statement [select k.id, k.user_id, k.secret_hash, k.status, k.total_quota, k.used_quota, k.expires_at,
       u.username, u.role_code, coalesce(w.balance, 0) as balance
from api_keys k
join users u on u.id = k.user_id and u.deleted = 0
left join wallets w on w.user_id = u.id
where k.access_key = ? and k.deleted = 0
]
2026-04-13T13:18:01.201+08:00 DEBUG 11836 --- [ai-gateway] [nio-9988-exec-5] o.s.jdbc.core.JdbcTemplate               : Executing prepared SQL update
2026-04-13T13:18:01.202+08:00 DEBUG 11836 --- [ai-gateway] [nio-9988-exec-5] o.s.jdbc.core.JdbcTemplate               : Executing prepared SQL statement [update api_keys set last_used_at = now(), updated_at = now() where id = ?]
2026-04-13T13:18:01.208+08:00 DEBUG 11836 --- [ai-gateway] [nio-9988-exec-5] o.s.jdbc.core.JdbcTemplate               : Executing prepared SQL query
2026-04-13T13:18:01.209+08:00 DEBUG 11836 --- [ai-gateway] [nio-9988-exec-5] o.s.jdbc.core.JdbcTemplate               : Executing prepared SQL statement [select m.id as model_id, m.model_code, m.model_name, m.prompt_price, m.completion_price,
       m.request_price, m.multiplier, p.id as provider_id, p.provider_name, p.base_url, p.provider_type,
       p.timeout_ms, r.upstream_model, t.id as provider_token_id, t.token_value_encrypted
from models m
join model_routes r on r.model_id = m.id and r.status = 'ACTIVE'
join providers p on p.id = r.provider_id and p.deleted = 0 and p.status = 'ACTIVE'
join provider_tokens t on t.provider_id = p.id and t.deleted = 0 and t.status = 'ACTIVE'
where m.model_code = ? and m.deleted = 0 and m.status = 'ACTIVE'
order by r.priority_no asc, t.weight_no desc, t.id asc
limit 1
]
2026-04-13T13:18:04.913+08:00 DEBUG 11836 --- [ai-gateway] [nio-9988-exec-5] o.s.jdbc.core.JdbcTemplate               : Executing prepared SQL update
2026-04-13T13:18:04.914+08:00 DEBUG 11836 --- [ai-gateway] [nio-9988-exec-5] o.s.jdbc.core.JdbcTemplate               : Executing prepared SQL statement [insert into request_logs (request_id, user_id, api_key_id, model_code, provider_id, provider_token_id, upstream_model,
                          request_path, request_method, request_ip, request_body_json, response_body_json,
                          prompt_tokens, completion_tokens, total_tokens, user_amount, cost_amount, latency_ms,
                          success, status_code, error_message, request_date, created_at)
values (?, ?, ?, ?, ?, ?, ?, ?, ?, ?, cast(? as json), cast(? as json), ?, ?, ?, ?, ?, ?, ?, ?, ?, ?, now())
]
2026-04-13T13:18:04.915+08:00 DEBUG 11836 --- [ai-gateway] [nio-9988-exec-5] o.s.jdbc.core.StatementCreatorUtils      : JDBC getParameterType call failed - using fallback method instead: java.sql.SQLException: Parameter metadata not available for the given statement
2026-04-13T13:18:04.930+08:00 DEBUG 11836 --- [ai-gateway] [nio-9988-exec-5] o.s.jdbc.core.JdbcTemplate               : Executing prepared SQL update
2026-04-13T13:18:04.930+08:00 DEBUG 11836 --- [ai-gateway] [nio-9988-exec-5] o.s.jdbc.core.JdbcTemplate               : Executing prepared SQL statement [update wallets
set balance = balance - ?, total_consume = total_consume + ?, updated_at = now()
where user_id = ?
]
2026-04-13T13:18:04.934+08:00 DEBUG 11836 --- [ai-gateway] [nio-9988-exec-5] o.s.jdbc.core.JdbcTemplate               : Executing prepared SQL query
2026-04-13T13:18:04.935+08:00 DEBUG 11836 --- [ai-gateway] [nio-9988-exec-5] o.s.jdbc.core.JdbcTemplate               : Executing prepared SQL statement [select id from wallets where user_id = ?]
2026-04-13T13:18:04.938+08:00 DEBUG 11836 --- [ai-gateway] [nio-9988-exec-5] o.s.jdbc.core.JdbcTemplate               : Executing prepared SQL query
2026-04-13T13:18:04.939+08:00 DEBUG 11836 --- [ai-gateway] [nio-9988-exec-5] o.s.jdbc.core.JdbcTemplate               : Executing prepared SQL statement [select balance from wallets where user_id = ?]
2026-04-13T13:18:04.940+08:00 DEBUG 11836 --- [ai-gateway] [nio-9988-exec-5] o.s.jdbc.core.JdbcTemplate               : Executing prepared SQL update
2026-04-13T13:18:04.941+08:00 DEBUG 11836 --- [ai-gateway] [nio-9988-exec-5] o.s.jdbc.core.JdbcTemplate               : Executing prepared SQL statement [insert into transactions (user_id, wallet_id, order_no, transaction_type, direction, amount,
                          balance_before, balance_after, status, description_text, transaction_date)
values (?, ?, ?, 'CONSUME', 'OUT', ?, ?, ?, 'SUCCESS', ?, curdate())
]
2026-04-13T13:18:04.944+08:00 DEBUG 11836 --- [ai-gateway] [nio-9988-exec-5] o.s.jdbc.core.JdbcTemplate               : Executing prepared SQL update
2026-04-13T13:18:04.946+08:00 DEBUG 11836 --- [ai-gateway] [nio-9988-exec-5] o.s.jdbc.core.JdbcTemplate               : Executing prepared SQL statement [update api_keys
set used_quota = used_quota + ?, updated_at = now()
where id = ?
]
2026-04-13T13:18:04.949+08:00 DEBUG 11836 --- [ai-gateway] [nio-9988-exec-5] o.s.jdbc.core.JdbcTemplate               : Executing prepared SQL update
2026-04-13T13:18:04.950+08:00 DEBUG 11836 --- [ai-gateway] [nio-9988-exec-5] o.s.jdbc.core.JdbcTemplate               : Executing prepared SQL statement [insert into usage_daily (stat_date, user_id, model_code, provider_id, request_count, success_count, total_tokens, user_amount, cost_amount)
values (?, ?, ?, ?, 1, ?, ?, ?, ?)
on duplicate key update
    request_count = request_count + 1,
    success_count = success_count + values(success_count),
    total_tokens = total_tokens + values(total_tokens),
    user_amount = user_amount + values(user_amount),
    cost_amount = cost_amount + values(cost_amount),
    updated_at = now()
]
2026-04-13T13:18:04.955+08:00 DEBUG 11836 --- [ai-gateway] [nio-9988-exec-5] o.s.jdbc.core.JdbcTemplate               : SQLWarning ignored: SQL state 'HY000', error code '1287', message ['VALUES function' is deprecated and will be removed in a future release. Please use an alias (INSERT INTO ... VALUES (...) AS alias) and replace VALUES(col) in the ON DUPLICATE KEY UPDATE clause with alias.col instead]
2026-04-13T13:18:04.956+08:00 DEBUG 11836 --- [ai-gateway] [nio-9988-exec-5] o.s.jdbc.core.JdbcTemplate               : SQLWarning ignored: SQL state 'HY000', error code '1287', message ['VALUES function' is deprecated and will be removed in a future release. Please use an alias (INSERT INTO ... VALUES (...) AS alias) and replace VALUES(col) in the ON DUPLICATE KEY UPDATE clause with alias.col instead]
2026-04-13T13:18:04.956+08:00 DEBUG 11836 --- [ai-gateway] [nio-9988-exec-5] o.s.jdbc.core.JdbcTemplate               : SQLWarning ignored: SQL state 'HY000', error code '1287', message ['VALUES function' is deprecated and will be removed in a future release. Please use an alias (INSERT INTO ... VALUES (...) AS alias) and replace VALUES(col) in the ON DUPLICATE KEY UPDATE clause with alias.col instead]
2026-04-13T13:18:04.957+08:00 DEBUG 11836 --- [ai-gateway] [nio-9988-exec-5] o.s.jdbc.core.JdbcTemplate               : SQLWarning ignored: SQL state 'HY000', error code '1287', message ['VALUES function' is deprecated and will be removed in a future release. Please use an alias (INSERT INTO ... VALUES (...) AS alias) and replace VALUES(col) in the ON DUPLICATE KEY UPDATE clause with alias.col instead]
2026-04-13T13:18:04.958+08:00 DEBUG 11836 --- [ai-gateway] [nio-9988-exec-5] o.s.w.s.m.m.a.HttpEntityMethodProcessor  : Found 'Content-Type:text/event-stream;charset=UTF-8' in response
2026-04-13T13:18:04.959+08:00 DEBUG 11836 --- [ai-gateway] [nio-9988-exec-5] o.s.w.s.m.m.a.HttpEntityMethodProcessor  : Writing ["data: {"type":"response.created","response":{"id":"resp_010129d6d66eb9350169dc7c8b6ba88191b7f5a714af (truncated)..."]
2026-04-13T13:18:04.961+08:00 DEBUG 11836 --- [ai-gateway] [nio-9988-exec-5] o.s.web.servlet.DispatcherServlet        : Completed 200 OK
2026-04-13T13:18:05.434+08:00 DEBUG 11836 --- [ai-gateway] [nio-9988-exec-3] o.s.web.servlet.DispatcherServlet        : POST "/v1/responses", parameters={}
2026-04-13T13:18:05.435+08:00 DEBUG 11836 --- [ai-gateway] [nio-9988-exec-3] s.w.s.m.m.a.RequestMappingHandlerMapping : Mapped to com.zxw.modules.gateway.controller.GatewayChatController#responses(String, String, HttpServletRequest)
2026-04-13T13:18:05.841+08:00 DEBUG 11836 --- [ai-gateway] [nio-9988-exec-3] m.m.a.RequestResponseBodyMethodProcessor : Read "application/json;charset=UTF-8" to ["{"model":"gpt-5.4","instructions":"You are Codex, a coding agent based on GPT-5. You and the user sh (truncated)..."]
2026-04-13T13:18:05.842+08:00 DEBUG 11836 --- [ai-gateway] [nio-9988-exec-3] o.s.jdbc.core.JdbcTemplate               : Executing prepared SQL query
2026-04-13T13:18:05.843+08:00 DEBUG 11836 --- [ai-gateway] [nio-9988-exec-3] o.s.jdbc.core.JdbcTemplate               : Executing prepared SQL statement [select k.id, k.user_id, k.secret_hash, k.status, k.total_quota, k.used_quota, k.expires_at,
       u.username, u.role_code, coalesce(w.balance, 0) as balance
from api_keys k
join users u on u.id = k.user_id and u.deleted = 0
left join wallets w on w.user_id = u.id
where k.access_key = ? and k.deleted = 0
]
2026-04-13T13:18:05.983+08:00 DEBUG 11836 --- [ai-gateway] [nio-9988-exec-3] o.s.jdbc.core.JdbcTemplate               : Executing prepared SQL update
2026-04-13T13:18:05.984+08:00 DEBUG 11836 --- [ai-gateway] [nio-9988-exec-3] o.s.jdbc.core.JdbcTemplate               : Executing prepared SQL statement [update api_keys set last_used_at = now(), updated_at = now() where id = ?]
2026-04-13T13:18:05.993+08:00 DEBUG 11836 --- [ai-gateway] [nio-9988-exec-3] o.s.jdbc.core.JdbcTemplate               : Executing prepared SQL query
2026-04-13T13:18:05.995+08:00 DEBUG 11836 --- [ai-gateway] [nio-9988-exec-3] o.s.jdbc.core.JdbcTemplate               : Executing prepared SQL statement [select m.id as model_id, m.model_code, m.model_name, m.prompt_price, m.completion_price,
       m.request_price, m.multiplier, p.id as provider_id, p.provider_name, p.base_url, p.provider_type,
       p.timeout_ms, r.upstream_model, t.id as provider_token_id, t.token_value_encrypted
from models m
join model_routes r on r.model_id = m.id and r.status = 'ACTIVE'
join providers p on p.id = r.provider_id and p.deleted = 0 and p.status = 'ACTIVE'
join provider_tokens t on t.provider_id = p.id and t.deleted = 0 and t.status = 'ACTIVE'
where m.model_code = ? and m.deleted = 0 and m.status = 'ACTIVE'
order by r.priority_no asc, t.weight_no desc, t.id asc
limit 1
]
2026-04-13T13:18:08.512+08:00 DEBUG 11836 --- [ai-gateway] [nio-9988-exec-3] o.s.jdbc.core.JdbcTemplate               : Executing prepared SQL update
2026-04-13T13:18:08.512+08:00 DEBUG 11836 --- [ai-gateway] [nio-9988-exec-3] o.s.jdbc.core.JdbcTemplate               : Executing prepared SQL statement [insert into request_logs (request_id, user_id, api_key_id, model_code, provider_id, provider_token_id, upstream_model,
                          request_path, request_method, request_ip, request_body_json, response_body_json,
                          prompt_tokens, completion_tokens, total_tokens, user_amount, cost_amount, latency_ms,
                          success, status_code, error_message, request_date, created_at)
values (?, ?, ?, ?, ?, ?, ?, ?, ?, ?, cast(? as json), cast(? as json), ?, ?, ?, ?, ?, ?, ?, ?, ?, ?, now())
]
2026-04-13T13:18:08.514+08:00 DEBUG 11836 --- [ai-gateway] [nio-9988-exec-3] o.s.jdbc.core.StatementCreatorUtils      : JDBC getParameterType call failed - using fallback method instead: java.sql.SQLException: Parameter metadata not available for the given statement
2026-04-13T13:18:08.533+08:00 DEBUG 11836 --- [ai-gateway] [nio-9988-exec-3] o.s.jdbc.core.JdbcTemplate               : Executing prepared SQL update
2026-04-13T13:18:08.534+08:00 DEBUG 11836 --- [ai-gateway] [nio-9988-exec-3] o.s.jdbc.core.JdbcTemplate               : Executing prepared SQL statement [update wallets
set balance = balance - ?, total_consume = total_consume + ?, updated_at = now()
where user_id = ?
]
2026-04-13T13:18:08.537+08:00 DEBUG 11836 --- [ai-gateway] [nio-9988-exec-3] o.s.jdbc.core.JdbcTemplate               : Executing prepared SQL query
2026-04-13T13:18:08.537+08:00 DEBUG 11836 --- [ai-gateway] [nio-9988-exec-3] o.s.jdbc.core.JdbcTemplate               : Executing prepared SQL statement [select id from wallets where user_id = ?]
2026-04-13T13:18:08.539+08:00 DEBUG 11836 --- [ai-gateway] [nio-9988-exec-3] o.s.jdbc.core.JdbcTemplate               : Executing prepared SQL query
2026-04-13T13:18:08.540+08:00 DEBUG 11836 --- [ai-gateway] [nio-9988-exec-3] o.s.jdbc.core.JdbcTemplate               : Executing prepared SQL statement [select balance from wallets where user_id = ?]
2026-04-13T13:18:08.542+08:00 DEBUG 11836 --- [ai-gateway] [nio-9988-exec-3] o.s.jdbc.core.JdbcTemplate               : Executing prepared SQL update
2026-04-13T13:18:08.542+08:00 DEBUG 11836 --- [ai-gateway] [nio-9988-exec-3] o.s.jdbc.core.JdbcTemplate               : Executing prepared SQL statement [insert into transactions (user_id, wallet_id, order_no, transaction_type, direction, amount,
                          balance_before, balance_after, status, description_text, transaction_date)
values (?, ?, ?, 'CONSUME', 'OUT', ?, ?, ?, 'SUCCESS', ?, curdate())
]
2026-04-13T13:18:08.544+08:00 DEBUG 11836 --- [ai-gateway] [nio-9988-exec-3] o.s.jdbc.core.JdbcTemplate               : Executing prepared SQL update
2026-04-13T13:18:08.545+08:00 DEBUG 11836 --- [ai-gateway] [nio-9988-exec-3] o.s.jdbc.core.JdbcTemplate               : Executing prepared SQL statement [update api_keys
set used_quota = used_quota + ?, updated_at = now()
where id = ?
]
2026-04-13T13:18:08.547+08:00 DEBUG 11836 --- [ai-gateway] [nio-9988-exec-3] o.s.jdbc.core.JdbcTemplate               : Executing prepared SQL update
2026-04-13T13:18:08.548+08:00 DEBUG 11836 --- [ai-gateway] [nio-9988-exec-3] o.s.jdbc.core.JdbcTemplate               : Executing prepared SQL statement [insert into usage_daily (stat_date, user_id, model_code, provider_id, request_count, success_count, total_tokens, user_amount, cost_amount)
values (?, ?, ?, ?, 1, ?, ?, ?, ?)
on duplicate key update
    request_count = request_count + 1,
    success_count = success_count + values(success_count),
    total_tokens = total_tokens + values(total_tokens),
    user_amount = user_amount + values(user_amount),
    cost_amount = cost_amount + values(cost_amount),
    updated_at = now()
]
2026-04-13T13:18:08.552+08:00 DEBUG 11836 --- [ai-gateway] [nio-9988-exec-3] o.s.jdbc.core.JdbcTemplate               : SQLWarning ignored: SQL state 'HY000', error code '1287', message ['VALUES function' is deprecated and will be removed in a future release. Please use an alias (INSERT INTO ... VALUES (...) AS alias) and replace VALUES(col) in the ON DUPLICATE KEY UPDATE clause with alias.col instead]
2026-04-13T13:18:08.553+08:00 DEBUG 11836 --- [ai-gateway] [nio-9988-exec-3] o.s.jdbc.core.JdbcTemplate               : SQLWarning ignored: SQL state 'HY000', error code '1287', message ['VALUES function' is deprecated and will be removed in a future release. Please use an alias (INSERT INTO ... VALUES (...) AS alias) and replace VALUES(col) in the ON DUPLICATE KEY UPDATE clause with alias.col instead]
2026-04-13T13:18:08.554+08:00 DEBUG 11836 --- [ai-gateway] [nio-9988-exec-3] o.s.jdbc.core.JdbcTemplate               : SQLWarning ignored: SQL state 'HY000', error code '1287', message ['VALUES function' is deprecated and will be removed in a future release. Please use an alias (INSERT INTO ... VALUES (...) AS alias) and replace VALUES(col) in the ON DUPLICATE KEY UPDATE clause with alias.col instead]
2026-04-13T13:18:08.554+08:00 DEBUG 11836 --- [ai-gateway] [nio-9988-exec-3] o.s.jdbc.core.JdbcTemplate               : SQLWarning ignored: SQL state 'HY000', error code '1287', message ['VALUES function' is deprecated and will be removed in a future release. Please use an alias (INSERT INTO ... VALUES (...) AS alias) and replace VALUES(col) in the ON DUPLICATE KEY UPDATE clause with alias.col instead]
2026-04-13T13:18:08.555+08:00 DEBUG 11836 --- [ai-gateway] [nio-9988-exec-3] o.s.w.s.m.m.a.HttpEntityMethodProcessor  : Found 'Content-Type:text/event-stream;charset=UTF-8' in response
2026-04-13T13:18:08.556+08:00 DEBUG 11836 --- [ai-gateway] [nio-9988-exec-3] o.s.w.s.m.m.a.HttpEntityMethodProcessor  : Writing ["data: {"type":"response.created","response":{"id":"resp_0dcc561eff3d346b0169dc7c902a888191a5a3494bde (truncated)..."]
2026-04-13T13:18:08.557+08:00 DEBUG 11836 --- [ai-gateway] [nio-9988-exec-3] o.s.web.servlet.DispatcherServlet        : Completed 200 OK
2026-04-13T13:19:34.537+08:00 DEBUG 11836 --- [ai-gateway] [nio-9988-exec-6] o.s.web.servlet.DispatcherServlet        : POST "/v1/responses", parameters={}
2026-04-13T13:19:34.604+08:00 DEBUG 11836 --- [ai-gateway] [nio-9988-exec-6] s.w.s.m.m.a.RequestMappingHandlerMapping : Mapped to com.zxw.modules.gateway.controller.GatewayChatController#responses(String, String, HttpServletRequest)
2026-04-13T13:19:35.020+08:00 DEBUG 11836 --- [ai-gateway] [nio-9988-exec-6] m.m.a.RequestResponseBodyMethodProcessor : Read "application/json;charset=UTF-8" to ["{"model":"gpt-5.4","instructions":"You are Codex, a coding agent based on GPT-5. You and the user sh (truncated)..."]
2026-04-13T13:19:35.022+08:00 DEBUG 11836 --- [ai-gateway] [nio-9988-exec-6] o.s.jdbc.core.JdbcTemplate               : Executing prepared SQL query
2026-04-13T13:19:35.023+08:00 DEBUG 11836 --- [ai-gateway] [nio-9988-exec-6] o.s.jdbc.core.JdbcTemplate               : Executing prepared SQL statement [select k.id, k.user_id, k.secret_hash, k.status, k.total_quota, k.used_quota, k.expires_at,
       u.username, u.role_code, coalesce(w.balance, 0) as balance
from api_keys k
join users u on u.id = k.user_id and u.deleted = 0
left join wallets w on w.user_id = u.id
where k.access_key = ? and k.deleted = 0
]
2026-04-13T13:19:35.159+08:00 DEBUG 11836 --- [ai-gateway] [nio-9988-exec-6] o.s.jdbc.core.JdbcTemplate               : Executing prepared SQL update
2026-04-13T13:19:35.160+08:00 DEBUG 11836 --- [ai-gateway] [nio-9988-exec-6] o.s.jdbc.core.JdbcTemplate               : Executing prepared SQL statement [update api_keys set last_used_at = now(), updated_at = now() where id = ?]
2026-04-13T13:19:35.167+08:00 DEBUG 11836 --- [ai-gateway] [nio-9988-exec-6] o.s.jdbc.core.JdbcTemplate               : Executing prepared SQL query
2026-04-13T13:19:35.168+08:00 DEBUG 11836 --- [ai-gateway] [nio-9988-exec-6] o.s.jdbc.core.JdbcTemplate               : Executing prepared SQL statement [select m.id as model_id, m.model_code, m.model_name, m.prompt_price, m.completion_price,
       m.request_price, m.multiplier, p.id as provider_id, p.provider_name, p.base_url, p.provider_type,
       p.timeout_ms, r.upstream_model, t.id as provider_token_id, t.token_value_encrypted
from models m
join model_routes r on r.model_id = m.id and r.status = 'ACTIVE'
join providers p on p.id = r.provider_id and p.deleted = 0 and p.status = 'ACTIVE'
join provider_tokens t on t.provider_id = p.id and t.deleted = 0 and t.status = 'ACTIVE'
where m.model_code = ? and m.deleted = 0 and m.status = 'ACTIVE'
order by r.priority_no asc, t.weight_no desc, t.id asc
limit 1
]
2026-04-13T13:19:39.431+08:00 DEBUG 11836 --- [ai-gateway] [nio-9988-exec-6] o.s.jdbc.core.JdbcTemplate               : Executing prepared SQL update
2026-04-13T13:19:39.432+08:00 DEBUG 11836 --- [ai-gateway] [nio-9988-exec-6] o.s.jdbc.core.JdbcTemplate               : Executing prepared SQL statement [insert into request_logs (request_id, user_id, api_key_id, model_code, provider_id, provider_token_id, upstream_model,
                          request_path, request_method, request_ip, request_body_json, response_body_json,
                          prompt_tokens, completion_tokens, total_tokens, user_amount, cost_amount, latency_ms,
                          success, status_code, error_message, request_date, created_at)
values (?, ?, ?, ?, ?, ?, ?, ?, ?, ?, cast(? as json), cast(? as json), ?, ?, ?, ?, ?, ?, ?, ?, ?, ?, now())
]
2026-04-13T13:19:39.433+08:00 DEBUG 11836 --- [ai-gateway] [nio-9988-exec-6] o.s.jdbc.core.StatementCreatorUtils      : JDBC getParameterType call failed - using fallback method instead: java.sql.SQLException: Parameter metadata not available for the given statement
2026-04-13T13:19:39.448+08:00 DEBUG 11836 --- [ai-gateway] [nio-9988-exec-6] o.s.jdbc.core.JdbcTemplate               : Executing prepared SQL update
2026-04-13T13:19:39.449+08:00 DEBUG 11836 --- [ai-gateway] [nio-9988-exec-6] o.s.jdbc.core.JdbcTemplate               : Executing prepared SQL statement [update wallets
set balance = balance - ?, total_consume = total_consume + ?, updated_at = now()
where user_id = ?
]
2026-04-13T13:19:39.452+08:00 DEBUG 11836 --- [ai-gateway] [nio-9988-exec-6] o.s.jdbc.core.JdbcTemplate               : Executing prepared SQL query
2026-04-13T13:19:39.453+08:00 DEBUG 11836 --- [ai-gateway] [nio-9988-exec-6] o.s.jdbc.core.JdbcTemplate               : Executing prepared SQL statement [select id from wallets where user_id = ?]
2026-04-13T13:19:39.454+08:00 DEBUG 11836 --- [ai-gateway] [nio-9988-exec-6] o.s.jdbc.core.JdbcTemplate               : Executing prepared SQL query
2026-04-13T13:19:39.456+08:00 DEBUG 11836 --- [ai-gateway] [nio-9988-exec-6] o.s.jdbc.core.JdbcTemplate               : Executing prepared SQL statement [select balance from wallets where user_id = ?]
2026-04-13T13:19:39.457+08:00 DEBUG 11836 --- [ai-gateway] [nio-9988-exec-6] o.s.jdbc.core.JdbcTemplate               : Executing prepared SQL update
2026-04-13T13:19:39.458+08:00 DEBUG 11836 --- [ai-gateway] [nio-9988-exec-6] o.s.jdbc.core.JdbcTemplate               : Executing prepared SQL statement [insert into transactions (user_id, wallet_id, order_no, transaction_type, direction, amount,
                          balance_before, balance_after, status, description_text, transaction_date)
values (?, ?, ?, 'CONSUME', 'OUT', ?, ?, ?, 'SUCCESS', ?, curdate())
]
2026-04-13T13:19:39.460+08:00 DEBUG 11836 --- [ai-gateway] [nio-9988-exec-6] o.s.jdbc.core.JdbcTemplate               : Executing prepared SQL update
2026-04-13T13:19:39.460+08:00 DEBUG 11836 --- [ai-gateway] [nio-9988-exec-6] o.s.jdbc.core.JdbcTemplate               : Executing prepared SQL statement [update api_keys
set used_quota = used_quota + ?, updated_at = now()
where id = ?
]
2026-04-13T13:19:39.462+08:00 DEBUG 11836 --- [ai-gateway] [nio-9988-exec-6] o.s.jdbc.core.JdbcTemplate               : Executing prepared SQL update
2026-04-13T13:19:39.463+08:00 DEBUG 11836 --- [ai-gateway] [nio-9988-exec-6] o.s.jdbc.core.JdbcTemplate               : Executing prepared SQL statement [insert into usage_daily (stat_date, user_id, model_code, provider_id, request_count, success_count, total_tokens, user_amount, cost_amount)
values (?, ?, ?, ?, 1, ?, ?, ?, ?)
on duplicate key update
    request_count = request_count + 1,
    success_count = success_count + values(success_count),
    total_tokens = total_tokens + values(total_tokens),
    user_amount = user_amount + values(user_amount),
    cost_amount = cost_amount + values(cost_amount),
    updated_at = now()
]
2026-04-13T13:19:39.466+08:00 DEBUG 11836 --- [ai-gateway] [nio-9988-exec-6] o.s.jdbc.core.JdbcTemplate               : SQLWarning ignored: SQL state 'HY000', error code '1287', message ['VALUES function' is deprecated and will be removed in a future release. Please use an alias (INSERT INTO ... VALUES (...) AS alias) and replace VALUES(col) in the ON DUPLICATE KEY UPDATE clause with alias.col instead]
2026-04-13T13:19:39.467+08:00 DEBUG 11836 --- [ai-gateway] [nio-9988-exec-6] o.s.jdbc.core.JdbcTemplate               : SQLWarning ignored: SQL state 'HY000', error code '1287', message ['VALUES function' is deprecated and will be removed in a future release. Please use an alias (INSERT INTO ... VALUES (...) AS alias) and replace VALUES(col) in the ON DUPLICATE KEY UPDATE clause with alias.col instead]
2026-04-13T13:19:39.468+08:00 DEBUG 11836 --- [ai-gateway] [nio-9988-exec-6] o.s.jdbc.core.JdbcTemplate               : SQLWarning ignored: SQL state 'HY000', error code '1287', message ['VALUES function' is deprecated and will be removed in a future release. Please use an alias (INSERT INTO ... VALUES (...) AS alias) and replace VALUES(col) in the ON DUPLICATE KEY UPDATE clause with alias.col instead]
2026-04-13T13:19:39.468+08:00 DEBUG 11836 --- [ai-gateway] [nio-9988-exec-6] o.s.jdbc.core.JdbcTemplate               : SQLWarning ignored: SQL state 'HY000', error code '1287', message ['VALUES function' is deprecated and will be removed in a future release. Please use an alias (INSERT INTO ... VALUES (...) AS alias) and replace VALUES(col) in the ON DUPLICATE KEY UPDATE clause with alias.col instead]
2026-04-13T13:19:39.470+08:00 DEBUG 11836 --- [ai-gateway] [nio-9988-exec-6] o.s.w.s.m.m.a.HttpEntityMethodProcessor  : Found 'Content-Type:text/event-stream;charset=UTF-8' in response
2026-04-13T13:19:39.470+08:00 DEBUG 11836 --- [ai-gateway] [nio-9988-exec-6] o.s.w.s.m.m.a.HttpEntityMethodProcessor  : Writing ["data: {"type":"response.created","response":{"id":"resp_0c97ed6dc7f530e90169dc7ce99fc48191967992226b (truncated)..."]
2026-04-13T13:19:39.472+08:00 DEBUG 11836 --- [ai-gateway] [nio-9988-exec-6] o.s.web.servlet.DispatcherServlet        : Completed 200 OK
2026-04-13T13:19:39.935+08:00 DEBUG 11836 --- [ai-gateway] [io-9988-exec-10] o.s.web.servlet.DispatcherServlet        : POST "/v1/responses", parameters={}
2026-04-13T13:19:39.937+08:00 DEBUG 11836 --- [ai-gateway] [io-9988-exec-10] s.w.s.m.m.a.RequestMappingHandlerMapping : Mapped to com.zxw.modules.gateway.controller.GatewayChatController#responses(String, String, HttpServletRequest)
2026-04-13T13:19:40.490+08:00 DEBUG 11836 --- [ai-gateway] [io-9988-exec-10] m.m.a.RequestResponseBodyMethodProcessor : Read "application/json;charset=UTF-8" to ["{"model":"gpt-5.4","instructions":"You are Codex, a coding agent based on GPT-5. You and the user sh (truncated)..."]
2026-04-13T13:19:40.491+08:00 DEBUG 11836 --- [ai-gateway] [io-9988-exec-10] o.s.jdbc.core.JdbcTemplate               : Executing prepared SQL query
2026-04-13T13:19:40.492+08:00 DEBUG 11836 --- [ai-gateway] [io-9988-exec-10] o.s.jdbc.core.JdbcTemplate               : Executing prepared SQL statement [select k.id, k.user_id, k.secret_hash, k.status, k.total_quota, k.used_quota, k.expires_at,
       u.username, u.role_code, coalesce(w.balance, 0) as balance
from api_keys k
join users u on u.id = k.user_id and u.deleted = 0
left join wallets w on w.user_id = u.id
where k.access_key = ? and k.deleted = 0
]
2026-04-13T13:19:40.576+08:00 DEBUG 11836 --- [ai-gateway] [io-9988-exec-10] o.s.jdbc.core.JdbcTemplate               : Executing prepared SQL update
2026-04-13T13:19:40.577+08:00 DEBUG 11836 --- [ai-gateway] [io-9988-exec-10] o.s.jdbc.core.JdbcTemplate               : Executing prepared SQL statement [update api_keys set last_used_at = now(), updated_at = now() where id = ?]
2026-04-13T13:19:40.581+08:00 DEBUG 11836 --- [ai-gateway] [io-9988-exec-10] o.s.jdbc.core.JdbcTemplate               : Executing prepared SQL query
2026-04-13T13:19:40.582+08:00 DEBUG 11836 --- [ai-gateway] [io-9988-exec-10] o.s.jdbc.core.JdbcTemplate               : Executing prepared SQL statement [select m.id as model_id, m.model_code, m.model_name, m.prompt_price, m.completion_price,
       m.request_price, m.multiplier, p.id as provider_id, p.provider_name, p.base_url, p.provider_type,
       p.timeout_ms, r.upstream_model, t.id as provider_token_id, t.token_value_encrypted
from models m
join model_routes r on r.model_id = m.id and r.status = 'ACTIVE'
join providers p on p.id = r.provider_id and p.deleted = 0 and p.status = 'ACTIVE'
join provider_tokens t on t.provider_id = p.id and t.deleted = 0 and t.status = 'ACTIVE'
where m.model_code = ? and m.deleted = 0 and m.status = 'ACTIVE'
order by r.priority_no asc, t.weight_no desc, t.id asc
limit 1
]
2026-04-13T13:19:46.145+08:00 DEBUG 11836 --- [ai-gateway] [io-9988-exec-10] o.s.jdbc.core.JdbcTemplate               : Executing prepared SQL update
2026-04-13T13:19:46.146+08:00 DEBUG 11836 --- [ai-gateway] [io-9988-exec-10] o.s.jdbc.core.JdbcTemplate               : Executing prepared SQL statement [insert into request_logs (request_id, user_id, api_key_id, model_code, provider_id, provider_token_id, upstream_model,
                          request_path, request_method, request_ip, request_body_json, response_body_json,
                          prompt_tokens, completion_tokens, total_tokens, user_amount, cost_amount, latency_ms,
                          success, status_code, error_message, request_date, created_at)
values (?, ?, ?, ?, ?, ?, ?, ?, ?, ?, cast(? as json), cast(? as json), ?, ?, ?, ?, ?, ?, ?, ?, ?, ?, now())
]
2026-04-13T13:19:46.149+08:00 DEBUG 11836 --- [ai-gateway] [io-9988-exec-10] o.s.jdbc.core.StatementCreatorUtils      : JDBC getParameterType call failed - using fallback method instead: java.sql.SQLException: Parameter metadata not available for the given statement
2026-04-13T13:19:46.167+08:00 DEBUG 11836 --- [ai-gateway] [io-9988-exec-10] o.s.jdbc.core.JdbcTemplate               : Executing prepared SQL update
2026-04-13T13:19:46.169+08:00 DEBUG 11836 --- [ai-gateway] [io-9988-exec-10] o.s.jdbc.core.JdbcTemplate               : Executing prepared SQL statement [update wallets
set balance = balance - ?, total_consume = total_consume + ?, updated_at = now()
where user_id = ?
]
2026-04-13T13:19:46.173+08:00 DEBUG 11836 --- [ai-gateway] [io-9988-exec-10] o.s.jdbc.core.JdbcTemplate               : Executing prepared SQL query
2026-04-13T13:19:46.174+08:00 DEBUG 11836 --- [ai-gateway] [io-9988-exec-10] o.s.jdbc.core.JdbcTemplate               : Executing prepared SQL statement [select id from wallets where user_id = ?]
2026-04-13T13:19:46.177+08:00 DEBUG 11836 --- [ai-gateway] [io-9988-exec-10] o.s.jdbc.core.JdbcTemplate               : Executing prepared SQL query
2026-04-13T13:19:46.179+08:00 DEBUG 11836 --- [ai-gateway] [io-9988-exec-10] o.s.jdbc.core.JdbcTemplate               : Executing prepared SQL statement [select balance from wallets where user_id = ?]
2026-04-13T13:19:46.181+08:00 DEBUG 11836 --- [ai-gateway] [io-9988-exec-10] o.s.jdbc.core.JdbcTemplate               : Executing prepared SQL update
2026-04-13T13:19:46.182+08:00 DEBUG 11836 --- [ai-gateway] [io-9988-exec-10] o.s.jdbc.core.JdbcTemplate               : Executing prepared SQL statement [insert into transactions (user_id, wallet_id, order_no, transaction_type, direction, amount,
                          balance_before, balance_after, status, description_text, transaction_date)
values (?, ?, ?, 'CONSUME', 'OUT', ?, ?, ?, 'SUCCESS', ?, curdate())
]
2026-04-13T13:19:46.185+08:00 DEBUG 11836 --- [ai-gateway] [io-9988-exec-10] o.s.jdbc.core.JdbcTemplate               : Executing prepared SQL update
2026-04-13T13:19:46.186+08:00 DEBUG 11836 --- [ai-gateway] [io-9988-exec-10] o.s.jdbc.core.JdbcTemplate               : Executing prepared SQL statement [update api_keys
set used_quota = used_quota + ?, updated_at = now()
where id = ?
]
2026-04-13T13:19:46.191+08:00 DEBUG 11836 --- [ai-gateway] [io-9988-exec-10] o.s.jdbc.core.JdbcTemplate               : Executing prepared SQL update
2026-04-13T13:19:46.192+08:00 DEBUG 11836 --- [ai-gateway] [io-9988-exec-10] o.s.jdbc.core.JdbcTemplate               : Executing prepared SQL statement [insert into usage_daily (stat_date, user_id, model_code, provider_id, request_count, success_count, total_tokens, user_amount, cost_amount)
values (?, ?, ?, ?, 1, ?, ?, ?, ?)
on duplicate key update
    request_count = request_count + 1,
    success_count = success_count + values(success_count),
    total_tokens = total_tokens + values(total_tokens),
    user_amount = user_amount + values(user_amount),
    cost_amount = cost_amount + values(cost_amount),
    updated_at = now()
]
2026-04-13T13:19:46.198+08:00 DEBUG 11836 --- [ai-gateway] [io-9988-exec-10] o.s.jdbc.core.JdbcTemplate               : SQLWarning ignored: SQL state 'HY000', error code '1287', message ['VALUES function' is deprecated and will be removed in a future release. Please use an alias (INSERT INTO ... VALUES (...) AS alias) and replace VALUES(col) in the ON DUPLICATE KEY UPDATE clause with alias.col instead]
2026-04-13T13:19:46.198+08:00 DEBUG 11836 --- [ai-gateway] [io-9988-exec-10] o.s.jdbc.core.JdbcTemplate               : SQLWarning ignored: SQL state 'HY000', error code '1287', message ['VALUES function' is deprecated and will be removed in a future release. Please use an alias (INSERT INTO ... VALUES (...) AS alias) and replace VALUES(col) in the ON DUPLICATE KEY UPDATE clause with alias.col instead]
2026-04-13T13:19:46.198+08:00 DEBUG 11836 --- [ai-gateway] [io-9988-exec-10] o.s.jdbc.core.JdbcTemplate               : SQLWarning ignored: SQL state 'HY000', error code '1287', message ['VALUES function' is deprecated and will be removed in a future release. Please use an alias (INSERT INTO ... VALUES (...) AS alias) and replace VALUES(col) in the ON DUPLICATE KEY UPDATE clause with alias.col instead]
2026-04-13T13:19:46.199+08:00 DEBUG 11836 --- [ai-gateway] [io-9988-exec-10] o.s.jdbc.core.JdbcTemplate               : SQLWarning ignored: SQL state 'HY000', error code '1287', message ['VALUES function' is deprecated and will be removed in a future release. Please use an alias (INSERT INTO ... VALUES (...) AS alias) and replace VALUES(col) in the ON DUPLICATE KEY UPDATE clause with alias.col instead]
2026-04-13T13:19:46.200+08:00 DEBUG 11836 --- [ai-gateway] [io-9988-exec-10] o.s.w.s.m.m.a.HttpEntityMethodProcessor  : Found 'Content-Type:text/event-stream;charset=UTF-8' in response
2026-04-13T13:19:46.201+08:00 DEBUG 11836 --- [ai-gateway] [io-9988-exec-10] o.s.w.s.m.m.a.HttpEntityMethodProcessor  : Writing ["data: {"type":"response.created","response":{"id":"resp_033f17203d5133e30169dc7cef30a08191a95ce81056 (truncated)..."]
2026-04-13T13:19:46.203+08:00 DEBUG 11836 --- [ai-gateway] [io-9988-exec-10] o.s.web.servlet.DispatcherServlet        : Completed 200 OK
2026-04-13T13:19:46.630+08:00 DEBUG 11836 --- [ai-gateway] [nio-9988-exec-2] o.s.web.servlet.DispatcherServlet        : POST "/v1/responses", parameters={}
2026-04-13T13:19:46.632+08:00 DEBUG 11836 --- [ai-gateway] [nio-9988-exec-2] s.w.s.m.m.a.RequestMappingHandlerMapping : Mapped to com.zxw.modules.gateway.controller.GatewayChatController#responses(String, String, HttpServletRequest)
2026-04-13T13:19:47.071+08:00 DEBUG 11836 --- [ai-gateway] [nio-9988-exec-2] m.m.a.RequestResponseBodyMethodProcessor : Read "application/json;charset=UTF-8" to ["{"model":"gpt-5.4","instructions":"You are Codex, a coding agent based on GPT-5. You and the user sh (truncated)..."]
2026-04-13T13:19:47.072+08:00 DEBUG 11836 --- [ai-gateway] [nio-9988-exec-2] o.s.jdbc.core.JdbcTemplate               : Executing prepared SQL query
2026-04-13T13:19:47.073+08:00 DEBUG 11836 --- [ai-gateway] [nio-9988-exec-2] o.s.jdbc.core.JdbcTemplate               : Executing prepared SQL statement [select k.id, k.user_id, k.secret_hash, k.status, k.total_quota, k.used_quota, k.expires_at,
       u.username, u.role_code, coalesce(w.balance, 0) as balance
from api_keys k
join users u on u.id = k.user_id and u.deleted = 0
left join wallets w on w.user_id = u.id
where k.access_key = ? and k.deleted = 0
]
2026-04-13T13:19:47.176+08:00 DEBUG 11836 --- [ai-gateway] [nio-9988-exec-2] o.s.jdbc.core.JdbcTemplate               : Executing prepared SQL update
2026-04-13T13:19:47.179+08:00 DEBUG 11836 --- [ai-gateway] [nio-9988-exec-2] o.s.jdbc.core.JdbcTemplate               : Executing prepared SQL statement [update api_keys set last_used_at = now(), updated_at = now() where id = ?]
2026-04-13T13:19:47.183+08:00 DEBUG 11836 --- [ai-gateway] [nio-9988-exec-2] o.s.jdbc.core.JdbcTemplate               : Executing prepared SQL query
2026-04-13T13:19:47.184+08:00 DEBUG 11836 --- [ai-gateway] [nio-9988-exec-2] o.s.jdbc.core.JdbcTemplate               : Executing prepared SQL statement [select m.id as model_id, m.model_code, m.model_name, m.prompt_price, m.completion_price,
       m.request_price, m.multiplier, p.id as provider_id, p.provider_name, p.base_url, p.provider_type,
       p.timeout_ms, r.upstream_model, t.id as provider_token_id, t.token_value_encrypted
from models m
join model_routes r on r.model_id = m.id and r.status = 'ACTIVE'
join providers p on p.id = r.provider_id and p.deleted = 0 and p.status = 'ACTIVE'
join provider_tokens t on t.provider_id = p.id and t.deleted = 0 and t.status = 'ACTIVE'
where m.model_code = ? and m.deleted = 0 and m.status = 'ACTIVE'
order by r.priority_no asc, t.weight_no desc, t.id asc
limit 1
]
2026-04-13T13:19:49.362+08:00 DEBUG 11836 --- [ai-gateway] [nio-9988-exec-2] o.s.jdbc.core.JdbcTemplate               : Executing prepared SQL update
2026-04-13T13:19:49.363+08:00 DEBUG 11836 --- [ai-gateway] [nio-9988-exec-2] o.s.jdbc.core.JdbcTemplate               : Executing prepared SQL statement [insert into request_logs (request_id, user_id, api_key_id, model_code, provider_id, provider_token_id, upstream_model,
                          request_path, request_method, request_ip, request_body_json, response_body_json,
                          prompt_tokens, completion_tokens, total_tokens, user_amount, cost_amount, latency_ms,
                          success, status_code, error_message, request_date, created_at)
values (?, ?, ?, ?, ?, ?, ?, ?, ?, ?, cast(? as json), cast(? as json), ?, ?, ?, ?, ?, ?, ?, ?, ?, ?, now())
]
2026-04-13T13:19:49.364+08:00 DEBUG 11836 --- [ai-gateway] [nio-9988-exec-2] o.s.jdbc.core.StatementCreatorUtils      : JDBC getParameterType call failed - using fallback method instead: java.sql.SQLException: Parameter metadata not available for the given statement
2026-04-13T13:19:49.379+08:00 DEBUG 11836 --- [ai-gateway] [nio-9988-exec-2] o.s.jdbc.core.JdbcTemplate               : Executing prepared SQL update
2026-04-13T13:19:49.381+08:00 DEBUG 11836 --- [ai-gateway] [nio-9988-exec-2] o.s.jdbc.core.JdbcTemplate               : Executing prepared SQL statement [update wallets
set balance = balance - ?, total_consume = total_consume + ?, updated_at = now()
where user_id = ?
]
2026-04-13T13:19:49.383+08:00 DEBUG 11836 --- [ai-gateway] [nio-9988-exec-2] o.s.jdbc.core.JdbcTemplate               : Executing prepared SQL query
2026-04-13T13:19:49.384+08:00 DEBUG 11836 --- [ai-gateway] [nio-9988-exec-2] o.s.jdbc.core.JdbcTemplate               : Executing prepared SQL statement [select id from wallets where user_id = ?]
2026-04-13T13:19:49.385+08:00 DEBUG 11836 --- [ai-gateway] [nio-9988-exec-2] o.s.jdbc.core.JdbcTemplate               : Executing prepared SQL query
2026-04-13T13:19:49.386+08:00 DEBUG 11836 --- [ai-gateway] [nio-9988-exec-2] o.s.jdbc.core.JdbcTemplate               : Executing prepared SQL statement [select balance from wallets where user_id = ?]
2026-04-13T13:19:49.388+08:00 DEBUG 11836 --- [ai-gateway] [nio-9988-exec-2] o.s.jdbc.core.JdbcTemplate               : Executing prepared SQL update
2026-04-13T13:19:49.389+08:00 DEBUG 11836 --- [ai-gateway] [nio-9988-exec-2] o.s.jdbc.core.JdbcTemplate               : Executing prepared SQL statement [insert into transactions (user_id, wallet_id, order_no, transaction_type, direction, amount,
                          balance_before, balance_after, status, description_text, transaction_date)
values (?, ?, ?, 'CONSUME', 'OUT', ?, ?, ?, 'SUCCESS', ?, curdate())
]
2026-04-13T13:19:49.392+08:00 DEBUG 11836 --- [ai-gateway] [nio-9988-exec-2] o.s.jdbc.core.JdbcTemplate               : Executing prepared SQL update
2026-04-13T13:19:49.393+08:00 DEBUG 11836 --- [ai-gateway] [nio-9988-exec-2] o.s.jdbc.core.JdbcTemplate               : Executing prepared SQL statement [update api_keys
set used_quota = used_quota + ?, updated_at = now()
where id = ?
]
2026-04-13T13:19:49.396+08:00 DEBUG 11836 --- [ai-gateway] [nio-9988-exec-2] o.s.jdbc.core.JdbcTemplate               : Executing prepared SQL update
2026-04-13T13:19:49.397+08:00 DEBUG 11836 --- [ai-gateway] [nio-9988-exec-2] o.s.jdbc.core.JdbcTemplate               : Executing prepared SQL statement [insert into usage_daily (stat_date, user_id, model_code, provider_id, request_count, success_count, total_tokens, user_amount, cost_amount)
values (?, ?, ?, ?, 1, ?, ?, ?, ?)
on duplicate key update
    request_count = request_count + 1,
    success_count = success_count + values(success_count),
    total_tokens = total_tokens + values(total_tokens),
    user_amount = user_amount + values(user_amount),
    cost_amount = cost_amount + values(cost_amount),
    updated_at = now()
]
2026-04-13T13:19:49.400+08:00 DEBUG 11836 --- [ai-gateway] [nio-9988-exec-2] o.s.jdbc.core.JdbcTemplate               : SQLWarning ignored: SQL state 'HY000', error code '1287', message ['VALUES function' is deprecated and will be removed in a future release. Please use an alias (INSERT INTO ... VALUES (...) AS alias) and replace VALUES(col) in the ON DUPLICATE KEY UPDATE clause with alias.col instead]
2026-04-13T13:19:49.401+08:00 DEBUG 11836 --- [ai-gateway] [nio-9988-exec-2] o.s.jdbc.core.JdbcTemplate               : SQLWarning ignored: SQL state 'HY000', error code '1287', message ['VALUES function' is deprecated and will be removed in a future release. Please use an alias (INSERT INTO ... VALUES (...) AS alias) and replace VALUES(col) in the ON DUPLICATE KEY UPDATE clause with alias.col instead]
2026-04-13T13:19:49.401+08:00 DEBUG 11836 --- [ai-gateway] [nio-9988-exec-2] o.s.jdbc.core.JdbcTemplate               : SQLWarning ignored: SQL state 'HY000', error code '1287', message ['VALUES function' is deprecated and will be removed in a future release. Please use an alias (INSERT INTO ... VALUES (...) AS alias) and replace VALUES(col) in the ON DUPLICATE KEY UPDATE clause with alias.col instead]
2026-04-13T13:19:49.402+08:00 DEBUG 11836 --- [ai-gateway] [nio-9988-exec-2] o.s.jdbc.core.JdbcTemplate               : SQLWarning ignored: SQL state 'HY000', error code '1287', message ['VALUES function' is deprecated and will be removed in a future release. Please use an alias (INSERT INTO ... VALUES (...) AS alias) and replace VALUES(col) in the ON DUPLICATE KEY UPDATE clause with alias.col instead]
2026-04-13T13:19:49.403+08:00 DEBUG 11836 --- [ai-gateway] [nio-9988-exec-2] o.s.w.s.m.m.a.HttpEntityMethodProcessor  : Found 'Content-Type:text/event-stream;charset=UTF-8' in response
2026-04-13T13:19:49.403+08:00 DEBUG 11836 --- [ai-gateway] [nio-9988-exec-2] o.s.w.s.m.m.a.HttpEntityMethodProcessor  : Writing ["data: {"type":"response.created","response":{"id":"resp_0d18e1c63e56da550169dc7cf57638819194c0f0600c (truncated)..."]
2026-04-13T13:19:49.405+08:00 DEBUG 11836 --- [ai-gateway] [nio-9988-exec-2] o.s.web.servlet.DispatcherServlet        : Completed 200 OK
2026-04-13T13:19:49.774+08:00 DEBUG 11836 --- [ai-gateway] [nio-9988-exec-7] o.s.web.servlet.DispatcherServlet        : POST "/v1/responses", parameters={}
2026-04-13T13:19:49.775+08:00 DEBUG 11836 --- [ai-gateway] [nio-9988-exec-7] s.w.s.m.m.a.RequestMappingHandlerMapping : Mapped to com.zxw.modules.gateway.controller.GatewayChatController#responses(String, String, HttpServletRequest)
2026-04-13T13:19:50.203+08:00 DEBUG 11836 --- [ai-gateway] [nio-9988-exec-7] m.m.a.RequestResponseBodyMethodProcessor : Read "application/json;charset=UTF-8" to ["{"model":"gpt-5.4","instructions":"You are Codex, a coding agent based on GPT-5. You and the user sh (truncated)..."]
2026-04-13T13:19:50.204+08:00 DEBUG 11836 --- [ai-gateway] [nio-9988-exec-7] o.s.jdbc.core.JdbcTemplate               : Executing prepared SQL query
2026-04-13T13:19:50.205+08:00 DEBUG 11836 --- [ai-gateway] [nio-9988-exec-7] o.s.jdbc.core.JdbcTemplate               : Executing prepared SQL statement [select k.id, k.user_id, k.secret_hash, k.status, k.total_quota, k.used_quota, k.expires_at,
       u.username, u.role_code, coalesce(w.balance, 0) as balance
from api_keys k
join users u on u.id = k.user_id and u.deleted = 0
left join wallets w on w.user_id = u.id
where k.access_key = ? and k.deleted = 0
]
2026-04-13T13:19:50.321+08:00 DEBUG 11836 --- [ai-gateway] [nio-9988-exec-7] o.s.jdbc.core.JdbcTemplate               : Executing prepared SQL update
2026-04-13T13:19:50.322+08:00 DEBUG 11836 --- [ai-gateway] [nio-9988-exec-7] o.s.jdbc.core.JdbcTemplate               : Executing prepared SQL statement [update api_keys set last_used_at = now(), updated_at = now() where id = ?]
2026-04-13T13:19:50.329+08:00 DEBUG 11836 --- [ai-gateway] [nio-9988-exec-7] o.s.jdbc.core.JdbcTemplate               : Executing prepared SQL query
2026-04-13T13:19:50.330+08:00 DEBUG 11836 --- [ai-gateway] [nio-9988-exec-7] o.s.jdbc.core.JdbcTemplate               : Executing prepared SQL statement [select m.id as model_id, m.model_code, m.model_name, m.prompt_price, m.completion_price,
       m.request_price, m.multiplier, p.id as provider_id, p.provider_name, p.base_url, p.provider_type,
       p.timeout_ms, r.upstream_model, t.id as provider_token_id, t.token_value_encrypted
from models m
join model_routes r on r.model_id = m.id and r.status = 'ACTIVE'
join providers p on p.id = r.provider_id and p.deleted = 0 and p.status = 'ACTIVE'
join provider_tokens t on t.provider_id = p.id and t.deleted = 0 and t.status = 'ACTIVE'
where m.model_code = ? and m.deleted = 0 and m.status = 'ACTIVE'
order by r.priority_no asc, t.weight_no desc, t.id asc
limit 1
]
2026-04-13T13:20:03.420+08:00 DEBUG 11836 --- [ai-gateway] [nio-9988-exec-7] o.s.jdbc.core.JdbcTemplate               : Executing prepared SQL update
2026-04-13T13:20:03.421+08:00 DEBUG 11836 --- [ai-gateway] [nio-9988-exec-7] o.s.jdbc.core.JdbcTemplate               : Executing prepared SQL statement [insert into request_logs (request_id, user_id, api_key_id, model_code, provider_id, provider_token_id, upstream_model,
                          request_path, request_method, request_ip, request_body_json, response_body_json,
                          prompt_tokens, completion_tokens, total_tokens, user_amount, cost_amount, latency_ms,
                          success, status_code, error_message, request_date, created_at)
values (?, ?, ?, ?, ?, ?, ?, ?, ?, ?, cast(? as json), cast(? as json), ?, ?, ?, ?, ?, ?, ?, ?, ?, ?, now())
]
2026-04-13T13:20:03.423+08:00 DEBUG 11836 --- [ai-gateway] [nio-9988-exec-7] o.s.jdbc.core.StatementCreatorUtils      : JDBC getParameterType call failed - using fallback method instead: java.sql.SQLException: Parameter metadata not available for the given statement
2026-04-13T13:20:03.442+08:00 DEBUG 11836 --- [ai-gateway] [nio-9988-exec-7] o.s.jdbc.core.JdbcTemplate               : Executing prepared SQL update
2026-04-13T13:20:03.443+08:00 DEBUG 11836 --- [ai-gateway] [nio-9988-exec-7] o.s.jdbc.core.JdbcTemplate               : Executing prepared SQL statement [update wallets
set balance = balance - ?, total_consume = total_consume + ?, updated_at = now()
where user_id = ?
]
2026-04-13T13:20:03.446+08:00 DEBUG 11836 --- [ai-gateway] [nio-9988-exec-7] o.s.jdbc.core.JdbcTemplate               : Executing prepared SQL query
2026-04-13T13:20:03.447+08:00 DEBUG 11836 --- [ai-gateway] [nio-9988-exec-7] o.s.jdbc.core.JdbcTemplate               : Executing prepared SQL statement [select id from wallets where user_id = ?]
2026-04-13T13:20:03.450+08:00 DEBUG 11836 --- [ai-gateway] [nio-9988-exec-7] o.s.jdbc.core.JdbcTemplate               : Executing prepared SQL query
2026-04-13T13:20:03.451+08:00 DEBUG 11836 --- [ai-gateway] [nio-9988-exec-7] o.s.jdbc.core.JdbcTemplate               : Executing prepared SQL statement [select balance from wallets where user_id = ?]
2026-04-13T13:20:03.453+08:00 DEBUG 11836 --- [ai-gateway] [nio-9988-exec-7] o.s.jdbc.core.JdbcTemplate               : Executing prepared SQL update
2026-04-13T13:20:03.454+08:00 DEBUG 11836 --- [ai-gateway] [nio-9988-exec-7] o.s.jdbc.core.JdbcTemplate               : Executing prepared SQL statement [insert into transactions (user_id, wallet_id, order_no, transaction_type, direction, amount,
                          balance_before, balance_after, status, description_text, transaction_date)
values (?, ?, ?, 'CONSUME', 'OUT', ?, ?, ?, 'SUCCESS', ?, curdate())
]
2026-04-13T13:20:03.458+08:00 DEBUG 11836 --- [ai-gateway] [nio-9988-exec-7] o.s.jdbc.core.JdbcTemplate               : Executing prepared SQL update
2026-04-13T13:20:03.459+08:00 DEBUG 11836 --- [ai-gateway] [nio-9988-exec-7] o.s.jdbc.core.JdbcTemplate               : Executing prepared SQL statement [update api_keys
set used_quota = used_quota + ?, updated_at = now()
where id = ?
]
2026-04-13T13:20:03.463+08:00 DEBUG 11836 --- [ai-gateway] [nio-9988-exec-7] o.s.jdbc.core.JdbcTemplate               : Executing prepared SQL update
2026-04-13T13:20:03.464+08:00 DEBUG 11836 --- [ai-gateway] [nio-9988-exec-7] o.s.jdbc.core.JdbcTemplate               : Executing prepared SQL statement [insert into usage_daily (stat_date, user_id, model_code, provider_id, request_count, success_count, total_tokens, user_amount, cost_amount)
values (?, ?, ?, ?, 1, ?, ?, ?, ?)
on duplicate key update
    request_count = request_count + 1,
    success_count = success_count + values(success_count),
    total_tokens = total_tokens + values(total_tokens),
    user_amount = user_amount + values(user_amount),
    cost_amount = cost_amount + values(cost_amount),
    updated_at = now()
]
2026-04-13T13:20:03.468+08:00 DEBUG 11836 --- [ai-gateway] [nio-9988-exec-7] o.s.jdbc.core.JdbcTemplate               : SQLWarning ignored: SQL state 'HY000', error code '1287', message ['VALUES function' is deprecated and will be removed in a future release. Please use an alias (INSERT INTO ... VALUES (...) AS alias) and replace VALUES(col) in the ON DUPLICATE KEY UPDATE clause with alias.col instead]
2026-04-13T13:20:03.469+08:00 DEBUG 11836 --- [ai-gateway] [nio-9988-exec-7] o.s.jdbc.core.JdbcTemplate               : SQLWarning ignored: SQL state 'HY000', error code '1287', message ['VALUES function' is deprecated and will be removed in a future release. Please use an alias (INSERT INTO ... VALUES (...) AS alias) and replace VALUES(col) in the ON DUPLICATE KEY UPDATE clause with alias.col instead]
2026-04-13T13:20:03.469+08:00 DEBUG 11836 --- [ai-gateway] [nio-9988-exec-7] o.s.jdbc.core.JdbcTemplate               : SQLWarning ignored: SQL state 'HY000', error code '1287', message ['VALUES function' is deprecated and will be removed in a future release. Please use an alias (INSERT INTO ... VALUES (...) AS alias) and replace VALUES(col) in the ON DUPLICATE KEY UPDATE clause with alias.col instead]
2026-04-13T13:20:03.470+08:00 DEBUG 11836 --- [ai-gateway] [nio-9988-exec-7] o.s.jdbc.core.JdbcTemplate               : SQLWarning ignored: SQL state 'HY000', error code '1287', message ['VALUES function' is deprecated and will be removed in a future release. Please use an alias (INSERT INTO ... VALUES (...) AS alias) and replace VALUES(col) in the ON DUPLICATE KEY UPDATE clause with alias.col instead]
2026-04-13T13:20:03.471+08:00 DEBUG 11836 --- [ai-gateway] [nio-9988-exec-7] o.s.w.s.m.m.a.HttpEntityMethodProcessor  : Found 'Content-Type:text/event-stream;charset=UTF-8' in response
2026-04-13T13:20:03.471+08:00 DEBUG 11836 --- [ai-gateway] [nio-9988-exec-7] o.s.w.s.m.m.a.HttpEntityMethodProcessor  : Writing ["data: {"type":"response.created","response":{"id":"resp_0de8a3ac6244aabb0169dc7cf927e48191b24a564fdd (truncated)..."]
2026-04-13T13:20:03.472+08:00 DEBUG 11836 --- [ai-gateway] [nio-9988-exec-7] o.s.web.servlet.DispatcherServlet        : Completed 200 OK
2026-04-13T13:20:03.664+08:00 DEBUG 11836 --- [ai-gateway] [nio-9988-exec-3] o.s.web.servlet.DispatcherServlet        : POST "/v1/responses", parameters={}
2026-04-13T13:20:03.665+08:00 DEBUG 11836 --- [ai-gateway] [nio-9988-exec-3] s.w.s.m.m.a.RequestMappingHandlerMapping : Mapped to com.zxw.modules.gateway.controller.GatewayChatController#responses(String, String, HttpServletRequest)
2026-04-13T13:20:04.127+08:00 DEBUG 11836 --- [ai-gateway] [nio-9988-exec-3] m.m.a.RequestResponseBodyMethodProcessor : Read "application/json;charset=UTF-8" to ["{"model":"gpt-5.4","instructions":"You are Codex, a coding agent based on GPT-5. You and the user sh (truncated)..."]
2026-04-13T13:20:04.129+08:00 DEBUG 11836 --- [ai-gateway] [nio-9988-exec-3] o.s.jdbc.core.JdbcTemplate               : Executing prepared SQL query
2026-04-13T13:20:04.130+08:00 DEBUG 11836 --- [ai-gateway] [nio-9988-exec-3] o.s.jdbc.core.JdbcTemplate               : Executing prepared SQL statement [select k.id, k.user_id, k.secret_hash, k.status, k.total_quota, k.used_quota, k.expires_at,
       u.username, u.role_code, coalesce(w.balance, 0) as balance
from api_keys k
join users u on u.id = k.user_id and u.deleted = 0
left join wallets w on w.user_id = u.id
where k.access_key = ? and k.deleted = 0
]
2026-04-13T13:20:04.232+08:00 DEBUG 11836 --- [ai-gateway] [nio-9988-exec-3] o.s.jdbc.core.JdbcTemplate               : Executing prepared SQL update
2026-04-13T13:20:04.239+08:00 DEBUG 11836 --- [ai-gateway] [nio-9988-exec-3] o.s.jdbc.core.JdbcTemplate               : Executing prepared SQL statement [update api_keys set last_used_at = now(), updated_at = now() where id = ?]
2026-04-13T13:20:04.245+08:00 DEBUG 11836 --- [ai-gateway] [nio-9988-exec-3] o.s.jdbc.core.JdbcTemplate               : Executing prepared SQL query
2026-04-13T13:20:04.245+08:00 DEBUG 11836 --- [ai-gateway] [nio-9988-exec-3] o.s.jdbc.core.JdbcTemplate               : Executing prepared SQL statement [select m.id as model_id, m.model_code, m.model_name, m.prompt_price, m.completion_price,
       m.request_price, m.multiplier, p.id as provider_id, p.provider_name, p.base_url, p.provider_type,
       p.timeout_ms, r.upstream_model, t.id as provider_token_id, t.token_value_encrypted
from models m
join model_routes r on r.model_id = m.id and r.status = 'ACTIVE'
join providers p on p.id = r.provider_id and p.deleted = 0 and p.status = 'ACTIVE'
join provider_tokens t on t.provider_id = p.id and t.deleted = 0 and t.status = 'ACTIVE'
where m.model_code = ? and m.deleted = 0 and m.status = 'ACTIVE'
order by r.priority_no asc, t.weight_no desc, t.id asc
limit 1
]
2026-04-13T13:20:06.425+08:00 DEBUG 11836 --- [ai-gateway] [nio-9988-exec-3] o.s.jdbc.core.JdbcTemplate               : Executing prepared SQL update
2026-04-13T13:20:06.426+08:00 DEBUG 11836 --- [ai-gateway] [nio-9988-exec-3] o.s.jdbc.core.JdbcTemplate               : Executing prepared SQL statement [insert into request_logs (request_id, user_id, api_key_id, model_code, provider_id, provider_token_id, upstream_model,
                          request_path, request_method, request_ip, request_body_json, response_body_json,
                          prompt_tokens, completion_tokens, total_tokens, user_amount, cost_amount, latency_ms,
                          success, status_code, error_message, request_date, created_at)
values (?, ?, ?, ?, ?, ?, ?, ?, ?, ?, cast(? as json), cast(? as json), ?, ?, ?, ?, ?, ?, ?, ?, ?, ?, now())
]
2026-04-13T13:20:06.427+08:00 DEBUG 11836 --- [ai-gateway] [nio-9988-exec-3] o.s.jdbc.core.StatementCreatorUtils      : JDBC getParameterType call failed - using fallback method instead: java.sql.SQLException: Parameter metadata not available for the given statement
2026-04-13T13:20:06.441+08:00 DEBUG 11836 --- [ai-gateway] [nio-9988-exec-3] o.s.jdbc.core.JdbcTemplate               : Executing prepared SQL update
2026-04-13T13:20:06.442+08:00 DEBUG 11836 --- [ai-gateway] [nio-9988-exec-3] o.s.jdbc.core.JdbcTemplate               : Executing prepared SQL statement [update wallets
set balance = balance - ?, total_consume = total_consume + ?, updated_at = now()
where user_id = ?
]
2026-04-13T13:20:06.444+08:00 DEBUG 11836 --- [ai-gateway] [nio-9988-exec-3] o.s.jdbc.core.JdbcTemplate               : Executing prepared SQL query
2026-04-13T13:20:06.445+08:00 DEBUG 11836 --- [ai-gateway] [nio-9988-exec-3] o.s.jdbc.core.JdbcTemplate               : Executing prepared SQL statement [select id from wallets where user_id = ?]
2026-04-13T13:20:06.446+08:00 DEBUG 11836 --- [ai-gateway] [nio-9988-exec-3] o.s.jdbc.core.JdbcTemplate               : Executing prepared SQL query
2026-04-13T13:20:06.448+08:00 DEBUG 11836 --- [ai-gateway] [nio-9988-exec-3] o.s.jdbc.core.JdbcTemplate               : Executing prepared SQL statement [select balance from wallets where user_id = ?]
2026-04-13T13:20:06.449+08:00 DEBUG 11836 --- [ai-gateway] [nio-9988-exec-3] o.s.jdbc.core.JdbcTemplate               : Executing prepared SQL update
2026-04-13T13:20:06.450+08:00 DEBUG 11836 --- [ai-gateway] [nio-9988-exec-3] o.s.jdbc.core.JdbcTemplate               : Executing prepared SQL statement [insert into transactions (user_id, wallet_id, order_no, transaction_type, direction, amount,
                          balance_before, balance_after, status, description_text, transaction_date)
values (?, ?, ?, 'CONSUME', 'OUT', ?, ?, ?, 'SUCCESS', ?, curdate())
]
2026-04-13T13:20:06.452+08:00 DEBUG 11836 --- [ai-gateway] [nio-9988-exec-3] o.s.jdbc.core.JdbcTemplate               : Executing prepared SQL update
2026-04-13T13:20:06.453+08:00 DEBUG 11836 --- [ai-gateway] [nio-9988-exec-3] o.s.jdbc.core.JdbcTemplate               : Executing prepared SQL statement [update api_keys
set used_quota = used_quota + ?, updated_at = now()
where id = ?
]
2026-04-13T13:20:06.455+08:00 DEBUG 11836 --- [ai-gateway] [nio-9988-exec-3] o.s.jdbc.core.JdbcTemplate               : Executing prepared SQL update
2026-04-13T13:20:06.456+08:00 DEBUG 11836 --- [ai-gateway] [nio-9988-exec-3] o.s.jdbc.core.JdbcTemplate               : Executing prepared SQL statement [insert into usage_daily (stat_date, user_id, model_code, provider_id, request_count, success_count, total_tokens, user_amount, cost_amount)
values (?, ?, ?, ?, 1, ?, ?, ?, ?)
on duplicate key update
    request_count = request_count + 1,
    success_count = success_count + values(success_count),
    total_tokens = total_tokens + values(total_tokens),
    user_amount = user_amount + values(user_amount),
    cost_amount = cost_amount + values(cost_amount),
    updated_at = now()
]
2026-04-13T13:20:06.459+08:00 DEBUG 11836 --- [ai-gateway] [nio-9988-exec-3] o.s.jdbc.core.JdbcTemplate               : SQLWarning ignored: SQL state 'HY000', error code '1287', message ['VALUES function' is deprecated and will be removed in a future release. Please use an alias (INSERT INTO ... VALUES (...) AS alias) and replace VALUES(col) in the ON DUPLICATE KEY UPDATE clause with alias.col instead]
2026-04-13T13:20:06.459+08:00 DEBUG 11836 --- [ai-gateway] [nio-9988-exec-3] o.s.jdbc.core.JdbcTemplate               : SQLWarning ignored: SQL state 'HY000', error code '1287', message ['VALUES function' is deprecated and will be removed in a future release. Please use an alias (INSERT INTO ... VALUES (...) AS alias) and replace VALUES(col) in the ON DUPLICATE KEY UPDATE clause with alias.col instead]
2026-04-13T13:20:06.460+08:00 DEBUG 11836 --- [ai-gateway] [nio-9988-exec-3] o.s.jdbc.core.JdbcTemplate               : SQLWarning ignored: SQL state 'HY000', error code '1287', message ['VALUES function' is deprecated and will be removed in a future release. Please use an alias (INSERT INTO ... VALUES (...) AS alias) and replace VALUES(col) in the ON DUPLICATE KEY UPDATE clause with alias.col instead]
2026-04-13T13:20:06.460+08:00 DEBUG 11836 --- [ai-gateway] [nio-9988-exec-3] o.s.jdbc.core.JdbcTemplate               : SQLWarning ignored: SQL state 'HY000', error code '1287', message ['VALUES function' is deprecated and will be removed in a future release. Please use an alias (INSERT INTO ... VALUES (...) AS alias) and replace VALUES(col) in the ON DUPLICATE KEY UPDATE clause with alias.col instead]
2026-04-13T13:20:06.460+08:00 DEBUG 11836 --- [ai-gateway] [nio-9988-exec-3] o.s.w.s.m.m.a.HttpEntityMethodProcessor  : Found 'Content-Type:text/event-stream;charset=UTF-8' in response
2026-04-13T13:20:06.461+08:00 DEBUG 11836 --- [ai-gateway] [nio-9988-exec-3] o.s.w.s.m.m.a.HttpEntityMethodProcessor  : Writing ["data: {"type":"response.created","response":{"id":"resp_0834b262478e58140169dc7d06501c8191acc3958547 (truncated)..."]
2026-04-13T13:20:06.462+08:00 DEBUG 11836 --- [ai-gateway] [nio-9988-exec-3] o.s.web.servlet.DispatcherServlet        : Completed 200 OK
2026-04-13T13:20:06.832+08:00 DEBUG 11836 --- [ai-gateway] [nio-9988-exec-6] o.s.web.servlet.DispatcherServlet        : POST "/v1/responses", parameters={}
2026-04-13T13:20:06.833+08:00 DEBUG 11836 --- [ai-gateway] [nio-9988-exec-6] s.w.s.m.m.a.RequestMappingHandlerMapping : Mapped to com.zxw.modules.gateway.controller.GatewayChatController#responses(String, String, HttpServletRequest)
2026-04-13T13:20:07.306+08:00 DEBUG 11836 --- [ai-gateway] [nio-9988-exec-6] m.m.a.RequestResponseBodyMethodProcessor : Read "application/json;charset=UTF-8" to ["{"model":"gpt-5.4","instructions":"You are Codex, a coding agent based on GPT-5. You and the user sh (truncated)..."]
2026-04-13T13:20:07.307+08:00 DEBUG 11836 --- [ai-gateway] [nio-9988-exec-6] o.s.jdbc.core.JdbcTemplate               : Executing prepared SQL query
2026-04-13T13:20:07.308+08:00 DEBUG 11836 --- [ai-gateway] [nio-9988-exec-6] o.s.jdbc.core.JdbcTemplate               : Executing prepared SQL statement [select k.id, k.user_id, k.secret_hash, k.status, k.total_quota, k.used_quota, k.expires_at,
       u.username, u.role_code, coalesce(w.balance, 0) as balance
from api_keys k
join users u on u.id = k.user_id and u.deleted = 0
left join wallets w on w.user_id = u.id
where k.access_key = ? and k.deleted = 0
]
2026-04-13T13:20:07.408+08:00 DEBUG 11836 --- [ai-gateway] [nio-9988-exec-6] o.s.jdbc.core.JdbcTemplate               : Executing prepared SQL update
2026-04-13T13:20:07.419+08:00 DEBUG 11836 --- [ai-gateway] [nio-9988-exec-6] o.s.jdbc.core.JdbcTemplate               : Executing prepared SQL statement [update api_keys set last_used_at = now(), updated_at = now() where id = ?]
2026-04-13T13:20:07.429+08:00 DEBUG 11836 --- [ai-gateway] [nio-9988-exec-6] o.s.jdbc.core.JdbcTemplate               : Executing prepared SQL query
2026-04-13T13:20:07.430+08:00 DEBUG 11836 --- [ai-gateway] [nio-9988-exec-6] o.s.jdbc.core.JdbcTemplate               : Executing prepared SQL statement [select m.id as model_id, m.model_code, m.model_name, m.prompt_price, m.completion_price,
       m.request_price, m.multiplier, p.id as provider_id, p.provider_name, p.base_url, p.provider_type,
       p.timeout_ms, r.upstream_model, t.id as provider_token_id, t.token_value_encrypted
from models m
join model_routes r on r.model_id = m.id and r.status = 'ACTIVE'
join providers p on p.id = r.provider_id and p.deleted = 0 and p.status = 'ACTIVE'
join provider_tokens t on t.provider_id = p.id and t.deleted = 0 and t.status = 'ACTIVE'
where m.model_code = ? and m.deleted = 0 and m.status = 'ACTIVE'
order by r.priority_no asc, t.weight_no desc, t.id asc
limit 1
]
2026-04-13T13:20:09.681+08:00 DEBUG 11836 --- [ai-gateway] [nio-9988-exec-6] o.s.jdbc.core.JdbcTemplate               : Executing prepared SQL update
2026-04-13T13:20:09.682+08:00 DEBUG 11836 --- [ai-gateway] [nio-9988-exec-6] o.s.jdbc.core.JdbcTemplate               : Executing prepared SQL statement [insert into request_logs (request_id, user_id, api_key_id, model_code, provider_id, provider_token_id, upstream_model,
                          request_path, request_method, request_ip, request_body_json, response_body_json,
                          prompt_tokens, completion_tokens, total_tokens, user_amount, cost_amount, latency_ms,
                          success, status_code, error_message, request_date, created_at)
values (?, ?, ?, ?, ?, ?, ?, ?, ?, ?, cast(? as json), cast(? as json), ?, ?, ?, ?, ?, ?, ?, ?, ?, ?, now())
]
2026-04-13T13:20:09.684+08:00 DEBUG 11836 --- [ai-gateway] [nio-9988-exec-6] o.s.jdbc.core.StatementCreatorUtils      : JDBC getParameterType call failed - using fallback method instead: java.sql.SQLException: Parameter metadata not available for the given statement
2026-04-13T13:20:09.700+08:00 DEBUG 11836 --- [ai-gateway] [nio-9988-exec-6] o.s.jdbc.core.JdbcTemplate               : Executing prepared SQL update
2026-04-13T13:20:09.702+08:00 DEBUG 11836 --- [ai-gateway] [nio-9988-exec-6] o.s.jdbc.core.JdbcTemplate               : Executing prepared SQL statement [update wallets
set balance = balance - ?, total_consume = total_consume + ?, updated_at = now()
where user_id = ?
]
2026-04-13T13:20:09.705+08:00 DEBUG 11836 --- [ai-gateway] [nio-9988-exec-6] o.s.jdbc.core.JdbcTemplate               : Executing prepared SQL query
2026-04-13T13:20:09.707+08:00 DEBUG 11836 --- [ai-gateway] [nio-9988-exec-6] o.s.jdbc.core.JdbcTemplate               : Executing prepared SQL statement [select id from wallets where user_id = ?]
2026-04-13T13:20:09.708+08:00 DEBUG 11836 --- [ai-gateway] [nio-9988-exec-6] o.s.jdbc.core.JdbcTemplate               : Executing prepared SQL query
2026-04-13T13:20:09.709+08:00 DEBUG 11836 --- [ai-gateway] [nio-9988-exec-6] o.s.jdbc.core.JdbcTemplate               : Executing prepared SQL statement [select balance from wallets where user_id = ?]
2026-04-13T13:20:09.710+08:00 DEBUG 11836 --- [ai-gateway] [nio-9988-exec-6] o.s.jdbc.core.JdbcTemplate               : Executing prepared SQL update
2026-04-13T13:20:09.711+08:00 DEBUG 11836 --- [ai-gateway] [nio-9988-exec-6] o.s.jdbc.core.JdbcTemplate               : Executing prepared SQL statement [insert into transactions (user_id, wallet_id, order_no, transaction_type, direction, amount,
                          balance_before, balance_after, status, description_text, transaction_date)
values (?, ?, ?, 'CONSUME', 'OUT', ?, ?, ?, 'SUCCESS', ?, curdate())
]
2026-04-13T13:20:09.713+08:00 DEBUG 11836 --- [ai-gateway] [nio-9988-exec-6] o.s.jdbc.core.JdbcTemplate               : Executing prepared SQL update
2026-04-13T13:20:09.715+08:00 DEBUG 11836 --- [ai-gateway] [nio-9988-exec-6] o.s.jdbc.core.JdbcTemplate               : Executing prepared SQL statement [update api_keys
set used_quota = used_quota + ?, updated_at = now()
where id = ?
]
2026-04-13T13:20:09.717+08:00 DEBUG 11836 --- [ai-gateway] [nio-9988-exec-6] o.s.jdbc.core.JdbcTemplate               : Executing prepared SQL update
2026-04-13T13:20:09.718+08:00 DEBUG 11836 --- [ai-gateway] [nio-9988-exec-6] o.s.jdbc.core.JdbcTemplate               : Executing prepared SQL statement [insert into usage_daily (stat_date, user_id, model_code, provider_id, request_count, success_count, total_tokens, user_amount, cost_amount)
values (?, ?, ?, ?, 1, ?, ?, ?, ?)
on duplicate key update
    request_count = request_count + 1,
    success_count = success_count + values(success_count),
    total_tokens = total_tokens + values(total_tokens),
    user_amount = user_amount + values(user_amount),
    cost_amount = cost_amount + values(cost_amount),
    updated_at = now()
]
2026-04-13T13:20:09.721+08:00 DEBUG 11836 --- [ai-gateway] [nio-9988-exec-6] o.s.jdbc.core.JdbcTemplate               : SQLWarning ignored: SQL state 'HY000', error code '1287', message ['VALUES function' is deprecated and will be removed in a future release. Please use an alias (INSERT INTO ... VALUES (...) AS alias) and replace VALUES(col) in the ON DUPLICATE KEY UPDATE clause with alias.col instead]
2026-04-13T13:20:09.721+08:00 DEBUG 11836 --- [ai-gateway] [nio-9988-exec-6] o.s.jdbc.core.JdbcTemplate               : SQLWarning ignored: SQL state 'HY000', error code '1287', message ['VALUES function' is deprecated and will be removed in a future release. Please use an alias (INSERT INTO ... VALUES (...) AS alias) and replace VALUES(col) in the ON DUPLICATE KEY UPDATE clause with alias.col instead]
2026-04-13T13:20:09.722+08:00 DEBUG 11836 --- [ai-gateway] [nio-9988-exec-6] o.s.jdbc.core.JdbcTemplate               : SQLWarning ignored: SQL state 'HY000', error code '1287', message ['VALUES function' is deprecated and will be removed in a future release. Please use an alias (INSERT INTO ... VALUES (...) AS alias) and replace VALUES(col) in the ON DUPLICATE KEY UPDATE clause with alias.col instead]
2026-04-13T13:20:09.723+08:00 DEBUG 11836 --- [ai-gateway] [nio-9988-exec-6] o.s.jdbc.core.JdbcTemplate               : SQLWarning ignored: SQL state 'HY000', error code '1287', message ['VALUES function' is deprecated and will be removed in a future release. Please use an alias (INSERT INTO ... VALUES (...) AS alias) and replace VALUES(col) in the ON DUPLICATE KEY UPDATE clause with alias.col instead]
2026-04-13T13:20:09.724+08:00 DEBUG 11836 --- [ai-gateway] [nio-9988-exec-6] o.s.w.s.m.m.a.HttpEntityMethodProcessor  : Found 'Content-Type:text/event-stream;charset=UTF-8' in response
2026-04-13T13:20:09.725+08:00 DEBUG 11836 --- [ai-gateway] [nio-9988-exec-6] o.s.w.s.m.m.a.HttpEntityMethodProcessor  : Writing ["data: {"type":"response.created","response":{"id":"resp_0cdd43e4547627950169dc7d09bc2881919d302475db (truncated)..."]
2026-04-13T13:20:09.726+08:00 DEBUG 11836 --- [ai-gateway] [nio-9988-exec-6] o.s.web.servlet.DispatcherServlet        : Completed 200 OK
2026-04-13T13:20:10.156+08:00 DEBUG 11836 --- [ai-gateway] [io-9988-exec-10] o.s.web.servlet.DispatcherServlet        : POST "/v1/responses", parameters={}
2026-04-13T13:20:10.156+08:00 DEBUG 11836 --- [ai-gateway] [io-9988-exec-10] s.w.s.m.m.a.RequestMappingHandlerMapping : Mapped to com.zxw.modules.gateway.controller.GatewayChatController#responses(String, String, HttpServletRequest)
2026-04-13T13:20:10.649+08:00 DEBUG 11836 --- [ai-gateway] [io-9988-exec-10] m.m.a.RequestResponseBodyMethodProcessor : Read "application/json;charset=UTF-8" to ["{"model":"gpt-5.4","instructions":"You are Codex, a coding agent based on GPT-5. You and the user sh (truncated)..."]
2026-04-13T13:20:10.651+08:00 DEBUG 11836 --- [ai-gateway] [io-9988-exec-10] o.s.jdbc.core.JdbcTemplate               : Executing prepared SQL query
2026-04-13T13:20:10.651+08:00 DEBUG 11836 --- [ai-gateway] [io-9988-exec-10] o.s.jdbc.core.JdbcTemplate               : Executing prepared SQL statement [select k.id, k.user_id, k.secret_hash, k.status, k.total_quota, k.used_quota, k.expires_at,
       u.username, u.role_code, coalesce(w.balance, 0) as balance
from api_keys k
join users u on u.id = k.user_id and u.deleted = 0
left join wallets w on w.user_id = u.id
where k.access_key = ? and k.deleted = 0
]
2026-04-13T13:20:10.740+08:00 DEBUG 11836 --- [ai-gateway] [io-9988-exec-10] o.s.jdbc.core.JdbcTemplate               : Executing prepared SQL update
2026-04-13T13:20:10.741+08:00 DEBUG 11836 --- [ai-gateway] [io-9988-exec-10] o.s.jdbc.core.JdbcTemplate               : Executing prepared SQL statement [update api_keys set last_used_at = now(), updated_at = now() where id = ?]
2026-04-13T13:20:10.747+08:00 DEBUG 11836 --- [ai-gateway] [io-9988-exec-10] o.s.jdbc.core.JdbcTemplate               : Executing prepared SQL query
2026-04-13T13:20:10.749+08:00 DEBUG 11836 --- [ai-gateway] [io-9988-exec-10] o.s.jdbc.core.JdbcTemplate               : Executing prepared SQL statement [select m.id as model_id, m.model_code, m.model_name, m.prompt_price, m.completion_price,
       m.request_price, m.multiplier, p.id as provider_id, p.provider_name, p.base_url, p.provider_type,
       p.timeout_ms, r.upstream_model, t.id as provider_token_id, t.token_value_encrypted
from models m
join model_routes r on r.model_id = m.id and r.status = 'ACTIVE'
join providers p on p.id = r.provider_id and p.deleted = 0 and p.status = 'ACTIVE'
join provider_tokens t on t.provider_id = p.id and t.deleted = 0 and t.status = 'ACTIVE'
where m.model_code = ? and m.deleted = 0 and m.status = 'ACTIVE'
order by r.priority_no asc, t.weight_no desc, t.id asc
limit 1
]
2026-04-13T13:20:15.854+08:00 DEBUG 11836 --- [ai-gateway] [io-9988-exec-10] o.s.jdbc.core.JdbcTemplate               : Executing prepared SQL update
2026-04-13T13:20:15.855+08:00 DEBUG 11836 --- [ai-gateway] [io-9988-exec-10] o.s.jdbc.core.JdbcTemplate               : Executing prepared SQL statement [insert into request_logs (request_id, user_id, api_key_id, model_code, provider_id, provider_token_id, upstream_model,
                          request_path, request_method, request_ip, request_body_json, response_body_json,
                          prompt_tokens, completion_tokens, total_tokens, user_amount, cost_amount, latency_ms,
                          success, status_code, error_message, request_date, created_at)
values (?, ?, ?, ?, ?, ?, ?, ?, ?, ?, cast(? as json), cast(? as json), ?, ?, ?, ?, ?, ?, ?, ?, ?, ?, now())
]
2026-04-13T13:20:15.873+08:00 DEBUG 11836 --- [ai-gateway] [io-9988-exec-10] o.s.jdbc.core.JdbcTemplate               : Executing prepared SQL update
2026-04-13T13:20:15.874+08:00 DEBUG 11836 --- [ai-gateway] [io-9988-exec-10] o.s.jdbc.core.JdbcTemplate               : Executing prepared SQL statement [insert into usage_daily (stat_date, user_id, model_code, provider_id, request_count, success_count, total_tokens, user_amount, cost_amount)
values (?, ?, ?, ?, 1, ?, ?, ?, ?)
on duplicate key update
    request_count = request_count + 1,
    success_count = success_count + values(success_count),
    total_tokens = total_tokens + values(total_tokens),
    user_amount = user_amount + values(user_amount),
    cost_amount = cost_amount + values(cost_amount),
    updated_at = now()
]
2026-04-13T13:20:15.878+08:00 DEBUG 11836 --- [ai-gateway] [io-9988-exec-10] o.s.jdbc.core.JdbcTemplate               : SQLWarning ignored: SQL state 'HY000', error code '1287', message ['VALUES function' is deprecated and will be removed in a future release. Please use an alias (INSERT INTO ... VALUES (...) AS alias) and replace VALUES(col) in the ON DUPLICATE KEY UPDATE clause with alias.col instead]
2026-04-13T13:20:15.879+08:00 DEBUG 11836 --- [ai-gateway] [io-9988-exec-10] o.s.jdbc.core.JdbcTemplate               : SQLWarning ignored: SQL state 'HY000', error code '1287', message ['VALUES function' is deprecated and will be removed in a future release. Please use an alias (INSERT INTO ... VALUES (...) AS alias) and replace VALUES(col) in the ON DUPLICATE KEY UPDATE clause with alias.col instead]
2026-04-13T13:20:15.879+08:00 DEBUG 11836 --- [ai-gateway] [io-9988-exec-10] o.s.jdbc.core.JdbcTemplate               : SQLWarning ignored: SQL state 'HY000', error code '1287', message ['VALUES function' is deprecated and will be removed in a future release. Please use an alias (INSERT INTO ... VALUES (...) AS alias) and replace VALUES(col) in the ON DUPLICATE KEY UPDATE clause with alias.col instead]
2026-04-13T13:20:15.879+08:00 DEBUG 11836 --- [ai-gateway] [io-9988-exec-10] o.s.jdbc.core.JdbcTemplate               : SQLWarning ignored: SQL state 'HY000', error code '1287', message ['VALUES function' is deprecated and will be removed in a future release. Please use an alias (INSERT INTO ... VALUES (...) AS alias) and replace VALUES(col) in the ON DUPLICATE KEY UPDATE clause with alias.col instead]
2026-04-13T13:20:15.880+08:00 DEBUG 11836 --- [ai-gateway] [io-9988-exec-10] o.s.w.s.m.m.a.HttpEntityMethodProcessor  : Found 'Content-Type:text/event-stream;charset=UTF-8' in response
2026-04-13T13:20:15.880+08:00 DEBUG 11836 --- [ai-gateway] [io-9988-exec-10] o.s.w.s.m.m.a.HttpEntityMethodProcessor  : Writing ["{"error":{"message":"Post \"https://chatgpt.com/backend-api/codex/responses\": EOF","type":"server_e (truncated)..."]
2026-04-13T13:20:15.882+08:00 DEBUG 11836 --- [ai-gateway] [io-9988-exec-10] o.s.web.servlet.DispatcherServlet        : Completed 500 INTERNAL_SERVER_ERROR
2026-04-13T13:20:16.669+08:00 DEBUG 11836 --- [ai-gateway] [nio-9988-exec-9] o.s.web.servlet.DispatcherServlet        : POST "/v1/responses", parameters={}
2026-04-13T13:20:16.670+08:00 DEBUG 11836 --- [ai-gateway] [nio-9988-exec-9] s.w.s.m.m.a.RequestMappingHandlerMapping : Mapped to com.zxw.modules.gateway.controller.GatewayChatController#responses(String, String, HttpServletRequest)
2026-04-13T13:20:17.741+08:00 DEBUG 11836 --- [ai-gateway] [nio-9988-exec-9] m.m.a.RequestResponseBodyMethodProcessor : Read "application/json;charset=UTF-8" to ["{"model":"gpt-5.4","instructions":"You are Codex, a coding agent based on GPT-5. You and the user sh (truncated)..."]
2026-04-13T13:20:17.742+08:00 DEBUG 11836 --- [ai-gateway] [nio-9988-exec-9] o.s.jdbc.core.JdbcTemplate               : Executing prepared SQL query
2026-04-13T13:20:17.743+08:00 DEBUG 11836 --- [ai-gateway] [nio-9988-exec-9] o.s.jdbc.core.JdbcTemplate               : Executing prepared SQL statement [select k.id, k.user_id, k.secret_hash, k.status, k.total_quota, k.used_quota, k.expires_at,
       u.username, u.role_code, coalesce(w.balance, 0) as balance
from api_keys k
join users u on u.id = k.user_id and u.deleted = 0
left join wallets w on w.user_id = u.id
where k.access_key = ? and k.deleted = 0
]
2026-04-13T13:20:17.824+08:00 DEBUG 11836 --- [ai-gateway] [nio-9988-exec-9] o.s.jdbc.core.JdbcTemplate               : Executing prepared SQL update
2026-04-13T13:20:17.824+08:00 DEBUG 11836 --- [ai-gateway] [nio-9988-exec-9] o.s.jdbc.core.JdbcTemplate               : Executing prepared SQL statement [update api_keys set last_used_at = now(), updated_at = now() where id = ?]
2026-04-13T13:20:17.829+08:00 DEBUG 11836 --- [ai-gateway] [nio-9988-exec-9] o.s.jdbc.core.JdbcTemplate               : Executing prepared SQL query
2026-04-13T13:20:17.830+08:00 DEBUG 11836 --- [ai-gateway] [nio-9988-exec-9] o.s.jdbc.core.JdbcTemplate               : Executing prepared SQL statement [select m.id as model_id, m.model_code, m.model_name, m.prompt_price, m.completion_price,
       m.request_price, m.multiplier, p.id as provider_id, p.provider_name, p.base_url, p.provider_type,
       p.timeout_ms, r.upstream_model, t.id as provider_token_id, t.token_value_encrypted
from models m
join model_routes r on r.model_id = m.id and r.status = 'ACTIVE'
join providers p on p.id = r.provider_id and p.deleted = 0 and p.status = 'ACTIVE'
join provider_tokens t on t.provider_id = p.id and t.deleted = 0 and t.status = 'ACTIVE'
where m.model_code = ? and m.deleted = 0 and m.status = 'ACTIVE'
order by r.priority_no asc, t.weight_no desc, t.id asc
limit 1
]
2026-04-13T13:20:20.803+08:00 DEBUG 11836 --- [ai-gateway] [nio-9988-exec-9] o.s.jdbc.core.JdbcTemplate               : Executing prepared SQL update
2026-04-13T13:20:20.804+08:00 DEBUG 11836 --- [ai-gateway] [nio-9988-exec-9] o.s.jdbc.core.JdbcTemplate               : Executing prepared SQL statement [insert into request_logs (request_id, user_id, api_key_id, model_code, provider_id, provider_token_id, upstream_model,
                          request_path, request_method, request_ip, request_body_json, response_body_json,
                          prompt_tokens, completion_tokens, total_tokens, user_amount, cost_amount, latency_ms,
                          success, status_code, error_message, request_date, created_at)
values (?, ?, ?, ?, ?, ?, ?, ?, ?, ?, cast(? as json), cast(? as json), ?, ?, ?, ?, ?, ?, ?, ?, ?, ?, now())
]
2026-04-13T13:20:20.807+08:00 DEBUG 11836 --- [ai-gateway] [nio-9988-exec-9] o.s.jdbc.core.StatementCreatorUtils      : JDBC getParameterType call failed - using fallback method instead: java.sql.SQLException: Parameter metadata not available for the given statement
2026-04-13T13:20:20.829+08:00 DEBUG 11836 --- [ai-gateway] [nio-9988-exec-9] o.s.jdbc.core.JdbcTemplate               : Executing prepared SQL update
2026-04-13T13:20:20.830+08:00 DEBUG 11836 --- [ai-gateway] [nio-9988-exec-9] o.s.jdbc.core.JdbcTemplate               : Executing prepared SQL statement [update wallets
set balance = balance - ?, total_consume = total_consume + ?, updated_at = now()
where user_id = ?
]
2026-04-13T13:20:20.834+08:00 DEBUG 11836 --- [ai-gateway] [nio-9988-exec-9] o.s.jdbc.core.JdbcTemplate               : Executing prepared SQL query
2026-04-13T13:20:20.835+08:00 DEBUG 11836 --- [ai-gateway] [nio-9988-exec-9] o.s.jdbc.core.JdbcTemplate               : Executing prepared SQL statement [select id from wallets where user_id = ?]
2026-04-13T13:20:20.836+08:00 DEBUG 11836 --- [ai-gateway] [nio-9988-exec-9] o.s.jdbc.core.JdbcTemplate               : Executing prepared SQL query
2026-04-13T13:20:20.837+08:00 DEBUG 11836 --- [ai-gateway] [nio-9988-exec-9] o.s.jdbc.core.JdbcTemplate               : Executing prepared SQL statement [select balance from wallets where user_id = ?]
2026-04-13T13:20:20.839+08:00 DEBUG 11836 --- [ai-gateway] [nio-9988-exec-9] o.s.jdbc.core.JdbcTemplate               : Executing prepared SQL update
2026-04-13T13:20:20.841+08:00 DEBUG 11836 --- [ai-gateway] [nio-9988-exec-9] o.s.jdbc.core.JdbcTemplate               : Executing prepared SQL statement [insert into transactions (user_id, wallet_id, order_no, transaction_type, direction, amount,
                          balance_before, balance_after, status, description_text, transaction_date)
values (?, ?, ?, 'CONSUME', 'OUT', ?, ?, ?, 'SUCCESS', ?, curdate())
]
2026-04-13T13:20:20.843+08:00 DEBUG 11836 --- [ai-gateway] [nio-9988-exec-9] o.s.jdbc.core.JdbcTemplate               : Executing prepared SQL update
2026-04-13T13:20:20.844+08:00 DEBUG 11836 --- [ai-gateway] [nio-9988-exec-9] o.s.jdbc.core.JdbcTemplate               : Executing prepared SQL statement [update api_keys
set used_quota = used_quota + ?, updated_at = now()
where id = ?
]
2026-04-13T13:20:20.848+08:00 DEBUG 11836 --- [ai-gateway] [nio-9988-exec-9] o.s.jdbc.core.JdbcTemplate               : Executing prepared SQL update
2026-04-13T13:20:20.849+08:00 DEBUG 11836 --- [ai-gateway] [nio-9988-exec-9] o.s.jdbc.core.JdbcTemplate               : Executing prepared SQL statement [insert into usage_daily (stat_date, user_id, model_code, provider_id, request_count, success_count, total_tokens, user_amount, cost_amount)
values (?, ?, ?, ?, 1, ?, ?, ?, ?)
on duplicate key update
    request_count = request_count + 1,
    success_count = success_count + values(success_count),
    total_tokens = total_tokens + values(total_tokens),
    user_amount = user_amount + values(user_amount),
    cost_amount = cost_amount + values(cost_amount),
    updated_at = now()
]
2026-04-13T13:20:20.852+08:00 DEBUG 11836 --- [ai-gateway] [nio-9988-exec-9] o.s.jdbc.core.JdbcTemplate               : SQLWarning ignored: SQL state 'HY000', error code '1287', message ['VALUES function' is deprecated and will be removed in a future release. Please use an alias (INSERT INTO ... VALUES (...) AS alias) and replace VALUES(col) in the ON DUPLICATE KEY UPDATE clause with alias.col instead]
2026-04-13T13:20:20.853+08:00 DEBUG 11836 --- [ai-gateway] [nio-9988-exec-9] o.s.jdbc.core.JdbcTemplate               : SQLWarning ignored: SQL state 'HY000', error code '1287', message ['VALUES function' is deprecated and will be removed in a future release. Please use an alias (INSERT INTO ... VALUES (...) AS alias) and replace VALUES(col) in the ON DUPLICATE KEY UPDATE clause with alias.col instead]
2026-04-13T13:20:20.854+08:00 DEBUG 11836 --- [ai-gateway] [nio-9988-exec-9] o.s.jdbc.core.JdbcTemplate               : SQLWarning ignored: SQL state 'HY000', error code '1287', message ['VALUES function' is deprecated and will be removed in a future release. Please use an alias (INSERT INTO ... VALUES (...) AS alias) and replace VALUES(col) in the ON DUPLICATE KEY UPDATE clause with alias.col instead]
2026-04-13T13:20:20.855+08:00 DEBUG 11836 --- [ai-gateway] [nio-9988-exec-9] o.s.jdbc.core.JdbcTemplate               : SQLWarning ignored: SQL state 'HY000', error code '1287', message ['VALUES function' is deprecated and will be removed in a future release. Please use an alias (INSERT INTO ... VALUES (...) AS alias) and replace VALUES(col) in the ON DUPLICATE KEY UPDATE clause with alias.col instead]
2026-04-13T13:20:20.856+08:00 DEBUG 11836 --- [ai-gateway] [nio-9988-exec-9] o.s.w.s.m.m.a.HttpEntityMethodProcessor  : Found 'Content-Type:text/event-stream;charset=UTF-8' in response
2026-04-13T13:20:20.858+08:00 DEBUG 11836 --- [ai-gateway] [nio-9988-exec-9] o.s.w.s.m.m.a.HttpEntityMethodProcessor  : Writing ["data: {"type":"response.created","response":{"id":"resp_0612729a8a46b5320169dc7d1488e88191bfad24de54 (truncated)..."]
2026-04-13T13:20:20.859+08:00 DEBUG 11836 --- [ai-gateway] [nio-9988-exec-9] o.s.web.servlet.DispatcherServlet        : Completed 200 OK
2026-04-13T13:20:56.839+08:00 DEBUG 11836 --- [ai-gateway] [nio-9988-exec-5] o.s.web.servlet.DispatcherServlet        : POST "/v1/responses", parameters={}
2026-04-13T13:20:56.839+08:00 DEBUG 11836 --- [ai-gateway] [nio-9988-exec-5] s.w.s.m.m.a.RequestMappingHandlerMapping : Mapped to com.zxw.modules.gateway.controller.GatewayChatController#responses(String, String, HttpServletRequest)
2026-04-13T13:20:57.345+08:00 DEBUG 11836 --- [ai-gateway] [nio-9988-exec-5] m.m.a.RequestResponseBodyMethodProcessor : Read "application/json;charset=UTF-8" to ["{"model":"gpt-5.4","instructions":"You are Codex, a coding agent based on GPT-5. You and the user sh (truncated)..."]
2026-04-13T13:20:57.347+08:00 DEBUG 11836 --- [ai-gateway] [nio-9988-exec-5] o.s.jdbc.core.JdbcTemplate               : Executing prepared SQL query
2026-04-13T13:20:57.347+08:00 DEBUG 11836 --- [ai-gateway] [nio-9988-exec-5] o.s.jdbc.core.JdbcTemplate               : Executing prepared SQL statement [select k.id, k.user_id, k.secret_hash, k.status, k.total_quota, k.used_quota, k.expires_at,
       u.username, u.role_code, coalesce(w.balance, 0) as balance
from api_keys k
join users u on u.id = k.user_id and u.deleted = 0
left join wallets w on w.user_id = u.id
where k.access_key = ? and k.deleted = 0
]
2026-04-13T13:20:57.428+08:00 DEBUG 11836 --- [ai-gateway] [nio-9988-exec-5] o.s.jdbc.core.JdbcTemplate               : Executing prepared SQL update
2026-04-13T13:20:57.428+08:00 DEBUG 11836 --- [ai-gateway] [nio-9988-exec-5] o.s.jdbc.core.JdbcTemplate               : Executing prepared SQL statement [update api_keys set last_used_at = now(), updated_at = now() where id = ?]
2026-04-13T13:20:57.434+08:00 DEBUG 11836 --- [ai-gateway] [nio-9988-exec-5] o.s.jdbc.core.JdbcTemplate               : Executing prepared SQL query
2026-04-13T13:20:57.435+08:00 DEBUG 11836 --- [ai-gateway] [nio-9988-exec-5] o.s.jdbc.core.JdbcTemplate               : Executing prepared SQL statement [select m.id as model_id, m.model_code, m.model_name, m.prompt_price, m.completion_price,
       m.request_price, m.multiplier, p.id as provider_id, p.provider_name, p.base_url, p.provider_type,
       p.timeout_ms, r.upstream_model, t.id as provider_token_id, t.token_value_encrypted
from models m
join model_routes r on r.model_id = m.id and r.status = 'ACTIVE'
join providers p on p.id = r.provider_id and p.deleted = 0 and p.status = 'ACTIVE'
join provider_tokens t on t.provider_id = p.id and t.deleted = 0 and t.status = 'ACTIVE'
where m.model_code = ? and m.deleted = 0 and m.status = 'ACTIVE'
order by r.priority_no asc, t.weight_no desc, t.id asc
limit 1
]
2026-04-13T13:21:00.511+08:00 DEBUG 11836 --- [ai-gateway] [nio-9988-exec-5] o.s.jdbc.core.JdbcTemplate               : Executing prepared SQL update
2026-04-13T13:21:00.512+08:00 DEBUG 11836 --- [ai-gateway] [nio-9988-exec-5] o.s.jdbc.core.JdbcTemplate               : Executing prepared SQL statement [insert into request_logs (request_id, user_id, api_key_id, model_code, provider_id, provider_token_id, upstream_model,
                          request_path, request_method, request_ip, request_body_json, response_body_json,
                          prompt_tokens, completion_tokens, total_tokens, user_amount, cost_amount, latency_ms,
                          success, status_code, error_message, request_date, created_at)
values (?, ?, ?, ?, ?, ?, ?, ?, ?, ?, cast(? as json), cast(? as json), ?, ?, ?, ?, ?, ?, ?, ?, ?, ?, now())
]
2026-04-13T13:21:00.513+08:00 DEBUG 11836 --- [ai-gateway] [nio-9988-exec-5] o.s.jdbc.core.StatementCreatorUtils      : JDBC getParameterType call failed - using fallback method instead: java.sql.SQLException: Parameter metadata not available for the given statement
2026-04-13T13:21:00.557+08:00 DEBUG 11836 --- [ai-gateway] [nio-9988-exec-5] o.s.jdbc.core.JdbcTemplate               : Executing prepared SQL update
2026-04-13T13:21:00.558+08:00 DEBUG 11836 --- [ai-gateway] [nio-9988-exec-5] o.s.jdbc.core.JdbcTemplate               : Executing prepared SQL statement [update wallets
set balance = balance - ?, total_consume = total_consume + ?, updated_at = now()
where user_id = ?
]
2026-04-13T13:21:00.562+08:00 DEBUG 11836 --- [ai-gateway] [nio-9988-exec-5] o.s.jdbc.core.JdbcTemplate               : Executing prepared SQL query
2026-04-13T13:21:00.563+08:00 DEBUG 11836 --- [ai-gateway] [nio-9988-exec-5] o.s.jdbc.core.JdbcTemplate               : Executing prepared SQL statement [select id from wallets where user_id = ?]
2026-04-13T13:21:00.565+08:00 DEBUG 11836 --- [ai-gateway] [nio-9988-exec-5] o.s.jdbc.core.JdbcTemplate               : Executing prepared SQL query
2026-04-13T13:21:00.566+08:00 DEBUG 11836 --- [ai-gateway] [nio-9988-exec-5] o.s.jdbc.core.JdbcTemplate               : Executing prepared SQL statement [select balance from wallets where user_id = ?]
2026-04-13T13:21:00.567+08:00 DEBUG 11836 --- [ai-gateway] [nio-9988-exec-5] o.s.jdbc.core.JdbcTemplate               : Executing prepared SQL update
2026-04-13T13:21:00.568+08:00 DEBUG 11836 --- [ai-gateway] [nio-9988-exec-5] o.s.jdbc.core.JdbcTemplate               : Executing prepared SQL statement [insert into transactions (user_id, wallet_id, order_no, transaction_type, direction, amount,
                          balance_before, balance_after, status, description_text, transaction_date)
values (?, ?, ?, 'CONSUME', 'OUT', ?, ?, ?, 'SUCCESS', ?, curdate())
]
2026-04-13T13:21:00.571+08:00 DEBUG 11836 --- [ai-gateway] [nio-9988-exec-5] o.s.jdbc.core.JdbcTemplate               : Executing prepared SQL update
2026-04-13T13:21:00.571+08:00 DEBUG 11836 --- [ai-gateway] [nio-9988-exec-5] o.s.jdbc.core.JdbcTemplate               : Executing prepared SQL statement [update api_keys
set used_quota = used_quota + ?, updated_at = now()
where id = ?
]
2026-04-13T13:21:00.574+08:00 DEBUG 11836 --- [ai-gateway] [nio-9988-exec-5] o.s.jdbc.core.JdbcTemplate               : Executing prepared SQL update
2026-04-13T13:21:00.575+08:00 DEBUG 11836 --- [ai-gateway] [nio-9988-exec-5] o.s.jdbc.core.JdbcTemplate               : Executing prepared SQL statement [insert into usage_daily (stat_date, user_id, model_code, provider_id, request_count, success_count, total_tokens, user_amount, cost_amount)
values (?, ?, ?, ?, 1, ?, ?, ?, ?)
on duplicate key update
    request_count = request_count + 1,
    success_count = success_count + values(success_count),
    total_tokens = total_tokens + values(total_tokens),
    user_amount = user_amount + values(user_amount),
    cost_amount = cost_amount + values(cost_amount),
    updated_at = now()
]
2026-04-13T13:21:00.577+08:00 DEBUG 11836 --- [ai-gateway] [nio-9988-exec-5] o.s.jdbc.core.JdbcTemplate               : SQLWarning ignored: SQL state 'HY000', error code '1287', message ['VALUES function' is deprecated and will be removed in a future release. Please use an alias (INSERT INTO ... VALUES (...) AS alias) and replace VALUES(col) in the ON DUPLICATE KEY UPDATE clause with alias.col instead]
2026-04-13T13:21:00.578+08:00 DEBUG 11836 --- [ai-gateway] [nio-9988-exec-5] o.s.jdbc.core.JdbcTemplate               : SQLWarning ignored: SQL state 'HY000', error code '1287', message ['VALUES function' is deprecated and will be removed in a future release. Please use an alias (INSERT INTO ... VALUES (...) AS alias) and replace VALUES(col) in the ON DUPLICATE KEY UPDATE clause with alias.col instead]
2026-04-13T13:21:00.579+08:00 DEBUG 11836 --- [ai-gateway] [nio-9988-exec-5] o.s.jdbc.core.JdbcTemplate               : SQLWarning ignored: SQL state 'HY000', error code '1287', message ['VALUES function' is deprecated and will be removed in a future release. Please use an alias (INSERT INTO ... VALUES (...) AS alias) and replace VALUES(col) in the ON DUPLICATE KEY UPDATE clause with alias.col instead]
2026-04-13T13:21:00.579+08:00 DEBUG 11836 --- [ai-gateway] [nio-9988-exec-5] o.s.jdbc.core.JdbcTemplate               : SQLWarning ignored: SQL state 'HY000', error code '1287', message ['VALUES function' is deprecated and will be removed in a future release. Please use an alias (INSERT INTO ... VALUES (...) AS alias) and replace VALUES(col) in the ON DUPLICATE KEY UPDATE clause with alias.col instead]
2026-04-13T13:21:00.580+08:00 DEBUG 11836 --- [ai-gateway] [nio-9988-exec-5] o.s.w.s.m.m.a.HttpEntityMethodProcessor  : Found 'Content-Type:text/event-stream;charset=UTF-8' in response
2026-04-13T13:21:00.581+08:00 DEBUG 11836 --- [ai-gateway] [nio-9988-exec-5] o.s.w.s.m.m.a.HttpEntityMethodProcessor  : Writing ["data: {"type":"response.created","response":{"id":"resp_00651b986bf0cff40169dc7d3bb6f88191a20a34f739 (truncated)..."]
2026-04-13T13:21:00.582+08:00 DEBUG 11836 --- [ai-gateway] [nio-9988-exec-5] o.s.web.servlet.DispatcherServlet        : Completed 200 OK
2026-04-13T13:21:00.963+08:00 DEBUG 11836 --- [ai-gateway] [nio-9988-exec-4] o.s.web.servlet.DispatcherServlet        : POST "/v1/responses", parameters={}
2026-04-13T13:21:00.964+08:00 DEBUG 11836 --- [ai-gateway] [nio-9988-exec-4] s.w.s.m.m.a.RequestMappingHandlerMapping : Mapped to com.zxw.modules.gateway.controller.GatewayChatController#responses(String, String, HttpServletRequest)
2026-04-13T13:21:01.467+08:00 DEBUG 11836 --- [ai-gateway] [nio-9988-exec-4] m.m.a.RequestResponseBodyMethodProcessor : Read "application/json;charset=UTF-8" to ["{"model":"gpt-5.4","instructions":"You are Codex, a coding agent based on GPT-5. You and the user sh (truncated)..."]
2026-04-13T13:21:01.469+08:00 DEBUG 11836 --- [ai-gateway] [nio-9988-exec-4] o.s.jdbc.core.JdbcTemplate               : Executing prepared SQL query
2026-04-13T13:21:01.469+08:00 DEBUG 11836 --- [ai-gateway] [nio-9988-exec-4] o.s.jdbc.core.JdbcTemplate               : Executing prepared SQL statement [select k.id, k.user_id, k.secret_hash, k.status, k.total_quota, k.used_quota, k.expires_at,
       u.username, u.role_code, coalesce(w.balance, 0) as balance
from api_keys k
join users u on u.id = k.user_id and u.deleted = 0
left join wallets w on w.user_id = u.id
where k.access_key = ? and k.deleted = 0
]
2026-04-13T13:21:01.549+08:00 DEBUG 11836 --- [ai-gateway] [nio-9988-exec-4] o.s.jdbc.core.JdbcTemplate               : Executing prepared SQL update
2026-04-13T13:21:01.551+08:00 DEBUG 11836 --- [ai-gateway] [nio-9988-exec-4] o.s.jdbc.core.JdbcTemplate               : Executing prepared SQL statement [update api_keys set last_used_at = now(), updated_at = now() where id = ?]
2026-04-13T13:21:01.556+08:00 DEBUG 11836 --- [ai-gateway] [nio-9988-exec-4] o.s.jdbc.core.JdbcTemplate               : Executing prepared SQL query
2026-04-13T13:21:01.557+08:00 DEBUG 11836 --- [ai-gateway] [nio-9988-exec-4] o.s.jdbc.core.JdbcTemplate               : Executing prepared SQL statement [select m.id as model_id, m.model_code, m.model_name, m.prompt_price, m.completion_price,
       m.request_price, m.multiplier, p.id as provider_id, p.provider_name, p.base_url, p.provider_type,
       p.timeout_ms, r.upstream_model, t.id as provider_token_id, t.token_value_encrypted
from models m
join model_routes r on r.model_id = m.id and r.status = 'ACTIVE'
join providers p on p.id = r.provider_id and p.deleted = 0 and p.status = 'ACTIVE'
join provider_tokens t on t.provider_id = p.id and t.deleted = 0 and t.status = 'ACTIVE'
where m.model_code = ? and m.deleted = 0 and m.status = 'ACTIVE'
order by r.priority_no asc, t.weight_no desc, t.id asc
limit 1
]
2026-04-13T13:21:05.390+08:00 DEBUG 11836 --- [ai-gateway] [nio-9988-exec-4] o.s.jdbc.core.JdbcTemplate               : Executing prepared SQL update
2026-04-13T13:21:05.391+08:00 DEBUG 11836 --- [ai-gateway] [nio-9988-exec-4] o.s.jdbc.core.JdbcTemplate               : Executing prepared SQL statement [insert into request_logs (request_id, user_id, api_key_id, model_code, provider_id, provider_token_id, upstream_model,
                          request_path, request_method, request_ip, request_body_json, response_body_json,
                          prompt_tokens, completion_tokens, total_tokens, user_amount, cost_amount, latency_ms,
                          success, status_code, error_message, request_date, created_at)
values (?, ?, ?, ?, ?, ?, ?, ?, ?, ?, cast(? as json), cast(? as json), ?, ?, ?, ?, ?, ?, ?, ?, ?, ?, now())
]
2026-04-13T13:21:05.392+08:00 DEBUG 11836 --- [ai-gateway] [nio-9988-exec-4] o.s.jdbc.core.StatementCreatorUtils      : JDBC getParameterType call failed - using fallback method instead: java.sql.SQLException: Parameter metadata not available for the given statement
2026-04-13T13:21:05.407+08:00 DEBUG 11836 --- [ai-gateway] [nio-9988-exec-4] o.s.jdbc.core.JdbcTemplate               : Executing prepared SQL update
2026-04-13T13:21:05.408+08:00 DEBUG 11836 --- [ai-gateway] [nio-9988-exec-4] o.s.jdbc.core.JdbcTemplate               : Executing prepared SQL statement [update wallets
set balance = balance - ?, total_consume = total_consume + ?, updated_at = now()
where user_id = ?
]
2026-04-13T13:21:05.411+08:00 DEBUG 11836 --- [ai-gateway] [nio-9988-exec-4] o.s.jdbc.core.JdbcTemplate               : Executing prepared SQL query
2026-04-13T13:21:05.411+08:00 DEBUG 11836 --- [ai-gateway] [nio-9988-exec-4] o.s.jdbc.core.JdbcTemplate               : Executing prepared SQL statement [select id from wallets where user_id = ?]
2026-04-13T13:21:05.411+08:00 DEBUG 11836 --- [ai-gateway] [nio-9988-exec-4] o.s.jdbc.core.JdbcTemplate               : Executing prepared SQL query
2026-04-13T13:21:05.413+08:00 DEBUG 11836 --- [ai-gateway] [nio-9988-exec-4] o.s.jdbc.core.JdbcTemplate               : Executing prepared SQL statement [select balance from wallets where user_id = ?]
2026-04-13T13:21:05.416+08:00 DEBUG 11836 --- [ai-gateway] [nio-9988-exec-4] o.s.jdbc.core.JdbcTemplate               : Executing prepared SQL update
2026-04-13T13:21:05.417+08:00 DEBUG 11836 --- [ai-gateway] [nio-9988-exec-4] o.s.jdbc.core.JdbcTemplate               : Executing prepared SQL statement [insert into transactions (user_id, wallet_id, order_no, transaction_type, direction, amount,
                          balance_before, balance_after, status, description_text, transaction_date)
values (?, ?, ?, 'CONSUME', 'OUT', ?, ?, ?, 'SUCCESS', ?, curdate())
]
2026-04-13T13:21:05.420+08:00 DEBUG 11836 --- [ai-gateway] [nio-9988-exec-4] o.s.jdbc.core.JdbcTemplate               : Executing prepared SQL update
2026-04-13T13:21:05.421+08:00 DEBUG 11836 --- [ai-gateway] [nio-9988-exec-4] o.s.jdbc.core.JdbcTemplate               : Executing prepared SQL statement [update api_keys
set used_quota = used_quota + ?, updated_at = now()
where id = ?
]
2026-04-13T13:21:05.424+08:00 DEBUG 11836 --- [ai-gateway] [nio-9988-exec-4] o.s.jdbc.core.JdbcTemplate               : Executing prepared SQL update
2026-04-13T13:21:05.425+08:00 DEBUG 11836 --- [ai-gateway] [nio-9988-exec-4] o.s.jdbc.core.JdbcTemplate               : Executing prepared SQL statement [insert into usage_daily (stat_date, user_id, model_code, provider_id, request_count, success_count, total_tokens, user_amount, cost_amount)
values (?, ?, ?, ?, 1, ?, ?, ?, ?)
on duplicate key update
    request_count = request_count + 1,
    success_count = success_count + values(success_count),
    total_tokens = total_tokens + values(total_tokens),
    user_amount = user_amount + values(user_amount),
    cost_amount = cost_amount + values(cost_amount),
    updated_at = now()
]
2026-04-13T13:21:05.429+08:00 DEBUG 11836 --- [ai-gateway] [nio-9988-exec-4] o.s.jdbc.core.JdbcTemplate               : SQLWarning ignored: SQL state 'HY000', error code '1287', message ['VALUES function' is deprecated and will be removed in a future release. Please use an alias (INSERT INTO ... VALUES (...) AS alias) and replace VALUES(col) in the ON DUPLICATE KEY UPDATE clause with alias.col instead]
2026-04-13T13:21:05.430+08:00 DEBUG 11836 --- [ai-gateway] [nio-9988-exec-4] o.s.jdbc.core.JdbcTemplate               : SQLWarning ignored: SQL state 'HY000', error code '1287', message ['VALUES function' is deprecated and will be removed in a future release. Please use an alias (INSERT INTO ... VALUES (...) AS alias) and replace VALUES(col) in the ON DUPLICATE KEY UPDATE clause with alias.col instead]
2026-04-13T13:21:05.430+08:00 DEBUG 11836 --- [ai-gateway] [nio-9988-exec-4] o.s.jdbc.core.JdbcTemplate               : SQLWarning ignored: SQL state 'HY000', error code '1287', message ['VALUES function' is deprecated and will be removed in a future release. Please use an alias (INSERT INTO ... VALUES (...) AS alias) and replace VALUES(col) in the ON DUPLICATE KEY UPDATE clause with alias.col instead]
2026-04-13T13:21:05.431+08:00 DEBUG 11836 --- [ai-gateway] [nio-9988-exec-4] o.s.jdbc.core.JdbcTemplate               : SQLWarning ignored: SQL state 'HY000', error code '1287', message ['VALUES function' is deprecated and will be removed in a future release. Please use an alias (INSERT INTO ... VALUES (...) AS alias) and replace VALUES(col) in the ON DUPLICATE KEY UPDATE clause with alias.col instead]
2026-04-13T13:21:05.432+08:00 DEBUG 11836 --- [ai-gateway] [nio-9988-exec-4] o.s.w.s.m.m.a.HttpEntityMethodProcessor  : Found 'Content-Type:text/event-stream;charset=UTF-8' in response
2026-04-13T13:21:05.432+08:00 DEBUG 11836 --- [ai-gateway] [nio-9988-exec-4] o.s.w.s.m.m.a.HttpEntityMethodProcessor  : Writing ["data: {"type":"response.created","response":{"id":"resp_09dcd18c59c6e0020169dc7d4019dc8191b4eaebe311 (truncated)..."]
2026-04-13T13:21:05.433+08:00 DEBUG 11836 --- [ai-gateway] [nio-9988-exec-4] o.s.web.servlet.DispatcherServlet        : Completed 200 OK
2026-04-13T13:21:05.857+08:00 DEBUG 11836 --- [ai-gateway] [nio-9988-exec-1] o.s.web.servlet.DispatcherServlet        : POST "/v1/responses", parameters={}
2026-04-13T13:21:05.858+08:00 DEBUG 11836 --- [ai-gateway] [nio-9988-exec-1] s.w.s.m.m.a.RequestMappingHandlerMapping : Mapped to com.zxw.modules.gateway.controller.GatewayChatController#responses(String, String, HttpServletRequest)
2026-04-13T13:21:06.561+08:00 DEBUG 11836 --- [ai-gateway] [nio-9988-exec-1] m.m.a.RequestResponseBodyMethodProcessor : Read "application/json;charset=UTF-8" to ["{"model":"gpt-5.4","instructions":"You are Codex, a coding agent based on GPT-5. You and the user sh (truncated)..."]
2026-04-13T13:21:06.562+08:00 DEBUG 11836 --- [ai-gateway] [nio-9988-exec-1] o.s.jdbc.core.JdbcTemplate               : Executing prepared SQL query
2026-04-13T13:21:06.563+08:00 DEBUG 11836 --- [ai-gateway] [nio-9988-exec-1] o.s.jdbc.core.JdbcTemplate               : Executing prepared SQL statement [select k.id, k.user_id, k.secret_hash, k.status, k.total_quota, k.used_quota, k.expires_at,
       u.username, u.role_code, coalesce(w.balance, 0) as balance
from api_keys k
join users u on u.id = k.user_id and u.deleted = 0
left join wallets w on w.user_id = u.id
where k.access_key = ? and k.deleted = 0
]
2026-04-13T13:21:06.664+08:00 DEBUG 11836 --- [ai-gateway] [nio-9988-exec-1] o.s.jdbc.core.JdbcTemplate               : Executing prepared SQL update
2026-04-13T13:21:06.669+08:00 DEBUG 11836 --- [ai-gateway] [nio-9988-exec-1] o.s.jdbc.core.JdbcTemplate               : Executing prepared SQL statement [update api_keys set last_used_at = now(), updated_at = now() where id = ?]
2026-04-13T13:21:06.678+08:00 DEBUG 11836 --- [ai-gateway] [nio-9988-exec-1] o.s.jdbc.core.JdbcTemplate               : Executing prepared SQL query
2026-04-13T13:21:06.679+08:00 DEBUG 11836 --- [ai-gateway] [nio-9988-exec-1] o.s.jdbc.core.JdbcTemplate               : Executing prepared SQL statement [select m.id as model_id, m.model_code, m.model_name, m.prompt_price, m.completion_price,
       m.request_price, m.multiplier, p.id as provider_id, p.provider_name, p.base_url, p.provider_type,
       p.timeout_ms, r.upstream_model, t.id as provider_token_id, t.token_value_encrypted
from models m
join model_routes r on r.model_id = m.id and r.status = 'ACTIVE'
join providers p on p.id = r.provider_id and p.deleted = 0 and p.status = 'ACTIVE'
join provider_tokens t on t.provider_id = p.id and t.deleted = 0 and t.status = 'ACTIVE'
where m.model_code = ? and m.deleted = 0 and m.status = 'ACTIVE'
order by r.priority_no asc, t.weight_no desc, t.id asc
limit 1
]
2026-04-13T13:21:30.835+08:00 DEBUG 11836 --- [ai-gateway] [nio-9988-exec-1] o.s.jdbc.core.JdbcTemplate               : Executing prepared SQL update
2026-04-13T13:21:30.837+08:00 DEBUG 11836 --- [ai-gateway] [nio-9988-exec-1] o.s.jdbc.core.JdbcTemplate               : Executing prepared SQL statement [insert into request_logs (request_id, user_id, api_key_id, model_code, provider_id, provider_token_id, upstream_model,
                          request_path, request_method, request_ip, request_body_json, response_body_json,
                          prompt_tokens, completion_tokens, total_tokens, user_amount, cost_amount, latency_ms,
                          success, status_code, error_message, request_date, created_at)
values (?, ?, ?, ?, ?, ?, ?, ?, ?, ?, cast(? as json), cast(? as json), ?, ?, ?, ?, ?, ?, ?, ?, ?, ?, now())
]
2026-04-13T13:21:30.842+08:00 DEBUG 11836 --- [ai-gateway] [nio-9988-exec-1] o.s.jdbc.core.StatementCreatorUtils      : JDBC getParameterType call failed - using fallback method instead: java.sql.SQLException: Parameter metadata not available for the given statement
2026-04-13T13:21:30.863+08:00 DEBUG 11836 --- [ai-gateway] [nio-9988-exec-1] o.s.jdbc.core.JdbcTemplate               : Executing prepared SQL update
2026-04-13T13:21:30.864+08:00 DEBUG 11836 --- [ai-gateway] [nio-9988-exec-1] o.s.jdbc.core.JdbcTemplate               : Executing prepared SQL statement [update wallets
set balance = balance - ?, total_consume = total_consume + ?, updated_at = now()
where user_id = ?
]
2026-04-13T13:21:30.868+08:00 DEBUG 11836 --- [ai-gateway] [nio-9988-exec-1] o.s.jdbc.core.JdbcTemplate               : Executing prepared SQL query
2026-04-13T13:21:30.869+08:00 DEBUG 11836 --- [ai-gateway] [nio-9988-exec-1] o.s.jdbc.core.JdbcTemplate               : Executing prepared SQL statement [select id from wallets where user_id = ?]
2026-04-13T13:21:30.873+08:00 DEBUG 11836 --- [ai-gateway] [nio-9988-exec-1] o.s.jdbc.core.JdbcTemplate               : Executing prepared SQL query
2026-04-13T13:21:30.873+08:00 DEBUG 11836 --- [ai-gateway] [nio-9988-exec-1] o.s.jdbc.core.JdbcTemplate               : Executing prepared SQL statement [select balance from wallets where user_id = ?]
2026-04-13T13:21:30.875+08:00 DEBUG 11836 --- [ai-gateway] [nio-9988-exec-1] o.s.jdbc.core.JdbcTemplate               : Executing prepared SQL update
2026-04-13T13:21:30.877+08:00 DEBUG 11836 --- [ai-gateway] [nio-9988-exec-1] o.s.jdbc.core.JdbcTemplate               : Executing prepared SQL statement [insert into transactions (user_id, wallet_id, order_no, transaction_type, direction, amount,
                          balance_before, balance_after, status, description_text, transaction_date)
values (?, ?, ?, 'CONSUME', 'OUT', ?, ?, ?, 'SUCCESS', ?, curdate())
]
2026-04-13T13:21:30.881+08:00 DEBUG 11836 --- [ai-gateway] [nio-9988-exec-1] o.s.jdbc.core.JdbcTemplate               : Executing prepared SQL update
2026-04-13T13:21:30.882+08:00 DEBUG 11836 --- [ai-gateway] [nio-9988-exec-1] o.s.jdbc.core.JdbcTemplate               : Executing prepared SQL statement [update api_keys
set used_quota = used_quota + ?, updated_at = now()
where id = ?
]
2026-04-13T13:21:30.886+08:00 DEBUG 11836 --- [ai-gateway] [nio-9988-exec-1] o.s.jdbc.core.JdbcTemplate               : Executing prepared SQL update
2026-04-13T13:21:30.887+08:00 DEBUG 11836 --- [ai-gateway] [nio-9988-exec-1] o.s.jdbc.core.JdbcTemplate               : Executing prepared SQL statement [insert into usage_daily (stat_date, user_id, model_code, provider_id, request_count, success_count, total_tokens, user_amount, cost_amount)
values (?, ?, ?, ?, 1, ?, ?, ?, ?)
on duplicate key update
    request_count = request_count + 1,
    success_count = success_count + values(success_count),
    total_tokens = total_tokens + values(total_tokens),
    user_amount = user_amount + values(user_amount),
    cost_amount = cost_amount + values(cost_amount),
    updated_at = now()
]
2026-04-13T13:21:30.892+08:00 DEBUG 11836 --- [ai-gateway] [nio-9988-exec-1] o.s.jdbc.core.JdbcTemplate               : SQLWarning ignored: SQL state 'HY000', error code '1287', message ['VALUES function' is deprecated and will be removed in a future release. Please use an alias (INSERT INTO ... VALUES (...) AS alias) and replace VALUES(col) in the ON DUPLICATE KEY UPDATE clause with alias.col instead]
2026-04-13T13:21:30.893+08:00 DEBUG 11836 --- [ai-gateway] [nio-9988-exec-1] o.s.jdbc.core.JdbcTemplate               : SQLWarning ignored: SQL state 'HY000', error code '1287', message ['VALUES function' is deprecated and will be removed in a future release. Please use an alias (INSERT INTO ... VALUES (...) AS alias) and replace VALUES(col) in the ON DUPLICATE KEY UPDATE clause with alias.col instead]
2026-04-13T13:21:30.895+08:00 DEBUG 11836 --- [ai-gateway] [nio-9988-exec-1] o.s.jdbc.core.JdbcTemplate               : SQLWarning ignored: SQL state 'HY000', error code '1287', message ['VALUES function' is deprecated and will be removed in a future release. Please use an alias (INSERT INTO ... VALUES (...) AS alias) and replace VALUES(col) in the ON DUPLICATE KEY UPDATE clause with alias.col instead]
2026-04-13T13:21:30.895+08:00 DEBUG 11836 --- [ai-gateway] [nio-9988-exec-1] o.s.jdbc.core.JdbcTemplate               : SQLWarning ignored: SQL state 'HY000', error code '1287', message ['VALUES function' is deprecated and will be removed in a future release. Please use an alias (INSERT INTO ... VALUES (...) AS alias) and replace VALUES(col) in the ON DUPLICATE KEY UPDATE clause with alias.col instead]
2026-04-13T13:21:30.896+08:00 DEBUG 11836 --- [ai-gateway] [nio-9988-exec-1] o.s.w.s.m.m.a.HttpEntityMethodProcessor  : Found 'Content-Type:text/event-stream;charset=UTF-8' in response
2026-04-13T13:21:30.897+08:00 DEBUG 11836 --- [ai-gateway] [nio-9988-exec-1] o.s.w.s.m.m.a.HttpEntityMethodProcessor  : Writing ["data: {"type":"response.created","response":{"id":"resp_0fa5971b7e04db690169dc7d450f7881919ef2fe4dd4 (truncated)..."]
2026-04-13T13:21:30.899+08:00 DEBUG 11836 --- [ai-gateway] [nio-9988-exec-1] o.s.web.servlet.DispatcherServlet        : Completed 200 OK
2026-04-13T13:21:32.065+08:00 DEBUG 11836 --- [ai-gateway] [nio-9988-exec-8] o.s.web.servlet.DispatcherServlet        : POST "/v1/responses", parameters={}
2026-04-13T13:21:32.067+08:00 DEBUG 11836 --- [ai-gateway] [nio-9988-exec-8] s.w.s.m.m.a.RequestMappingHandlerMapping : Mapped to com.zxw.modules.gateway.controller.GatewayChatController#responses(String, String, HttpServletRequest)
2026-04-13T13:21:32.574+08:00 DEBUG 11836 --- [ai-gateway] [nio-9988-exec-8] m.m.a.RequestResponseBodyMethodProcessor : Read "application/json;charset=UTF-8" to ["{"model":"gpt-5.4","instructions":"You are Codex, a coding agent based on GPT-5. You and the user sh (truncated)..."]
2026-04-13T13:21:32.575+08:00 DEBUG 11836 --- [ai-gateway] [nio-9988-exec-8] o.s.jdbc.core.JdbcTemplate               : Executing prepared SQL query
2026-04-13T13:21:32.577+08:00 DEBUG 11836 --- [ai-gateway] [nio-9988-exec-8] o.s.jdbc.core.JdbcTemplate               : Executing prepared SQL statement [select k.id, k.user_id, k.secret_hash, k.status, k.total_quota, k.used_quota, k.expires_at,
       u.username, u.role_code, coalesce(w.balance, 0) as balance
from api_keys k
join users u on u.id = k.user_id and u.deleted = 0
left join wallets w on w.user_id = u.id
where k.access_key = ? and k.deleted = 0
]
2026-04-13T13:21:32.716+08:00 DEBUG 11836 --- [ai-gateway] [nio-9988-exec-8] o.s.jdbc.core.JdbcTemplate               : Executing prepared SQL update
2026-04-13T13:21:32.717+08:00 DEBUG 11836 --- [ai-gateway] [nio-9988-exec-8] o.s.jdbc.core.JdbcTemplate               : Executing prepared SQL statement [update api_keys set last_used_at = now(), updated_at = now() where id = ?]
2026-04-13T13:21:32.722+08:00 DEBUG 11836 --- [ai-gateway] [nio-9988-exec-8] o.s.jdbc.core.JdbcTemplate               : Executing prepared SQL query
2026-04-13T13:21:32.723+08:00 DEBUG 11836 --- [ai-gateway] [nio-9988-exec-8] o.s.jdbc.core.JdbcTemplate               : Executing prepared SQL statement [select m.id as model_id, m.model_code, m.model_name, m.prompt_price, m.completion_price,
       m.request_price, m.multiplier, p.id as provider_id, p.provider_name, p.base_url, p.provider_type,
       p.timeout_ms, r.upstream_model, t.id as provider_token_id, t.token_value_encrypted
from models m
join model_routes r on r.model_id = m.id and r.status = 'ACTIVE'
join providers p on p.id = r.provider_id and p.deleted = 0 and p.status = 'ACTIVE'
join provider_tokens t on t.provider_id = p.id and t.deleted = 0 and t.status = 'ACTIVE'
where m.model_code = ? and m.deleted = 0 and m.status = 'ACTIVE'
order by r.priority_no asc, t.weight_no desc, t.id asc
limit 1
]
2026-04-13T13:21:44.263+08:00 DEBUG 11836 --- [ai-gateway] [io-9988-exec-10] o.s.web.servlet.DispatcherServlet        : GET "/admin/request-logs?limit=50", parameters={masked}
2026-04-13T13:21:44.265+08:00 DEBUG 11836 --- [ai-gateway] [io-9988-exec-10] s.w.s.m.m.a.RequestMappingHandlerMapping : Mapped to com.zxw.modules.request.controller.AdminRequestLogController#list(int)
2026-04-13T13:21:44.866+08:00 DEBUG 11836 --- [ai-gateway] [io-9988-exec-10] o.s.jdbc.core.JdbcTemplate               : Executing prepared SQL query
2026-04-13T13:21:44.867+08:00 DEBUG 11836 --- [ai-gateway] [io-9988-exec-10] o.s.jdbc.core.JdbcTemplate               : Executing prepared SQL statement [select l.request_id, u.username, l.model_code, l.upstream_model, l.status_code,
       l.latency_ms, l.total_tokens, l.user_amount, l.cost_amount, l.success, l.created_at
from request_logs l
left join users u on u.id = l.user_id
order by l.id desc
limit ?
]
2026-04-13T13:21:45.003+08:00 DEBUG 11836 --- [ai-gateway] [io-9988-exec-10] m.m.a.RequestResponseBodyMethodProcessor : Using 'application/json', given [*/*] and supported [application/json, application/*+json]
2026-04-13T13:21:45.034+08:00 DEBUG 11836 --- [ai-gateway] [io-9988-exec-10] m.m.a.RequestResponseBodyMethodProcessor : Writing [ApiResponse[success=true, message=OK, data=[RequestLogItemResponse[requestId=req_b733c8149bd24c73bb9 (truncated)...]
2026-04-13T13:21:45.084+08:00 DEBUG 11836 --- [ai-gateway] [io-9988-exec-10] o.s.web.servlet.DispatcherServlet        : Completed 200 OK
2026-04-13T13:21:45.164+08:00 DEBUG 11836 --- [ai-gateway] [nio-9988-exec-9] o.s.web.servlet.DispatcherServlet        : GET "/admin/request-logs?limit=50", parameters={masked}
2026-04-13T13:21:45.166+08:00 DEBUG 11836 --- [ai-gateway] [nio-9988-exec-9] s.w.s.m.m.a.RequestMappingHandlerMapping : Mapped to com.zxw.modules.request.controller.AdminRequestLogController#list(int)
2026-04-13T13:21:45.170+08:00 DEBUG 11836 --- [ai-gateway] [nio-9988-exec-9] o.s.jdbc.core.JdbcTemplate               : Executing prepared SQL query
2026-04-13T13:21:45.172+08:00 DEBUG 11836 --- [ai-gateway] [nio-9988-exec-9] o.s.jdbc.core.JdbcTemplate               : Executing prepared SQL statement [select l.request_id, u.username, l.model_code, l.upstream_model, l.status_code,
       l.latency_ms, l.total_tokens, l.user_amount, l.cost_amount, l.success, l.created_at
from request_logs l
left join users u on u.id = l.user_id
order by l.id desc
limit ?
]
2026-04-13T13:21:45.182+08:00 DEBUG 11836 --- [ai-gateway] [nio-9988-exec-9] m.m.a.RequestResponseBodyMethodProcessor : Using 'application/json', given [*/*] and supported [application/json, application/*+json]
2026-04-13T13:21:45.186+08:00 DEBUG 11836 --- [ai-gateway] [nio-9988-exec-9] m.m.a.RequestResponseBodyMethodProcessor : Writing [ApiResponse[success=true, message=OK, data=[RequestLogItemResponse[requestId=req_b733c8149bd24c73bb9 (truncated)...]
2026-04-13T13:21:45.192+08:00 DEBUG 11836 --- [ai-gateway] [nio-9988-exec-9] o.s.web.servlet.DispatcherServlet        : Completed 200 OK
2026-04-13T13:21:45.383+08:00 DEBUG 11836 --- [ai-gateway] [nio-9988-exec-2] o.s.web.servlet.DispatcherServlet        : GET "/admin/request-logs?limit=50", parameters={masked}
2026-04-13T13:21:45.385+08:00 DEBUG 11836 --- [ai-gateway] [nio-9988-exec-2] s.w.s.m.m.a.RequestMappingHandlerMapping : Mapped to com.zxw.modules.request.controller.AdminRequestLogController#list(int)
2026-04-13T13:21:45.388+08:00 DEBUG 11836 --- [ai-gateway] [nio-9988-exec-2] o.s.jdbc.core.JdbcTemplate               : Executing prepared SQL query
2026-04-13T13:21:45.389+08:00 DEBUG 11836 --- [ai-gateway] [nio-9988-exec-2] o.s.jdbc.core.JdbcTemplate               : Executing prepared SQL statement [select l.request_id, u.username, l.model_code, l.upstream_model, l.status_code,
       l.latency_ms, l.total_tokens, l.user_amount, l.cost_amount, l.success, l.created_at
from request_logs l
left join users u on u.id = l.user_id
order by l.id desc
limit ?
]
2026-04-13T13:21:45.405+08:00 DEBUG 11836 --- [ai-gateway] [nio-9988-exec-2] m.m.a.RequestResponseBodyMethodProcessor : Using 'application/json', given [*/*] and supported [application/json, application/*+json]
2026-04-13T13:21:45.414+08:00 DEBUG 11836 --- [ai-gateway] [nio-9988-exec-2] m.m.a.RequestResponseBodyMethodProcessor : Writing [ApiResponse[success=true, message=OK, data=[RequestLogItemResponse[requestId=req_b733c8149bd24c73bb9 (truncated)...]
2026-04-13T13:21:45.421+08:00 DEBUG 11836 --- [ai-gateway] [nio-9988-exec-2] o.s.web.servlet.DispatcherServlet        : Completed 200 OK
2026-04-13T13:21:45.429+08:00 DEBUG 11836 --- [ai-gateway] [nio-9988-exec-8] o.s.jdbc.core.JdbcTemplate               : Executing prepared SQL update
2026-04-13T13:21:45.431+08:00 DEBUG 11836 --- [ai-gateway] [nio-9988-exec-8] o.s.jdbc.core.JdbcTemplate               : Executing prepared SQL statement [insert into request_logs (request_id, user_id, api_key_id, model_code, provider_id, provider_token_id, upstream_model,
                          request_path, request_method, request_ip, request_body_json, response_body_json,
                          prompt_tokens, completion_tokens, total_tokens, user_amount, cost_amount, latency_ms,
                          success, status_code, error_message, request_date, created_at)
values (?, ?, ?, ?, ?, ?, ?, ?, ?, ?, cast(? as json), cast(? as json), ?, ?, ?, ?, ?, ?, ?, ?, ?, ?, now())
]
2026-04-13T13:21:45.432+08:00 DEBUG 11836 --- [ai-gateway] [nio-9988-exec-8] o.s.jdbc.core.StatementCreatorUtils      : JDBC getParameterType call failed - using fallback method instead: java.sql.SQLException: Parameter metadata not available for the given statement
2026-04-13T13:21:45.452+08:00 DEBUG 11836 --- [ai-gateway] [nio-9988-exec-8] o.s.jdbc.core.JdbcTemplate               : Executing prepared SQL update
2026-04-13T13:21:45.453+08:00 DEBUG 11836 --- [ai-gateway] [nio-9988-exec-8] o.s.jdbc.core.JdbcTemplate               : Executing prepared SQL statement [update wallets
set balance = balance - ?, total_consume = total_consume + ?, updated_at = now()
where user_id = ?
]
2026-04-13T13:21:45.458+08:00 DEBUG 11836 --- [ai-gateway] [nio-9988-exec-8] o.s.jdbc.core.JdbcTemplate               : Executing prepared SQL query
2026-04-13T13:21:45.459+08:00 DEBUG 11836 --- [ai-gateway] [nio-9988-exec-8] o.s.jdbc.core.JdbcTemplate               : Executing prepared SQL statement [select id from wallets where user_id = ?]
2026-04-13T13:21:45.474+08:00 DEBUG 11836 --- [ai-gateway] [nio-9988-exec-8] o.s.jdbc.core.JdbcTemplate               : Executing prepared SQL query
2026-04-13T13:21:45.476+08:00 DEBUG 11836 --- [ai-gateway] [nio-9988-exec-8] o.s.jdbc.core.JdbcTemplate               : Executing prepared SQL statement [select balance from wallets where user_id = ?]
2026-04-13T13:21:45.480+08:00 DEBUG 11836 --- [ai-gateway] [nio-9988-exec-8] o.s.jdbc.core.JdbcTemplate               : Executing prepared SQL update
2026-04-13T13:21:45.481+08:00 DEBUG 11836 --- [ai-gateway] [nio-9988-exec-8] o.s.jdbc.core.JdbcTemplate               : Executing prepared SQL statement [insert into transactions (user_id, wallet_id, order_no, transaction_type, direction, amount,
                          balance_before, balance_after, status, description_text, transaction_date)
values (?, ?, ?, 'CONSUME', 'OUT', ?, ?, ?, 'SUCCESS', ?, curdate())
]
2026-04-13T13:21:45.485+08:00 DEBUG 11836 --- [ai-gateway] [nio-9988-exec-8] o.s.jdbc.core.JdbcTemplate               : Executing prepared SQL update
2026-04-13T13:21:45.486+08:00 DEBUG 11836 --- [ai-gateway] [nio-9988-exec-8] o.s.jdbc.core.JdbcTemplate               : Executing prepared SQL statement [update api_keys
set used_quota = used_quota + ?, updated_at = now()
where id = ?
]
2026-04-13T13:21:45.491+08:00 DEBUG 11836 --- [ai-gateway] [nio-9988-exec-8] o.s.jdbc.core.JdbcTemplate               : Executing prepared SQL update
2026-04-13T13:21:45.492+08:00 DEBUG 11836 --- [ai-gateway] [nio-9988-exec-8] o.s.jdbc.core.JdbcTemplate               : Executing prepared SQL statement [insert into usage_daily (stat_date, user_id, model_code, provider_id, request_count, success_count, total_tokens, user_amount, cost_amount)
values (?, ?, ?, ?, 1, ?, ?, ?, ?)
on duplicate key update
    request_count = request_count + 1,
    success_count = success_count + values(success_count),
    total_tokens = total_tokens + values(total_tokens),
    user_amount = user_amount + values(user_amount),
    cost_amount = cost_amount + values(cost_amount),
    updated_at = now()
]
2026-04-13T13:21:45.498+08:00 DEBUG 11836 --- [ai-gateway] [nio-9988-exec-8] o.s.jdbc.core.JdbcTemplate               : SQLWarning ignored: SQL state 'HY000', error code '1287', message ['VALUES function' is deprecated and will be removed in a future release. Please use an alias (INSERT INTO ... VALUES (...) AS alias) and replace VALUES(col) in the ON DUPLICATE KEY UPDATE clause with alias.col instead]
2026-04-13T13:21:45.499+08:00 DEBUG 11836 --- [ai-gateway] [nio-9988-exec-8] o.s.jdbc.core.JdbcTemplate               : SQLWarning ignored: SQL state 'HY000', error code '1287', message ['VALUES function' is deprecated and will be removed in a future release. Please use an alias (INSERT INTO ... VALUES (...) AS alias) and replace VALUES(col) in the ON DUPLICATE KEY UPDATE clause with alias.col instead]
2026-04-13T13:21:45.499+08:00 DEBUG 11836 --- [ai-gateway] [nio-9988-exec-8] o.s.jdbc.core.JdbcTemplate               : SQLWarning ignored: SQL state 'HY000', error code '1287', message ['VALUES function' is deprecated and will be removed in a future release. Please use an alias (INSERT INTO ... VALUES (...) AS alias) and replace VALUES(col) in the ON DUPLICATE KEY UPDATE clause with alias.col instead]
2026-04-13T13:21:45.501+08:00 DEBUG 11836 --- [ai-gateway] [nio-9988-exec-8] o.s.jdbc.core.JdbcTemplate               : SQLWarning ignored: SQL state 'HY000', error code '1287', message ['VALUES function' is deprecated and will be removed in a future release. Please use an alias (INSERT INTO ... VALUES (...) AS alias) and replace VALUES(col) in the ON DUPLICATE KEY UPDATE clause with alias.col instead]
2026-04-13T13:21:45.502+08:00 DEBUG 11836 --- [ai-gateway] [nio-9988-exec-8] o.s.w.s.m.m.a.HttpEntityMethodProcessor  : Found 'Content-Type:text/event-stream;charset=UTF-8' in response
2026-04-13T13:21:45.503+08:00 DEBUG 11836 --- [ai-gateway] [nio-9988-exec-8] o.s.w.s.m.m.a.HttpEntityMethodProcessor  : Writing ["data: {"type":"response.created","response":{"id":"resp_03633f23720b88740169dc7d5efaac81919a9dea6e66 (truncated)..."]
2026-04-13T13:21:45.506+08:00 DEBUG 11836 --- [ai-gateway] [nio-9988-exec-8] o.s.web.servlet.DispatcherServlet        : Completed 200 OK
2026-04-13T13:21:45.877+08:00 DEBUG 11836 --- [ai-gateway] [nio-9988-exec-7] o.s.web.servlet.DispatcherServlet        : POST "/v1/responses", parameters={}
2026-04-13T13:21:45.879+08:00 DEBUG 11836 --- [ai-gateway] [nio-9988-exec-7] s.w.s.m.m.a.RequestMappingHandlerMapping : Mapped to com.zxw.modules.gateway.controller.GatewayChatController#responses(String, String, HttpServletRequest)
2026-04-13T13:21:46.414+08:00 DEBUG 11836 --- [ai-gateway] [nio-9988-exec-7] m.m.a.RequestResponseBodyMethodProcessor : Read "application/json;charset=UTF-8" to ["{"model":"gpt-5.4","instructions":"You are Codex, a coding agent based on GPT-5. You and the user sh (truncated)..."]
2026-04-13T13:21:46.416+08:00 DEBUG 11836 --- [ai-gateway] [nio-9988-exec-7] o.s.jdbc.core.JdbcTemplate               : Executing prepared SQL query
2026-04-13T13:21:46.417+08:00 DEBUG 11836 --- [ai-gateway] [nio-9988-exec-7] o.s.jdbc.core.JdbcTemplate               : Executing prepared SQL statement [select k.id, k.user_id, k.secret_hash, k.status, k.total_quota, k.used_quota, k.expires_at,
       u.username, u.role_code, coalesce(w.balance, 0) as balance
from api_keys k
join users u on u.id = k.user_id and u.deleted = 0
left join wallets w on w.user_id = u.id
where k.access_key = ? and k.deleted = 0
]
2026-04-13T13:21:46.552+08:00 DEBUG 11836 --- [ai-gateway] [nio-9988-exec-7] o.s.jdbc.core.JdbcTemplate               : Executing prepared SQL update
2026-04-13T13:21:46.552+08:00 DEBUG 11836 --- [ai-gateway] [nio-9988-exec-7] o.s.jdbc.core.JdbcTemplate               : Executing prepared SQL statement [update api_keys set last_used_at = now(), updated_at = now() where id = ?]
2026-04-13T13:21:46.562+08:00 DEBUG 11836 --- [ai-gateway] [nio-9988-exec-7] o.s.jdbc.core.JdbcTemplate               : Executing prepared SQL query
2026-04-13T13:21:46.563+08:00 DEBUG 11836 --- [ai-gateway] [nio-9988-exec-7] o.s.jdbc.core.JdbcTemplate               : Executing prepared SQL statement [select m.id as model_id, m.model_code, m.model_name, m.prompt_price, m.completion_price,
       m.request_price, m.multiplier, p.id as provider_id, p.provider_name, p.base_url, p.provider_type,
       p.timeout_ms, r.upstream_model, t.id as provider_token_id, t.token_value_encrypted
from models m
join model_routes r on r.model_id = m.id and r.status = 'ACTIVE'
join providers p on p.id = r.provider_id and p.deleted = 0 and p.status = 'ACTIVE'
join provider_tokens t on t.provider_id = p.id and t.deleted = 0 and t.status = 'ACTIVE'
where m.model_code = ? and m.deleted = 0 and m.status = 'ACTIVE'
order by r.priority_no asc, t.weight_no desc, t.id asc
limit 1
]
2026-04-13T13:21:52.519+08:00 DEBUG 11836 --- [ai-gateway] [nio-9988-exec-7] o.s.jdbc.core.JdbcTemplate               : Executing prepared SQL update
2026-04-13T13:21:52.521+08:00 DEBUG 11836 --- [ai-gateway] [nio-9988-exec-7] o.s.jdbc.core.JdbcTemplate               : Executing prepared SQL statement [insert into request_logs (request_id, user_id, api_key_id, model_code, provider_id, provider_token_id, upstream_model,
                          request_path, request_method, request_ip, request_body_json, response_body_json,
                          prompt_tokens, completion_tokens, total_tokens, user_amount, cost_amount, latency_ms,
                          success, status_code, error_message, request_date, created_at)
values (?, ?, ?, ?, ?, ?, ?, ?, ?, ?, cast(? as json), cast(? as json), ?, ?, ?, ?, ?, ?, ?, ?, ?, ?, now())
]
2026-04-13T13:21:52.524+08:00 DEBUG 11836 --- [ai-gateway] [nio-9988-exec-7] o.s.jdbc.core.StatementCreatorUtils      : JDBC getParameterType call failed - using fallback method instead: java.sql.SQLException: Parameter metadata not available for the given statement
2026-04-13T13:21:52.544+08:00 DEBUG 11836 --- [ai-gateway] [nio-9988-exec-7] o.s.jdbc.core.JdbcTemplate               : Executing prepared SQL update
2026-04-13T13:21:52.545+08:00 DEBUG 11836 --- [ai-gateway] [nio-9988-exec-7] o.s.jdbc.core.JdbcTemplate               : Executing prepared SQL statement [update wallets
set balance = balance - ?, total_consume = total_consume + ?, updated_at = now()
where user_id = ?
]
2026-04-13T13:21:52.549+08:00 DEBUG 11836 --- [ai-gateway] [nio-9988-exec-7] o.s.jdbc.core.JdbcTemplate               : Executing prepared SQL query
2026-04-13T13:21:52.549+08:00 DEBUG 11836 --- [ai-gateway] [nio-9988-exec-7] o.s.jdbc.core.JdbcTemplate               : Executing prepared SQL statement [select id from wallets where user_id = ?]
2026-04-13T13:21:52.552+08:00 DEBUG 11836 --- [ai-gateway] [nio-9988-exec-7] o.s.jdbc.core.JdbcTemplate               : Executing prepared SQL query
2026-04-13T13:21:52.553+08:00 DEBUG 11836 --- [ai-gateway] [nio-9988-exec-7] o.s.jdbc.core.JdbcTemplate               : Executing prepared SQL statement [select balance from wallets where user_id = ?]
2026-04-13T13:21:52.555+08:00 DEBUG 11836 --- [ai-gateway] [nio-9988-exec-7] o.s.jdbc.core.JdbcTemplate               : Executing prepared SQL update
2026-04-13T13:21:52.556+08:00 DEBUG 11836 --- [ai-gateway] [nio-9988-exec-7] o.s.jdbc.core.JdbcTemplate               : Executing prepared SQL statement [insert into transactions (user_id, wallet_id, order_no, transaction_type, direction, amount,
                          balance_before, balance_after, status, description_text, transaction_date)
values (?, ?, ?, 'CONSUME', 'OUT', ?, ?, ?, 'SUCCESS', ?, curdate())
]
2026-04-13T13:21:52.559+08:00 DEBUG 11836 --- [ai-gateway] [nio-9988-exec-7] o.s.jdbc.core.JdbcTemplate               : Executing prepared SQL update
2026-04-13T13:21:52.559+08:00 DEBUG 11836 --- [ai-gateway] [nio-9988-exec-7] o.s.jdbc.core.JdbcTemplate               : Executing prepared SQL statement [update api_keys
set used_quota = used_quota + ?, updated_at = now()
where id = ?
]
2026-04-13T13:21:52.563+08:00 DEBUG 11836 --- [ai-gateway] [nio-9988-exec-7] o.s.jdbc.core.JdbcTemplate               : Executing prepared SQL update
2026-04-13T13:21:52.564+08:00 DEBUG 11836 --- [ai-gateway] [nio-9988-exec-7] o.s.jdbc.core.JdbcTemplate               : Executing prepared SQL statement [insert into usage_daily (stat_date, user_id, model_code, provider_id, request_count, success_count, total_tokens, user_amount, cost_amount)
values (?, ?, ?, ?, 1, ?, ?, ?, ?)
on duplicate key update
    request_count = request_count + 1,
    success_count = success_count + values(success_count),
    total_tokens = total_tokens + values(total_tokens),
    user_amount = user_amount + values(user_amount),
    cost_amount = cost_amount + values(cost_amount),
    updated_at = now()
]
2026-04-13T13:21:52.568+08:00 DEBUG 11836 --- [ai-gateway] [nio-9988-exec-7] o.s.jdbc.core.JdbcTemplate               : SQLWarning ignored: SQL state 'HY000', error code '1287', message ['VALUES function' is deprecated and will be removed in a future release. Please use an alias (INSERT INTO ... VALUES (...) AS alias) and replace VALUES(col) in the ON DUPLICATE KEY UPDATE clause with alias.col instead]
2026-04-13T13:21:52.569+08:00 DEBUG 11836 --- [ai-gateway] [nio-9988-exec-7] o.s.jdbc.core.JdbcTemplate               : SQLWarning ignored: SQL state 'HY000', error code '1287', message ['VALUES function' is deprecated and will be removed in a future release. Please use an alias (INSERT INTO ... VALUES (...) AS alias) and replace VALUES(col) in the ON DUPLICATE KEY UPDATE clause with alias.col instead]
2026-04-13T13:21:52.570+08:00 DEBUG 11836 --- [ai-gateway] [nio-9988-exec-7] o.s.jdbc.core.JdbcTemplate               : SQLWarning ignored: SQL state 'HY000', error code '1287', message ['VALUES function' is deprecated and will be removed in a future release. Please use an alias (INSERT INTO ... VALUES (...) AS alias) and replace VALUES(col) in the ON DUPLICATE KEY UPDATE clause with alias.col instead]
2026-04-13T13:21:52.570+08:00 DEBUG 11836 --- [ai-gateway] [nio-9988-exec-7] o.s.jdbc.core.JdbcTemplate               : SQLWarning ignored: SQL state 'HY000', error code '1287', message ['VALUES function' is deprecated and will be removed in a future release. Please use an alias (INSERT INTO ... VALUES (...) AS alias) and replace VALUES(col) in the ON DUPLICATE KEY UPDATE clause with alias.col instead]
2026-04-13T13:21:52.571+08:00 DEBUG 11836 --- [ai-gateway] [nio-9988-exec-7] o.s.w.s.m.m.a.HttpEntityMethodProcessor  : Found 'Content-Type:text/event-stream;charset=UTF-8' in response
2026-04-13T13:21:52.572+08:00 DEBUG 11836 --- [ai-gateway] [nio-9988-exec-7] o.s.w.s.m.m.a.HttpEntityMethodProcessor  : Writing ["data: {"type":"response.created","response":{"id":"resp_0fc6ae0c37dfd60d0169dc7d6cdd9881919f07c44b1e (truncated)..."]
2026-04-13T13:21:52.574+08:00 DEBUG 11836 --- [ai-gateway] [nio-9988-exec-7] o.s.web.servlet.DispatcherServlet        : Completed 200 OK
2026-04-13T13:23:04.996+08:00 DEBUG 11836 --- [ai-gateway] [nio-9988-exec-6] o.s.web.servlet.DispatcherServlet        : POST "/v1/responses", parameters={}
2026-04-13T13:23:04.997+08:00 DEBUG 11836 --- [ai-gateway] [nio-9988-exec-6] s.w.s.m.m.a.RequestMappingHandlerMapping : Mapped to com.zxw.modules.gateway.controller.GatewayChatController#responses(String, String, HttpServletRequest)
2026-04-13T13:23:05.524+08:00 DEBUG 11836 --- [ai-gateway] [nio-9988-exec-6] m.m.a.RequestResponseBodyMethodProcessor : Read "application/json;charset=UTF-8" to ["{"model":"gpt-5.4","instructions":"You are Codex, a coding agent based on GPT-5. You and the user sh (truncated)..."]
2026-04-13T13:23:05.525+08:00 DEBUG 11836 --- [ai-gateway] [nio-9988-exec-6] o.s.jdbc.core.JdbcTemplate               : Executing prepared SQL query
2026-04-13T13:23:05.527+08:00 DEBUG 11836 --- [ai-gateway] [nio-9988-exec-6] o.s.jdbc.core.JdbcTemplate               : Executing prepared SQL statement [select k.id, k.user_id, k.secret_hash, k.status, k.total_quota, k.used_quota, k.expires_at,
       u.username, u.role_code, coalesce(w.balance, 0) as balance
from api_keys k
join users u on u.id = k.user_id and u.deleted = 0
left join wallets w on w.user_id = u.id
where k.access_key = ? and k.deleted = 0
]
2026-04-13T13:23:05.669+08:00 DEBUG 11836 --- [ai-gateway] [nio-9988-exec-6] o.s.jdbc.core.JdbcTemplate               : Executing prepared SQL update
2026-04-13T13:23:05.671+08:00 DEBUG 11836 --- [ai-gateway] [nio-9988-exec-6] o.s.jdbc.core.JdbcTemplate               : Executing prepared SQL statement [update api_keys set last_used_at = now(), updated_at = now() where id = ?]
2026-04-13T13:23:05.678+08:00 DEBUG 11836 --- [ai-gateway] [nio-9988-exec-6] o.s.jdbc.core.JdbcTemplate               : Executing prepared SQL query
2026-04-13T13:23:05.679+08:00 DEBUG 11836 --- [ai-gateway] [nio-9988-exec-6] o.s.jdbc.core.JdbcTemplate               : Executing prepared SQL statement [select m.id as model_id, m.model_code, m.model_name, m.prompt_price, m.completion_price,
       m.request_price, m.multiplier, p.id as provider_id, p.provider_name, p.base_url, p.provider_type,
       p.timeout_ms, r.upstream_model, t.id as provider_token_id, t.token_value_encrypted
from models m
join model_routes r on r.model_id = m.id and r.status = 'ACTIVE'
join providers p on p.id = r.provider_id and p.deleted = 0 and p.status = 'ACTIVE'
join provider_tokens t on t.provider_id = p.id and t.deleted = 0 and t.status = 'ACTIVE'
where m.model_code = ? and m.deleted = 0 and m.status = 'ACTIVE'
order by r.priority_no asc, t.weight_no desc, t.id asc
limit 1
]
2026-04-13T13:23:25.208+08:00 DEBUG 11836 --- [ai-gateway] [nio-9988-exec-6] o.s.jdbc.core.JdbcTemplate               : Executing prepared SQL update
2026-04-13T13:23:25.209+08:00 DEBUG 11836 --- [ai-gateway] [nio-9988-exec-6] o.s.jdbc.core.JdbcTemplate               : Executing prepared SQL statement [insert into request_logs (request_id, user_id, api_key_id, model_code, provider_id, provider_token_id, upstream_model,
                          request_path, request_method, request_ip, request_body_json, response_body_json,
                          prompt_tokens, completion_tokens, total_tokens, user_amount, cost_amount, latency_ms,
                          success, status_code, error_message, request_date, created_at)
values (?, ?, ?, ?, ?, ?, ?, ?, ?, ?, cast(? as json), cast(? as json), ?, ?, ?, ?, ?, ?, ?, ?, ?, ?, now())
]
2026-04-13T13:23:25.212+08:00 DEBUG 11836 --- [ai-gateway] [nio-9988-exec-6] o.s.jdbc.core.StatementCreatorUtils      : JDBC getParameterType call failed - using fallback method instead: java.sql.SQLException: Parameter metadata not available for the given statement
2026-04-13T13:23:25.242+08:00 DEBUG 11836 --- [ai-gateway] [nio-9988-exec-6] o.s.jdbc.core.JdbcTemplate               : Executing prepared SQL update
2026-04-13T13:23:25.243+08:00 DEBUG 11836 --- [ai-gateway] [nio-9988-exec-6] o.s.jdbc.core.JdbcTemplate               : Executing prepared SQL statement [update wallets
set balance = balance - ?, total_consume = total_consume + ?, updated_at = now()
where user_id = ?
]
2026-04-13T13:23:25.247+08:00 DEBUG 11836 --- [ai-gateway] [nio-9988-exec-6] o.s.jdbc.core.JdbcTemplate               : Executing prepared SQL query
2026-04-13T13:23:25.248+08:00 DEBUG 11836 --- [ai-gateway] [nio-9988-exec-6] o.s.jdbc.core.JdbcTemplate               : Executing prepared SQL statement [select id from wallets where user_id = ?]
2026-04-13T13:23:25.252+08:00 DEBUG 11836 --- [ai-gateway] [nio-9988-exec-6] o.s.jdbc.core.JdbcTemplate               : Executing prepared SQL query
2026-04-13T13:23:25.253+08:00 DEBUG 11836 --- [ai-gateway] [nio-9988-exec-6] o.s.jdbc.core.JdbcTemplate               : Executing prepared SQL statement [select balance from wallets where user_id = ?]
2026-04-13T13:23:25.255+08:00 DEBUG 11836 --- [ai-gateway] [nio-9988-exec-6] o.s.jdbc.core.JdbcTemplate               : Executing prepared SQL update
2026-04-13T13:23:25.257+08:00 DEBUG 11836 --- [ai-gateway] [nio-9988-exec-6] o.s.jdbc.core.JdbcTemplate               : Executing prepared SQL statement [insert into transactions (user_id, wallet_id, order_no, transaction_type, direction, amount,
                          balance_before, balance_after, status, description_text, transaction_date)
values (?, ?, ?, 'CONSUME', 'OUT', ?, ?, ?, 'SUCCESS', ?, curdate())
]
2026-04-13T13:23:25.261+08:00 DEBUG 11836 --- [ai-gateway] [nio-9988-exec-6] o.s.jdbc.core.JdbcTemplate               : Executing prepared SQL update
2026-04-13T13:23:25.262+08:00 DEBUG 11836 --- [ai-gateway] [nio-9988-exec-6] o.s.jdbc.core.JdbcTemplate               : Executing prepared SQL statement [update api_keys
set used_quota = used_quota + ?, updated_at = now()
where id = ?
]
2026-04-13T13:23:25.265+08:00 DEBUG 11836 --- [ai-gateway] [nio-9988-exec-6] o.s.jdbc.core.JdbcTemplate               : Executing prepared SQL update
2026-04-13T13:23:25.266+08:00 DEBUG 11836 --- [ai-gateway] [nio-9988-exec-6] o.s.jdbc.core.JdbcTemplate               : Executing prepared SQL statement [insert into usage_daily (stat_date, user_id, model_code, provider_id, request_count, success_count, total_tokens, user_amount, cost_amount)
values (?, ?, ?, ?, 1, ?, ?, ?, ?)
on duplicate key update
    request_count = request_count + 1,
    success_count = success_count + values(success_count),
    total_tokens = total_tokens + values(total_tokens),
    user_amount = user_amount + values(user_amount),
    cost_amount = cost_amount + values(cost_amount),
    updated_at = now()
]
2026-04-13T13:23:25.271+08:00 DEBUG 11836 --- [ai-gateway] [nio-9988-exec-6] o.s.jdbc.core.JdbcTemplate               : SQLWarning ignored: SQL state 'HY000', error code '1287', message ['VALUES function' is deprecated and will be removed in a future release. Please use an alias (INSERT INTO ... VALUES (...) AS alias) and replace VALUES(col) in the ON DUPLICATE KEY UPDATE clause with alias.col instead]
2026-04-13T13:23:25.272+08:00 DEBUG 11836 --- [ai-gateway] [nio-9988-exec-6] o.s.jdbc.core.JdbcTemplate               : SQLWarning ignored: SQL state 'HY000', error code '1287', message ['VALUES function' is deprecated and will be removed in a future release. Please use an alias (INSERT INTO ... VALUES (...) AS alias) and replace VALUES(col) in the ON DUPLICATE KEY UPDATE clause with alias.col instead]
2026-04-13T13:23:25.273+08:00 DEBUG 11836 --- [ai-gateway] [nio-9988-exec-6] o.s.jdbc.core.JdbcTemplate               : SQLWarning ignored: SQL state 'HY000', error code '1287', message ['VALUES function' is deprecated and will be removed in a future release. Please use an alias (INSERT INTO ... VALUES (...) AS alias) and replace VALUES(col) in the ON DUPLICATE KEY UPDATE clause with alias.col instead]
2026-04-13T13:23:25.274+08:00 DEBUG 11836 --- [ai-gateway] [nio-9988-exec-6] o.s.jdbc.core.JdbcTemplate               : SQLWarning ignored: SQL state 'HY000', error code '1287', message ['VALUES function' is deprecated and will be removed in a future release. Please use an alias (INSERT INTO ... VALUES (...) AS alias) and replace VALUES(col) in the ON DUPLICATE KEY UPDATE clause with alias.col instead]
2026-04-13T13:23:25.275+08:00 DEBUG 11836 --- [ai-gateway] [nio-9988-exec-6] o.s.w.s.m.m.a.HttpEntityMethodProcessor  : Found 'Content-Type:text/event-stream;charset=UTF-8' in response
2026-04-13T13:23:25.277+08:00 DEBUG 11836 --- [ai-gateway] [nio-9988-exec-6] o.s.w.s.m.m.a.HttpEntityMethodProcessor  : Writing ["data: {"type":"response.created","response":{"id":"resp_05f48cc7fd8c7ace0169dc7dbbe3e481918b1adabda2 (truncated)..."]
2026-04-13T13:23:25.279+08:00 DEBUG 11836 --- [ai-gateway] [nio-9988-exec-6] o.s.web.servlet.DispatcherServlet        : Completed 200 OK
2026-04-13T13:23:25.435+08:00 DEBUG 11836 --- [ai-gateway] [nio-9988-exec-9] o.s.web.servlet.DispatcherServlet        : POST "/v1/responses", parameters={}
2026-04-13T13:23:25.437+08:00 DEBUG 11836 --- [ai-gateway] [nio-9988-exec-9] s.w.s.m.m.a.RequestMappingHandlerMapping : Mapped to com.zxw.modules.gateway.controller.GatewayChatController#responses(String, String, HttpServletRequest)
2026-04-13T13:23:25.998+08:00 DEBUG 11836 --- [ai-gateway] [nio-9988-exec-9] m.m.a.RequestResponseBodyMethodProcessor : Read "application/json;charset=UTF-8" to ["{"model":"gpt-5.4","instructions":"You are Codex, a coding agent based on GPT-5. You and the user sh (truncated)..."]
2026-04-13T13:23:25.999+08:00 DEBUG 11836 --- [ai-gateway] [nio-9988-exec-9] o.s.jdbc.core.JdbcTemplate               : Executing prepared SQL query
2026-04-13T13:23:26.000+08:00 DEBUG 11836 --- [ai-gateway] [nio-9988-exec-9] o.s.jdbc.core.JdbcTemplate               : Executing prepared SQL statement [select k.id, k.user_id, k.secret_hash, k.status, k.total_quota, k.used_quota, k.expires_at,
       u.username, u.role_code, coalesce(w.balance, 0) as balance
from api_keys k
join users u on u.id = k.user_id and u.deleted = 0
left join wallets w on w.user_id = u.id
where k.access_key = ? and k.deleted = 0
]
2026-04-13T13:23:26.135+08:00 DEBUG 11836 --- [ai-gateway] [nio-9988-exec-9] o.s.jdbc.core.JdbcTemplate               : Executing prepared SQL update
2026-04-13T13:23:26.136+08:00 DEBUG 11836 --- [ai-gateway] [nio-9988-exec-9] o.s.jdbc.core.JdbcTemplate               : Executing prepared SQL statement [update api_keys set last_used_at = now(), updated_at = now() where id = ?]
2026-04-13T13:23:26.144+08:00 DEBUG 11836 --- [ai-gateway] [nio-9988-exec-9] o.s.jdbc.core.JdbcTemplate               : Executing prepared SQL query
2026-04-13T13:23:26.145+08:00 DEBUG 11836 --- [ai-gateway] [nio-9988-exec-9] o.s.jdbc.core.JdbcTemplate               : Executing prepared SQL statement [select m.id as model_id, m.model_code, m.model_name, m.prompt_price, m.completion_price,
       m.request_price, m.multiplier, p.id as provider_id, p.provider_name, p.base_url, p.provider_type,
       p.timeout_ms, r.upstream_model, t.id as provider_token_id, t.token_value_encrypted
from models m
join model_routes r on r.model_id = m.id and r.status = 'ACTIVE'
join providers p on p.id = r.provider_id and p.deleted = 0 and p.status = 'ACTIVE'
join provider_tokens t on t.provider_id = p.id and t.deleted = 0 and t.status = 'ACTIVE'
where m.model_code = ? and m.deleted = 0 and m.status = 'ACTIVE'
order by r.priority_no asc, t.weight_no desc, t.id asc
limit 1
]
2026-04-13T13:23:28.159+08:00 DEBUG 11836 --- [ai-gateway] [nio-9988-exec-9] o.s.jdbc.core.JdbcTemplate               : Executing prepared SQL update
2026-04-13T13:23:28.159+08:00 DEBUG 11836 --- [ai-gateway] [nio-9988-exec-9] o.s.jdbc.core.JdbcTemplate               : Executing prepared SQL statement [insert into request_logs (request_id, user_id, api_key_id, model_code, provider_id, provider_token_id, upstream_model,
                          request_path, request_method, request_ip, request_body_json, response_body_json,
                          prompt_tokens, completion_tokens, total_tokens, user_amount, cost_amount, latency_ms,
                          success, status_code, error_message, request_date, created_at)
values (?, ?, ?, ?, ?, ?, ?, ?, ?, ?, cast(? as json), cast(? as json), ?, ?, ?, ?, ?, ?, ?, ?, ?, ?, now())
]
2026-04-13T13:23:28.162+08:00 DEBUG 11836 --- [ai-gateway] [nio-9988-exec-9] o.s.jdbc.core.StatementCreatorUtils      : JDBC getParameterType call failed - using fallback method instead: java.sql.SQLException: Parameter metadata not available for the given statement
2026-04-13T13:23:28.180+08:00 DEBUG 11836 --- [ai-gateway] [nio-9988-exec-9] o.s.jdbc.core.JdbcTemplate               : Executing prepared SQL update
2026-04-13T13:23:28.181+08:00 DEBUG 11836 --- [ai-gateway] [nio-9988-exec-9] o.s.jdbc.core.JdbcTemplate               : Executing prepared SQL statement [update wallets
set balance = balance - ?, total_consume = total_consume + ?, updated_at = now()
where user_id = ?
]
2026-04-13T13:23:28.185+08:00 DEBUG 11836 --- [ai-gateway] [nio-9988-exec-9] o.s.jdbc.core.JdbcTemplate               : Executing prepared SQL query
2026-04-13T13:23:28.187+08:00 DEBUG 11836 --- [ai-gateway] [nio-9988-exec-9] o.s.jdbc.core.JdbcTemplate               : Executing prepared SQL statement [select id from wallets where user_id = ?]
2026-04-13T13:23:28.189+08:00 DEBUG 11836 --- [ai-gateway] [nio-9988-exec-9] o.s.jdbc.core.JdbcTemplate               : Executing prepared SQL query
2026-04-13T13:23:28.189+08:00 DEBUG 11836 --- [ai-gateway] [nio-9988-exec-9] o.s.jdbc.core.JdbcTemplate               : Executing prepared SQL statement [select balance from wallets where user_id = ?]
2026-04-13T13:23:28.191+08:00 DEBUG 11836 --- [ai-gateway] [nio-9988-exec-9] o.s.jdbc.core.JdbcTemplate               : Executing prepared SQL update
2026-04-13T13:23:28.192+08:00 DEBUG 11836 --- [ai-gateway] [nio-9988-exec-9] o.s.jdbc.core.JdbcTemplate               : Executing prepared SQL statement [insert into transactions (user_id, wallet_id, order_no, transaction_type, direction, amount,
                          balance_before, balance_after, status, description_text, transaction_date)
values (?, ?, ?, 'CONSUME', 'OUT', ?, ?, ?, 'SUCCESS', ?, curdate())
]
2026-04-13T13:23:28.195+08:00 DEBUG 11836 --- [ai-gateway] [nio-9988-exec-9] o.s.jdbc.core.JdbcTemplate               : Executing prepared SQL update
2026-04-13T13:23:28.197+08:00 DEBUG 11836 --- [ai-gateway] [nio-9988-exec-9] o.s.jdbc.core.JdbcTemplate               : Executing prepared SQL statement [update api_keys
set used_quota = used_quota + ?, updated_at = now()
where id = ?
]
2026-04-13T13:23:28.201+08:00 DEBUG 11836 --- [ai-gateway] [nio-9988-exec-9] o.s.jdbc.core.JdbcTemplate               : Executing prepared SQL update
2026-04-13T13:23:28.202+08:00 DEBUG 11836 --- [ai-gateway] [nio-9988-exec-9] o.s.jdbc.core.JdbcTemplate               : Executing prepared SQL statement [insert into usage_daily (stat_date, user_id, model_code, provider_id, request_count, success_count, total_tokens, user_amount, cost_amount)
values (?, ?, ?, ?, 1, ?, ?, ?, ?)
on duplicate key update
    request_count = request_count + 1,
    success_count = success_count + values(success_count),
    total_tokens = total_tokens + values(total_tokens),
    user_amount = user_amount + values(user_amount),
    cost_amount = cost_amount + values(cost_amount),
    updated_at = now()
]
2026-04-13T13:23:28.207+08:00 DEBUG 11836 --- [ai-gateway] [nio-9988-exec-9] o.s.jdbc.core.JdbcTemplate               : SQLWarning ignored: SQL state 'HY000', error code '1287', message ['VALUES function' is deprecated and will be removed in a future release. Please use an alias (INSERT INTO ... VALUES (...) AS alias) and replace VALUES(col) in the ON DUPLICATE KEY UPDATE clause with alias.col instead]
2026-04-13T13:23:28.208+08:00 DEBUG 11836 --- [ai-gateway] [nio-9988-exec-9] o.s.jdbc.core.JdbcTemplate               : SQLWarning ignored: SQL state 'HY000', error code '1287', message ['VALUES function' is deprecated and will be removed in a future release. Please use an alias (INSERT INTO ... VALUES (...) AS alias) and replace VALUES(col) in the ON DUPLICATE KEY UPDATE clause with alias.col instead]
2026-04-13T13:23:28.209+08:00 DEBUG 11836 --- [ai-gateway] [nio-9988-exec-9] o.s.jdbc.core.JdbcTemplate               : SQLWarning ignored: SQL state 'HY000', error code '1287', message ['VALUES function' is deprecated and will be removed in a future release. Please use an alias (INSERT INTO ... VALUES (...) AS alias) and replace VALUES(col) in the ON DUPLICATE KEY UPDATE clause with alias.col instead]
2026-04-13T13:23:28.209+08:00 DEBUG 11836 --- [ai-gateway] [nio-9988-exec-9] o.s.jdbc.core.JdbcTemplate               : SQLWarning ignored: SQL state 'HY000', error code '1287', message ['VALUES function' is deprecated and will be removed in a future release. Please use an alias (INSERT INTO ... VALUES (...) AS alias) and replace VALUES(col) in the ON DUPLICATE KEY UPDATE clause with alias.col instead]
2026-04-13T13:23:28.211+08:00 DEBUG 11836 --- [ai-gateway] [nio-9988-exec-9] o.s.w.s.m.m.a.HttpEntityMethodProcessor  : Found 'Content-Type:text/event-stream;charset=UTF-8' in response
2026-04-13T13:23:28.212+08:00 DEBUG 11836 --- [ai-gateway] [nio-9988-exec-9] o.s.w.s.m.m.a.HttpEntityMethodProcessor  : Writing ["data: {"type":"response.created","response":{"id":"resp_06edc8ecffc2ef0b0169dc7dd066688191817093682d (truncated)..."]
2026-04-13T13:23:28.215+08:00 DEBUG 11836 --- [ai-gateway] [nio-9988-exec-9] o.s.web.servlet.DispatcherServlet        : Completed 200 OK
2026-04-13T13:23:28.549+08:00 DEBUG 11836 --- [ai-gateway] [nio-9988-exec-8] o.s.web.servlet.DispatcherServlet        : POST "/v1/responses", parameters={}
2026-04-13T13:23:28.550+08:00 DEBUG 11836 --- [ai-gateway] [nio-9988-exec-8] s.w.s.m.m.a.RequestMappingHandlerMapping : Mapped to com.zxw.modules.gateway.controller.GatewayChatController#responses(String, String, HttpServletRequest)
2026-04-13T13:23:29.127+08:00 DEBUG 11836 --- [ai-gateway] [nio-9988-exec-8] m.m.a.RequestResponseBodyMethodProcessor : Read "application/json;charset=UTF-8" to ["{"model":"gpt-5.4","instructions":"You are Codex, a coding agent based on GPT-5. You and the user sh (truncated)..."]
2026-04-13T13:23:29.128+08:00 DEBUG 11836 --- [ai-gateway] [nio-9988-exec-8] o.s.jdbc.core.JdbcTemplate               : Executing prepared SQL query
2026-04-13T13:23:29.130+08:00 DEBUG 11836 --- [ai-gateway] [nio-9988-exec-8] o.s.jdbc.core.JdbcTemplate               : Executing prepared SQL statement [select k.id, k.user_id, k.secret_hash, k.status, k.total_quota, k.used_quota, k.expires_at,
       u.username, u.role_code, coalesce(w.balance, 0) as balance
from api_keys k
join users u on u.id = k.user_id and u.deleted = 0
left join wallets w on w.user_id = u.id
where k.access_key = ? and k.deleted = 0
]
2026-04-13T13:23:29.274+08:00 DEBUG 11836 --- [ai-gateway] [nio-9988-exec-8] o.s.jdbc.core.JdbcTemplate               : Executing prepared SQL update
2026-04-13T13:23:29.275+08:00 DEBUG 11836 --- [ai-gateway] [nio-9988-exec-8] o.s.jdbc.core.JdbcTemplate               : Executing prepared SQL statement [update api_keys set last_used_at = now(), updated_at = now() where id = ?]
2026-04-13T13:23:29.281+08:00 DEBUG 11836 --- [ai-gateway] [nio-9988-exec-8] o.s.jdbc.core.JdbcTemplate               : Executing prepared SQL query
2026-04-13T13:23:29.282+08:00 DEBUG 11836 --- [ai-gateway] [nio-9988-exec-8] o.s.jdbc.core.JdbcTemplate               : Executing prepared SQL statement [select m.id as model_id, m.model_code, m.model_name, m.prompt_price, m.completion_price,
       m.request_price, m.multiplier, p.id as provider_id, p.provider_name, p.base_url, p.provider_type,
       p.timeout_ms, r.upstream_model, t.id as provider_token_id, t.token_value_encrypted
from models m
join model_routes r on r.model_id = m.id and r.status = 'ACTIVE'
join providers p on p.id = r.provider_id and p.deleted = 0 and p.status = 'ACTIVE'
join provider_tokens t on t.provider_id = p.id and t.deleted = 0 and t.status = 'ACTIVE'
where m.model_code = ? and m.deleted = 0 and m.status = 'ACTIVE'
order by r.priority_no asc, t.weight_no desc, t.id asc
limit 1
]
2026-04-13T13:23:30.931+08:00 DEBUG 11836 --- [ai-gateway] [nio-9988-exec-5] o.s.web.servlet.DispatcherServlet        : PUT "/admin/models/11", parameters={}
2026-04-13T13:23:30.933+08:00 DEBUG 11836 --- [ai-gateway] [nio-9988-exec-5] s.w.s.m.m.a.RequestMappingHandlerMapping : Mapped to com.zxw.modules.model.controller.AdminModelController#update(Long, ModelUpdateRequest)
2026-04-13T13:23:31.037+08:00 DEBUG 11836 --- [ai-gateway] [nio-9988-exec-5] m.m.a.RequestResponseBodyMethodProcessor : Read "application/json;charset=UTF-8" to [ModelUpdateRequest[modelName=GPT-5.4 Codex, modelType=CHAT, billingType=TOKEN, promptPrice=0.25, com (truncated)...]
2026-04-13T13:23:31.109+08:00 DEBUG 11836 --- [ai-gateway] [nio-9988-exec-5] o.s.jdbc.core.JdbcTemplate               : Executing prepared SQL update
2026-04-13T13:23:31.111+08:00 DEBUG 11836 --- [ai-gateway] [nio-9988-exec-5] o.s.jdbc.core.JdbcTemplate               : Executing prepared SQL statement [update models
set model_name = ?, model_type = ?, billing_type = ?, prompt_price = ?, completion_price = ?,
    multiplier = ?, is_public = ?, updated_at = now()
where id = ? and deleted = 0
]
2026-04-13T13:23:31.114+08:00 DEBUG 11836 --- [ai-gateway] [nio-9988-exec-5] o.s.jdbc.core.JdbcTemplate               : Executing prepared SQL update
2026-04-13T13:23:31.115+08:00 DEBUG 11836 --- [ai-gateway] [nio-9988-exec-5] o.s.jdbc.core.JdbcTemplate               : Executing prepared SQL statement [delete from model_routes
where model_id = ?
]
2026-04-13T13:23:31.117+08:00 DEBUG 11836 --- [ai-gateway] [nio-9988-exec-5] o.s.jdbc.core.JdbcTemplate               : Executing prepared SQL update
2026-04-13T13:23:31.118+08:00 DEBUG 11836 --- [ai-gateway] [nio-9988-exec-5] o.s.jdbc.core.JdbcTemplate               : Executing prepared SQL statement [insert into model_routes (model_id, provider_id, provider_token_id, upstream_model, route_type, priority_no, status)
values (?, ?, null, ?, 'PRIMARY', 100, 'ACTIVE')
]
2026-04-13T13:23:31.128+08:00 DEBUG 11836 --- [ai-gateway] [nio-9988-exec-5] m.m.a.RequestResponseBodyMethodProcessor : Using 'application/json', given [*/*] and supported [application/json, application/*+json]
2026-04-13T13:23:31.131+08:00 DEBUG 11836 --- [ai-gateway] [nio-9988-exec-5] m.m.a.RequestResponseBodyMethodProcessor : Writing [ApiResponse[success=true, message=模型价格已更新, data=null]]
2026-04-13T13:23:31.133+08:00 DEBUG 11836 --- [ai-gateway] [nio-9988-exec-5] o.s.web.servlet.DispatcherServlet        : Completed 200 OK
2026-04-13T13:23:31.171+08:00 DEBUG 11836 --- [ai-gateway] [nio-9988-exec-7] o.s.web.servlet.DispatcherServlet        : GET "/admin/models", parameters={}
2026-04-13T13:23:31.172+08:00 DEBUG 11836 --- [ai-gateway] [nio-9988-exec-7] s.w.s.m.m.a.RequestMappingHandlerMapping : Mapped to com.zxw.modules.model.controller.AdminModelController#list()
2026-04-13T13:23:31.175+08:00 DEBUG 11836 --- [ai-gateway] [nio-9988-exec-7] o.s.jdbc.core.JdbcTemplate               : Executing SQL query [select m.id, m.model_code, m.model_name, m.model_type, m.billing_type, m.prompt_price,
       m.completion_price, m.multiplier, m.is_public, m.status, m.created_at,
       p.id as provider_id, p.provider_name, p.provider_type, r.upstream_model
from models m
left join model_routes r on r.model_id = m.id and r.status = 'ACTIVE'
left join providers p on p.id = r.provider_id
where m.deleted = 0
order by m.id desc
]
2026-04-13T13:23:31.184+08:00 DEBUG 11836 --- [ai-gateway] [nio-9988-exec-7] m.m.a.RequestResponseBodyMethodProcessor : Using 'application/json', given [*/*] and supported [application/json, application/*+json]
2026-04-13T13:23:31.191+08:00 DEBUG 11836 --- [ai-gateway] [nio-9988-exec-4] o.s.web.servlet.DispatcherServlet        : GET "/admin/dashboard/trend?days=7", parameters={masked}
2026-04-13T13:23:31.193+08:00 DEBUG 11836 --- [ai-gateway] [nio-9988-exec-3] o.s.web.servlet.DispatcherServlet        : GET "/admin/dashboard/overview", parameters={}
2026-04-13T13:23:31.196+08:00 DEBUG 11836 --- [ai-gateway] [nio-9988-exec-3] s.w.s.m.m.a.RequestMappingHandlerMapping : Mapped to com.zxw.modules.dashboard.controller.AdminDashboardController#overview()
2026-04-13T13:23:31.193+08:00 DEBUG 11836 --- [ai-gateway] [nio-9988-exec-4] s.w.s.m.m.a.RequestMappingHandlerMapping : Mapped to com.zxw.modules.dashboard.controller.AdminDashboardController#trend(int)
2026-04-13T13:23:31.211+08:00 DEBUG 11836 --- [ai-gateway] [nio-9988-exec-7] m.m.a.RequestResponseBodyMethodProcessor : Writing [ApiResponse[success=true, message=OK, data=[ModelListItemResponse[id=26, modelCode=gpt-5.4-3, modelN (truncated)...]
2026-04-13T13:23:31.217+08:00 DEBUG 11836 --- [ai-gateway] [nio-9988-exec-3] o.s.jdbc.core.JdbcTemplate               : Executing SQL query [select
    (select count(*) from users) as user_count,
    (select count(*) from api_keys where deleted = 0) as api_key_count,
    (select count(*) from providers where deleted = 0) as provider_count,
    (select count(*) from models where deleted = 0) as model_count,
    (select count(*) from request_logs where request_date = curdate()) as request_count_today,
    coalesce((select sum(total_tokens) from request_logs where request_date = curdate()), 0) as total_tokens_today,
    coalesce((select sum(total_tokens) from usage_daily where stat_date >= curdate() - interval 6 day), 0) as total_tokens_7d,
    coalesce((select sum(case when direction = 'IN' then amount else 0 end)
              from transactions
              where transaction_date = curdate()), 0) as recharge_amount_today,
    coalesce((select sum(case when direction = 'OUT' then amount else 0 end)
              from transactions
              where transaction_date = curdate()), 0) as consume_amount_today,
    coalesce((select sum(balance) from wallets), 0) as wallet_balance_total
]
2026-04-13T13:23:31.219+08:00 DEBUG 11836 --- [ai-gateway] [nio-9988-exec-7] o.s.web.servlet.DispatcherServlet        : Completed 200 OK
2026-04-13T13:23:31.220+08:00 DEBUG 11836 --- [ai-gateway] [nio-9988-exec-4] o.s.jdbc.core.JdbcTemplate               : Executing prepared SQL query
2026-04-13T13:23:31.224+08:00 DEBUG 11836 --- [ai-gateway] [nio-9988-exec-4] o.s.jdbc.core.JdbcTemplate               : Executing prepared SQL statement [select stat_date, request_count, success_count, total_tokens, user_amount, cost_amount
from usage_daily
where stat_date >= curdate() - interval ? day
order by stat_date asc
]
2026-04-13T13:23:31.230+08:00 DEBUG 11836 --- [ai-gateway] [nio-9988-exec-4] m.m.a.RequestResponseBodyMethodProcessor : Using 'application/json', given [*/*] and supported [application/json, application/*+json]
2026-04-13T13:23:31.244+08:00 DEBUG 11836 --- [ai-gateway] [nio-9988-exec-4] m.m.a.RequestResponseBodyMethodProcessor : Writing [ApiResponse[success=true, message=OK, data=[DashboardTrendPointResponse[statDate=2026-04-09, request (truncated)...]
2026-04-13T13:23:31.254+08:00 DEBUG 11836 --- [ai-gateway] [nio-9988-exec-4] o.s.web.servlet.DispatcherServlet        : Completed 200 OK
2026-04-13T13:23:31.261+08:00 DEBUG 11836 --- [ai-gateway] [nio-9988-exec-3] m.m.a.RequestResponseBodyMethodProcessor : Using 'application/json', given [*/*] and supported [application/json, application/*+json]
2026-04-13T13:23:31.270+08:00 DEBUG 11836 --- [ai-gateway] [nio-9988-exec-3] m.m.a.RequestResponseBodyMethodProcessor : Writing [ApiResponse[success=true, message=OK, data=DashboardOverviewResponse[userCount=14, apiKeyCount=11, p (truncated)...]
2026-04-13T13:23:31.282+08:00 DEBUG 11836 --- [ai-gateway] [nio-9988-exec-3] o.s.web.servlet.DispatcherServlet        : Completed 200 OK
2026-04-13T13:23:31.503+08:00 DEBUG 11836 --- [ai-gateway] [nio-9988-exec-8] o.s.jdbc.core.JdbcTemplate               : Executing prepared SQL update
2026-04-13T13:23:31.504+08:00 DEBUG 11836 --- [ai-gateway] [nio-9988-exec-8] o.s.jdbc.core.JdbcTemplate               : Executing prepared SQL statement [insert into request_logs (request_id, user_id, api_key_id, model_code, provider_id, provider_token_id, upstream_model,
                          request_path, request_method, request_ip, request_body_json, response_body_json,
                          prompt_tokens, completion_tokens, total_tokens, user_amount, cost_amount, latency_ms,
                          success, status_code, error_message, request_date, created_at)
values (?, ?, ?, ?, ?, ?, ?, ?, ?, ?, cast(? as json), cast(? as json), ?, ?, ?, ?, ?, ?, ?, ?, ?, ?, now())
]
2026-04-13T13:23:31.505+08:00 DEBUG 11836 --- [ai-gateway] [nio-9988-exec-8] o.s.jdbc.core.StatementCreatorUtils      : JDBC getParameterType call failed - using fallback method instead: java.sql.SQLException: Parameter metadata not available for the given statement
2026-04-13T13:23:31.526+08:00 DEBUG 11836 --- [ai-gateway] [nio-9988-exec-8] o.s.jdbc.core.JdbcTemplate               : Executing prepared SQL update
2026-04-13T13:23:31.527+08:00 DEBUG 11836 --- [ai-gateway] [nio-9988-exec-8] o.s.jdbc.core.JdbcTemplate               : Executing prepared SQL statement [update wallets
set balance = balance - ?, total_consume = total_consume + ?, updated_at = now()
where user_id = ?
]
2026-04-13T13:23:31.530+08:00 DEBUG 11836 --- [ai-gateway] [nio-9988-exec-8] o.s.jdbc.core.JdbcTemplate               : Executing prepared SQL query
2026-04-13T13:23:31.531+08:00 DEBUG 11836 --- [ai-gateway] [nio-9988-exec-8] o.s.jdbc.core.JdbcTemplate               : Executing prepared SQL statement [select id from wallets where user_id = ?]
2026-04-13T13:23:31.532+08:00 DEBUG 11836 --- [ai-gateway] [nio-9988-exec-8] o.s.jdbc.core.JdbcTemplate               : Executing prepared SQL query
2026-04-13T13:23:31.533+08:00 DEBUG 11836 --- [ai-gateway] [nio-9988-exec-8] o.s.jdbc.core.JdbcTemplate               : Executing prepared SQL statement [select balance from wallets where user_id = ?]
2026-04-13T13:23:31.534+08:00 DEBUG 11836 --- [ai-gateway] [nio-9988-exec-8] o.s.jdbc.core.JdbcTemplate               : Executing prepared SQL update
2026-04-13T13:23:31.535+08:00 DEBUG 11836 --- [ai-gateway] [nio-9988-exec-8] o.s.jdbc.core.JdbcTemplate               : Executing prepared SQL statement [insert into transactions (user_id, wallet_id, order_no, transaction_type, direction, amount,
                          balance_before, balance_after, status, description_text, transaction_date)
values (?, ?, ?, 'CONSUME', 'OUT', ?, ?, ?, 'SUCCESS', ?, curdate())
]
2026-04-13T13:23:31.539+08:00 DEBUG 11836 --- [ai-gateway] [nio-9988-exec-8] o.s.jdbc.core.JdbcTemplate               : Executing prepared SQL update
2026-04-13T13:23:31.539+08:00 DEBUG 11836 --- [ai-gateway] [nio-9988-exec-8] o.s.jdbc.core.JdbcTemplate               : Executing prepared SQL statement [update api_keys
set used_quota = used_quota + ?, updated_at = now()
where id = ?
]
2026-04-13T13:23:31.542+08:00 DEBUG 11836 --- [ai-gateway] [nio-9988-exec-8] o.s.jdbc.core.JdbcTemplate               : Executing prepared SQL update
2026-04-13T13:23:31.543+08:00 DEBUG 11836 --- [ai-gateway] [nio-9988-exec-8] o.s.jdbc.core.JdbcTemplate               : Executing prepared SQL statement [insert into usage_daily (stat_date, user_id, model_code, provider_id, request_count, success_count, total_tokens, user_amount, cost_amount)
values (?, ?, ?, ?, 1, ?, ?, ?, ?)
on duplicate key update
    request_count = request_count + 1,
    success_count = success_count + values(success_count),
    total_tokens = total_tokens + values(total_tokens),
    user_amount = user_amount + values(user_amount),
    cost_amount = cost_amount + values(cost_amount),
    updated_at = now()
]
2026-04-13T13:23:31.548+08:00 DEBUG 11836 --- [ai-gateway] [nio-9988-exec-8] o.s.jdbc.core.JdbcTemplate               : SQLWarning ignored: SQL state 'HY000', error code '1287', message ['VALUES function' is deprecated and will be removed in a future release. Please use an alias (INSERT INTO ... VALUES (...) AS alias) and replace VALUES(col) in the ON DUPLICATE KEY UPDATE clause with alias.col instead]
2026-04-13T13:23:31.549+08:00 DEBUG 11836 --- [ai-gateway] [nio-9988-exec-8] o.s.jdbc.core.JdbcTemplate               : SQLWarning ignored: SQL state 'HY000', error code '1287', message ['VALUES function' is deprecated and will be removed in a future release. Please use an alias (INSERT INTO ... VALUES (...) AS alias) and replace VALUES(col) in the ON DUPLICATE KEY UPDATE clause with alias.col instead]
2026-04-13T13:23:31.549+08:00 DEBUG 11836 --- [ai-gateway] [nio-9988-exec-8] o.s.jdbc.core.JdbcTemplate               : SQLWarning ignored: SQL state 'HY000', error code '1287', message ['VALUES function' is deprecated and will be removed in a future release. Please use an alias (INSERT INTO ... VALUES (...) AS alias) and replace VALUES(col) in the ON DUPLICATE KEY UPDATE clause with alias.col instead]
2026-04-13T13:23:31.550+08:00 DEBUG 11836 --- [ai-gateway] [nio-9988-exec-8] o.s.jdbc.core.JdbcTemplate               : SQLWarning ignored: SQL state 'HY000', error code '1287', message ['VALUES function' is deprecated and will be removed in a future release. Please use an alias (INSERT INTO ... VALUES (...) AS alias) and replace VALUES(col) in the ON DUPLICATE KEY UPDATE clause with alias.col instead]
2026-04-13T13:23:31.551+08:00 DEBUG 11836 --- [ai-gateway] [nio-9988-exec-8] o.s.w.s.m.m.a.HttpEntityMethodProcessor  : Found 'Content-Type:text/event-stream;charset=UTF-8' in response
2026-04-13T13:23:31.552+08:00 DEBUG 11836 --- [ai-gateway] [nio-9988-exec-8] o.s.w.s.m.m.a.HttpEntityMethodProcessor  : Writing ["data: {"type":"response.created","response":{"id":"resp_08fa8232e118e2f50169dc7dd398048191a2fef7d4c5 (truncated)..."]
2026-04-13T13:23:31.553+08:00 DEBUG 11836 --- [ai-gateway] [nio-9988-exec-8] o.s.web.servlet.DispatcherServlet        : Completed 200 OK
2026-04-13T13:23:31.865+08:00 DEBUG 11836 --- [ai-gateway] [nio-9988-exec-6] o.s.web.servlet.DispatcherServlet        : POST "/v1/responses", parameters={}
2026-04-13T13:23:31.867+08:00 DEBUG 11836 --- [ai-gateway] [nio-9988-exec-6] s.w.s.m.m.a.RequestMappingHandlerMapping : Mapped to com.zxw.modules.gateway.controller.GatewayChatController#responses(String, String, HttpServletRequest)
2026-04-13T13:23:32.450+08:00 DEBUG 11836 --- [ai-gateway] [nio-9988-exec-6] m.m.a.RequestResponseBodyMethodProcessor : Read "application/json;charset=UTF-8" to ["{"model":"gpt-5.4","instructions":"You are Codex, a coding agent based on GPT-5. You and the user sh (truncated)..."]
2026-04-13T13:23:32.451+08:00 DEBUG 11836 --- [ai-gateway] [nio-9988-exec-6] o.s.jdbc.core.JdbcTemplate               : Executing prepared SQL query
2026-04-13T13:23:32.452+08:00 DEBUG 11836 --- [ai-gateway] [nio-9988-exec-6] o.s.jdbc.core.JdbcTemplate               : Executing prepared SQL statement [select k.id, k.user_id, k.secret_hash, k.status, k.total_quota, k.used_quota, k.expires_at,
       u.username, u.role_code, coalesce(w.balance, 0) as balance
from api_keys k
join users u on u.id = k.user_id and u.deleted = 0
left join wallets w on w.user_id = u.id
where k.access_key = ? and k.deleted = 0
]
2026-04-13T13:23:32.565+08:00 DEBUG 11836 --- [ai-gateway] [nio-9988-exec-6] o.s.jdbc.core.JdbcTemplate               : Executing prepared SQL update
2026-04-13T13:23:32.567+08:00 DEBUG 11836 --- [ai-gateway] [nio-9988-exec-6] o.s.jdbc.core.JdbcTemplate               : Executing prepared SQL statement [update api_keys set last_used_at = now(), updated_at = now() where id = ?]
2026-04-13T13:23:32.573+08:00 DEBUG 11836 --- [ai-gateway] [nio-9988-exec-6] o.s.jdbc.core.JdbcTemplate               : Executing prepared SQL query
2026-04-13T13:23:32.574+08:00 DEBUG 11836 --- [ai-gateway] [nio-9988-exec-6] o.s.jdbc.core.JdbcTemplate               : Executing prepared SQL statement [select m.id as model_id, m.model_code, m.model_name, m.prompt_price, m.completion_price,
       m.request_price, m.multiplier, p.id as provider_id, p.provider_name, p.base_url, p.provider_type,
       p.timeout_ms, r.upstream_model, t.id as provider_token_id, t.token_value_encrypted
from models m
join model_routes r on r.model_id = m.id and r.status = 'ACTIVE'
join providers p on p.id = r.provider_id and p.deleted = 0 and p.status = 'ACTIVE'
join provider_tokens t on t.provider_id = p.id and t.deleted = 0 and t.status = 'ACTIVE'
where m.model_code = ? and m.deleted = 0 and m.status = 'ACTIVE'
order by r.priority_no asc, t.weight_no desc, t.id asc
limit 1
]
2026-04-13T13:23:34.970+08:00 DEBUG 11836 --- [ai-gateway] [nio-9988-exec-6] o.s.jdbc.core.JdbcTemplate               : Executing prepared SQL update
2026-04-13T13:23:34.971+08:00 DEBUG 11836 --- [ai-gateway] [nio-9988-exec-6] o.s.jdbc.core.JdbcTemplate               : Executing prepared SQL statement [insert into request_logs (request_id, user_id, api_key_id, model_code, provider_id, provider_token_id, upstream_model,
                          request_path, request_method, request_ip, request_body_json, response_body_json,
                          prompt_tokens, completion_tokens, total_tokens, user_amount, cost_amount, latency_ms,
                          success, status_code, error_message, request_date, created_at)
values (?, ?, ?, ?, ?, ?, ?, ?, ?, ?, cast(? as json), cast(? as json), ?, ?, ?, ?, ?, ?, ?, ?, ?, ?, now())
]
2026-04-13T13:23:34.973+08:00 DEBUG 11836 --- [ai-gateway] [nio-9988-exec-6] o.s.jdbc.core.StatementCreatorUtils      : JDBC getParameterType call failed - using fallback method instead: java.sql.SQLException: Parameter metadata not available for the given statement
2026-04-13T13:23:34.989+08:00 DEBUG 11836 --- [ai-gateway] [nio-9988-exec-6] o.s.jdbc.core.JdbcTemplate               : Executing prepared SQL update
2026-04-13T13:23:34.990+08:00 DEBUG 11836 --- [ai-gateway] [nio-9988-exec-6] o.s.jdbc.core.JdbcTemplate               : Executing prepared SQL statement [update wallets
set balance = balance - ?, total_consume = total_consume + ?, updated_at = now()
where user_id = ?
]
2026-04-13T13:23:34.996+08:00 DEBUG 11836 --- [ai-gateway] [nio-9988-exec-6] o.s.jdbc.core.JdbcTemplate               : Executing prepared SQL query
2026-04-13T13:23:34.997+08:00 DEBUG 11836 --- [ai-gateway] [nio-9988-exec-6] o.s.jdbc.core.JdbcTemplate               : Executing prepared SQL statement [select id from wallets where user_id = ?]
2026-04-13T13:23:34.999+08:00 DEBUG 11836 --- [ai-gateway] [nio-9988-exec-6] o.s.jdbc.core.JdbcTemplate               : Executing prepared SQL query
2026-04-13T13:23:35.000+08:00 DEBUG 11836 --- [ai-gateway] [nio-9988-exec-6] o.s.jdbc.core.JdbcTemplate               : Executing prepared SQL statement [select balance from wallets where user_id = ?]
2026-04-13T13:23:35.001+08:00 DEBUG 11836 --- [ai-gateway] [nio-9988-exec-6] o.s.jdbc.core.JdbcTemplate               : Executing prepared SQL update
2026-04-13T13:23:35.002+08:00 DEBUG 11836 --- [ai-gateway] [nio-9988-exec-6] o.s.jdbc.core.JdbcTemplate               : Executing prepared SQL statement [insert into transactions (user_id, wallet_id, order_no, transaction_type, direction, amount,
                          balance_before, balance_after, status, description_text, transaction_date)
values (?, ?, ?, 'CONSUME', 'OUT', ?, ?, ?, 'SUCCESS', ?, curdate())
]
2026-04-13T13:23:35.005+08:00 DEBUG 11836 --- [ai-gateway] [nio-9988-exec-6] o.s.jdbc.core.JdbcTemplate               : Executing prepared SQL update
2026-04-13T13:23:35.006+08:00 DEBUG 11836 --- [ai-gateway] [nio-9988-exec-6] o.s.jdbc.core.JdbcTemplate               : Executing prepared SQL statement [update api_keys
set used_quota = used_quota + ?, updated_at = now()
where id = ?
]
2026-04-13T13:23:35.009+08:00 DEBUG 11836 --- [ai-gateway] [nio-9988-exec-6] o.s.jdbc.core.JdbcTemplate               : Executing prepared SQL update
2026-04-13T13:23:35.010+08:00 DEBUG 11836 --- [ai-gateway] [nio-9988-exec-6] o.s.jdbc.core.JdbcTemplate               : Executing prepared SQL statement [insert into usage_daily (stat_date, user_id, model_code, provider_id, request_count, success_count, total_tokens, user_amount, cost_amount)
values (?, ?, ?, ?, 1, ?, ?, ?, ?)
on duplicate key update
    request_count = request_count + 1,
    success_count = success_count + values(success_count),
    total_tokens = total_tokens + values(total_tokens),
    user_amount = user_amount + values(user_amount),
    cost_amount = cost_amount + values(cost_amount),
    updated_at = now()
]
2026-04-13T13:23:35.014+08:00 DEBUG 11836 --- [ai-gateway] [nio-9988-exec-6] o.s.jdbc.core.JdbcTemplate               : SQLWarning ignored: SQL state 'HY000', error code '1287', message ['VALUES function' is deprecated and will be removed in a future release. Please use an alias (INSERT INTO ... VALUES (...) AS alias) and replace VALUES(col) in the ON DUPLICATE KEY UPDATE clause with alias.col instead]
2026-04-13T13:23:35.015+08:00 DEBUG 11836 --- [ai-gateway] [nio-9988-exec-6] o.s.jdbc.core.JdbcTemplate               : SQLWarning ignored: SQL state 'HY000', error code '1287', message ['VALUES function' is deprecated and will be removed in a future release. Please use an alias (INSERT INTO ... VALUES (...) AS alias) and replace VALUES(col) in the ON DUPLICATE KEY UPDATE clause with alias.col instead]
2026-04-13T13:23:35.015+08:00 DEBUG 11836 --- [ai-gateway] [nio-9988-exec-6] o.s.jdbc.core.JdbcTemplate               : SQLWarning ignored: SQL state 'HY000', error code '1287', message ['VALUES function' is deprecated and will be removed in a future release. Please use an alias (INSERT INTO ... VALUES (...) AS alias) and replace VALUES(col) in the ON DUPLICATE KEY UPDATE clause with alias.col instead]
2026-04-13T13:23:35.016+08:00 DEBUG 11836 --- [ai-gateway] [nio-9988-exec-6] o.s.jdbc.core.JdbcTemplate               : SQLWarning ignored: SQL state 'HY000', error code '1287', message ['VALUES function' is deprecated and will be removed in a future release. Please use an alias (INSERT INTO ... VALUES (...) AS alias) and replace VALUES(col) in the ON DUPLICATE KEY UPDATE clause with alias.col instead]
2026-04-13T13:23:35.017+08:00 DEBUG 11836 --- [ai-gateway] [nio-9988-exec-6] o.s.w.s.m.m.a.HttpEntityMethodProcessor  : Found 'Content-Type:text/event-stream;charset=UTF-8' in response
2026-04-13T13:23:35.019+08:00 DEBUG 11836 --- [ai-gateway] [nio-9988-exec-6] o.s.w.s.m.m.a.HttpEntityMethodProcessor  : Writing ["data: {"type":"response.created","response":{"id":"resp_0210bb3a07fd76da0169dc7dd6e16c81918dd2168d9d (truncated)..."]
2026-04-13T13:23:35.021+08:00 DEBUG 11836 --- [ai-gateway] [nio-9988-exec-6] o.s.web.servlet.DispatcherServlet        : Completed 200 OK
2026-04-13T13:23:51.734+08:00 DEBUG 11836 --- [ai-gateway] [nio-9988-exec-9] o.s.web.servlet.DispatcherServlet        : PUT "/admin/models/10", parameters={}
2026-04-13T13:23:51.736+08:00 DEBUG 11836 --- [ai-gateway] [nio-9988-exec-9] s.w.s.m.m.a.RequestMappingHandlerMapping : Mapped to com.zxw.modules.model.controller.AdminModelController#update(Long, ModelUpdateRequest)
2026-04-13T13:23:51.740+08:00 DEBUG 11836 --- [ai-gateway] [nio-9988-exec-9] m.m.a.RequestResponseBodyMethodProcessor : Read "application/json;charset=UTF-8" to [ModelUpdateRequest[modelName=gpt-5.1-codex, modelType=CHAT, billingType=TOKEN, promptPrice=0.25, com (truncated)...]
2026-04-13T13:23:51.742+08:00 DEBUG 11836 --- [ai-gateway] [nio-9988-exec-9] o.s.jdbc.core.JdbcTemplate               : Executing prepared SQL update
2026-04-13T13:23:51.743+08:00 DEBUG 11836 --- [ai-gateway] [nio-9988-exec-9] o.s.jdbc.core.JdbcTemplate               : Executing prepared SQL statement [update models
set model_name = ?, model_type = ?, billing_type = ?, prompt_price = ?, completion_price = ?,
    multiplier = ?, is_public = ?, updated_at = now()
where id = ? and deleted = 0
]
2026-04-13T13:23:51.745+08:00 DEBUG 11836 --- [ai-gateway] [nio-9988-exec-9] o.s.jdbc.core.JdbcTemplate               : Executing prepared SQL update
2026-04-13T13:23:51.746+08:00 DEBUG 11836 --- [ai-gateway] [nio-9988-exec-9] o.s.jdbc.core.JdbcTemplate               : Executing prepared SQL statement [delete from model_routes
where model_id = ?
]
2026-04-13T13:23:51.747+08:00 DEBUG 11836 --- [ai-gateway] [nio-9988-exec-9] o.s.jdbc.core.JdbcTemplate               : Executing prepared SQL update
2026-04-13T13:23:51.748+08:00 DEBUG 11836 --- [ai-gateway] [nio-9988-exec-9] o.s.jdbc.core.JdbcTemplate               : Executing prepared SQL statement [insert into model_routes (model_id, provider_id, provider_token_id, upstream_model, route_type, priority_no, status)
values (?, ?, null, ?, 'PRIMARY', 100, 'ACTIVE')
]
2026-04-13T13:23:51.753+08:00 DEBUG 11836 --- [ai-gateway] [nio-9988-exec-9] m.m.a.RequestResponseBodyMethodProcessor : Using 'application/json', given [*/*] and supported [application/json, application/*+json]
2026-04-13T13:23:51.754+08:00 DEBUG 11836 --- [ai-gateway] [nio-9988-exec-9] m.m.a.RequestResponseBodyMethodProcessor : Writing [ApiResponse[success=true, message=模型价格已更新, data=null]]
2026-04-13T13:23:51.757+08:00 DEBUG 11836 --- [ai-gateway] [nio-9988-exec-9] o.s.web.servlet.DispatcherServlet        : Completed 200 OK
2026-04-13T13:23:51.791+08:00 DEBUG 11836 --- [ai-gateway] [nio-9988-exec-5] o.s.web.servlet.DispatcherServlet        : GET "/admin/models", parameters={}
2026-04-13T13:23:51.808+08:00 DEBUG 11836 --- [ai-gateway] [nio-9988-exec-5] s.w.s.m.m.a.RequestMappingHandlerMapping : Mapped to com.zxw.modules.model.controller.AdminModelController#list()
2026-04-13T13:23:51.811+08:00 DEBUG 11836 --- [ai-gateway] [nio-9988-exec-5] o.s.jdbc.core.JdbcTemplate               : Executing SQL query [select m.id, m.model_code, m.model_name, m.model_type, m.billing_type, m.prompt_price,
       m.completion_price, m.multiplier, m.is_public, m.status, m.created_at,
       p.id as provider_id, p.provider_name, p.provider_type, r.upstream_model
from models m
left join model_routes r on r.model_id = m.id and r.status = 'ACTIVE'
left join providers p on p.id = r.provider_id
where m.deleted = 0
order by m.id desc
]
2026-04-13T13:23:51.792+08:00 DEBUG 11836 --- [ai-gateway] [nio-9988-exec-7] o.s.web.servlet.DispatcherServlet        : GET "/admin/dashboard/overview", parameters={}
2026-04-13T13:23:51.824+08:00 DEBUG 11836 --- [ai-gateway] [nio-9988-exec-7] s.w.s.m.m.a.RequestMappingHandlerMapping : Mapped to com.zxw.modules.dashboard.controller.AdminDashboardController#overview()
2026-04-13T13:23:51.791+08:00 DEBUG 11836 --- [ai-gateway] [nio-9988-exec-2] o.s.web.servlet.DispatcherServlet        : GET "/admin/dashboard/trend?days=7", parameters={masked}
2026-04-13T13:23:51.831+08:00 DEBUG 11836 --- [ai-gateway] [nio-9988-exec-5] m.m.a.RequestResponseBodyMethodProcessor : Using 'application/json', given [*/*] and supported [application/json, application/*+json]
2026-04-13T13:23:51.832+08:00 DEBUG 11836 --- [ai-gateway] [nio-9988-exec-2] s.w.s.m.m.a.RequestMappingHandlerMapping : Mapped to com.zxw.modules.dashboard.controller.AdminDashboardController#trend(int)
2026-04-13T13:23:51.833+08:00 DEBUG 11836 --- [ai-gateway] [nio-9988-exec-5] m.m.a.RequestResponseBodyMethodProcessor : Writing [ApiResponse[success=true, message=OK, data=[ModelListItemResponse[id=26, modelCode=gpt-5.4-3, modelN (truncated)...]
2026-04-13T13:23:51.833+08:00 DEBUG 11836 --- [ai-gateway] [nio-9988-exec-7] o.s.jdbc.core.JdbcTemplate               : Executing SQL query [select
    (select count(*) from users) as user_count,
    (select count(*) from api_keys where deleted = 0) as api_key_count,
    (select count(*) from providers where deleted = 0) as provider_count,
    (select count(*) from models where deleted = 0) as model_count,
    (select count(*) from request_logs where request_date = curdate()) as request_count_today,
    coalesce((select sum(total_tokens) from request_logs where request_date = curdate()), 0) as total_tokens_today,
    coalesce((select sum(total_tokens) from usage_daily where stat_date >= curdate() - interval 6 day), 0) as total_tokens_7d,
    coalesce((select sum(case when direction = 'IN' then amount else 0 end)
              from transactions
              where transaction_date = curdate()), 0) as recharge_amount_today,
    coalesce((select sum(case when direction = 'OUT' then amount else 0 end)
              from transactions
              where transaction_date = curdate()), 0) as consume_amount_today,
    coalesce((select sum(balance) from wallets), 0) as wallet_balance_total
]
2026-04-13T13:23:51.834+08:00 DEBUG 11836 --- [ai-gateway] [nio-9988-exec-2] o.s.jdbc.core.JdbcTemplate               : Executing prepared SQL query
2026-04-13T13:23:51.835+08:00 DEBUG 11836 --- [ai-gateway] [nio-9988-exec-2] o.s.jdbc.core.JdbcTemplate               : Executing prepared SQL statement [select stat_date, request_count, success_count, total_tokens, user_amount, cost_amount
from usage_daily
where stat_date >= curdate() - interval ? day
order by stat_date asc
]
2026-04-13T13:23:51.841+08:00 DEBUG 11836 --- [ai-gateway] [nio-9988-exec-5] o.s.web.servlet.DispatcherServlet        : Completed 200 OK
2026-04-13T13:23:51.842+08:00 DEBUG 11836 --- [ai-gateway] [nio-9988-exec-7] m.m.a.RequestResponseBodyMethodProcessor : Using 'application/json', given [*/*] and supported [application/json, application/*+json]
2026-04-13T13:23:51.843+08:00 DEBUG 11836 --- [ai-gateway] [nio-9988-exec-7] m.m.a.RequestResponseBodyMethodProcessor : Writing [ApiResponse[success=true, message=OK, data=DashboardOverviewResponse[userCount=14, apiKeyCount=11, p (truncated)...]
2026-04-13T13:23:51.844+08:00 DEBUG 11836 --- [ai-gateway] [nio-9988-exec-2] m.m.a.RequestResponseBodyMethodProcessor : Using 'application/json', given [*/*] and supported [application/json, application/*+json]
2026-04-13T13:23:51.845+08:00 DEBUG 11836 --- [ai-gateway] [nio-9988-exec-7] o.s.web.servlet.DispatcherServlet        : Completed 200 OK
2026-04-13T13:23:51.846+08:00 DEBUG 11836 --- [ai-gateway] [nio-9988-exec-2] m.m.a.RequestResponseBodyMethodProcessor : Writing [ApiResponse[success=true, message=OK, data=[DashboardTrendPointResponse[statDate=2026-04-09, request (truncated)...]
2026-04-13T13:23:51.848+08:00 DEBUG 11836 --- [ai-gateway] [nio-9988-exec-2] o.s.web.servlet.DispatcherServlet        : Completed 200 OK
2026-04-13T13:23:58.528+08:00 DEBUG 11836 --- [ai-gateway] [nio-9988-exec-4] o.s.web.servlet.DispatcherServlet        : PUT "/admin/models/26", parameters={}
2026-04-13T13:23:58.529+08:00 DEBUG 11836 --- [ai-gateway] [nio-9988-exec-4] s.w.s.m.m.a.RequestMappingHandlerMapping : Mapped to com.zxw.modules.model.controller.AdminModelController#update(Long, ModelUpdateRequest)
2026-04-13T13:23:58.534+08:00 DEBUG 11836 --- [ai-gateway] [nio-9988-exec-4] m.m.a.RequestResponseBodyMethodProcessor : Read "application/json;charset=UTF-8" to [ModelUpdateRequest[modelName=gpt-5.4, modelType=CHAT, billingType=TOKEN, promptPrice=0.25, completio (truncated)...]
2026-04-13T13:23:58.536+08:00 DEBUG 11836 --- [ai-gateway] [nio-9988-exec-4] o.s.jdbc.core.JdbcTemplate               : Executing prepared SQL update
2026-04-13T13:23:58.537+08:00 DEBUG 11836 --- [ai-gateway] [nio-9988-exec-4] o.s.jdbc.core.JdbcTemplate               : Executing prepared SQL statement [update models
set model_name = ?, model_type = ?, billing_type = ?, prompt_price = ?, completion_price = ?,
    multiplier = ?, is_public = ?, updated_at = now()
where id = ? and deleted = 0
]
2026-04-13T13:23:58.539+08:00 DEBUG 11836 --- [ai-gateway] [nio-9988-exec-4] o.s.jdbc.core.JdbcTemplate               : Executing prepared SQL update
2026-04-13T13:23:58.541+08:00 DEBUG 11836 --- [ai-gateway] [nio-9988-exec-4] o.s.jdbc.core.JdbcTemplate               : Executing prepared SQL statement [delete from model_routes
where model_id = ?
]
2026-04-13T13:23:58.541+08:00 DEBUG 11836 --- [ai-gateway] [nio-9988-exec-4] o.s.jdbc.core.JdbcTemplate               : Executing prepared SQL update
2026-04-13T13:23:58.542+08:00 DEBUG 11836 --- [ai-gateway] [nio-9988-exec-4] o.s.jdbc.core.JdbcTemplate               : Executing prepared SQL statement [insert into model_routes (model_id, provider_id, provider_token_id, upstream_model, route_type, priority_no, status)
values (?, ?, null, ?, 'PRIMARY', 100, 'ACTIVE')
]
2026-04-13T13:23:58.547+08:00 DEBUG 11836 --- [ai-gateway] [nio-9988-exec-4] m.m.a.RequestResponseBodyMethodProcessor : Using 'application/json', given [*/*] and supported [application/json, application/*+json]
2026-04-13T13:23:58.548+08:00 DEBUG 11836 --- [ai-gateway] [nio-9988-exec-4] m.m.a.RequestResponseBodyMethodProcessor : Writing [ApiResponse[success=true, message=模型价格已更新, data=null]]
2026-04-13T13:23:58.551+08:00 DEBUG 11836 --- [ai-gateway] [nio-9988-exec-4] o.s.web.servlet.DispatcherServlet        : Completed 200 OK
2026-04-13T13:23:58.583+08:00 DEBUG 11836 --- [ai-gateway] [nio-9988-exec-3] o.s.web.servlet.DispatcherServlet        : GET "/admin/dashboard/trend?days=7", parameters={masked}
2026-04-13T13:23:58.583+08:00 DEBUG 11836 --- [ai-gateway] [nio-9988-exec-8] o.s.web.servlet.DispatcherServlet        : GET "/admin/models", parameters={}
2026-04-13T13:23:58.584+08:00 DEBUG 11836 --- [ai-gateway] [nio-9988-exec-1] o.s.web.servlet.DispatcherServlet        : GET "/admin/dashboard/overview", parameters={}
2026-04-13T13:23:58.585+08:00 DEBUG 11836 --- [ai-gateway] [nio-9988-exec-3] s.w.s.m.m.a.RequestMappingHandlerMapping : Mapped to com.zxw.modules.dashboard.controller.AdminDashboardController#trend(int)
2026-04-13T13:23:58.586+08:00 DEBUG 11836 --- [ai-gateway] [nio-9988-exec-8] s.w.s.m.m.a.RequestMappingHandlerMapping : Mapped to com.zxw.modules.model.controller.AdminModelController#list()
2026-04-13T13:23:58.587+08:00 DEBUG 11836 --- [ai-gateway] [nio-9988-exec-1] s.w.s.m.m.a.RequestMappingHandlerMapping : Mapped to com.zxw.modules.dashboard.controller.AdminDashboardController#overview()
2026-04-13T13:23:58.591+08:00 DEBUG 11836 --- [ai-gateway] [nio-9988-exec-1] o.s.jdbc.core.JdbcTemplate               : Executing SQL query [select
    (select count(*) from users) as user_count,
    (select count(*) from api_keys where deleted = 0) as api_key_count,
    (select count(*) from providers where deleted = 0) as provider_count,
    (select count(*) from models where deleted = 0) as model_count,
    (select count(*) from request_logs where request_date = curdate()) as request_count_today,
    coalesce((select sum(total_tokens) from request_logs where request_date = curdate()), 0) as total_tokens_today,
    coalesce((select sum(total_tokens) from usage_daily where stat_date >= curdate() - interval 6 day), 0) as total_tokens_7d,
    coalesce((select sum(case when direction = 'IN' then amount else 0 end)
              from transactions
              where transaction_date = curdate()), 0) as recharge_amount_today,
    coalesce((select sum(case when direction = 'OUT' then amount else 0 end)
              from transactions
              where transaction_date = curdate()), 0) as consume_amount_today,
    coalesce((select sum(balance) from wallets), 0) as wallet_balance_total
]
2026-04-13T13:23:58.589+08:00 DEBUG 11836 --- [ai-gateway] [nio-9988-exec-3] o.s.jdbc.core.JdbcTemplate               : Executing prepared SQL query
2026-04-13T13:23:58.589+08:00 DEBUG 11836 --- [ai-gateway] [nio-9988-exec-8] o.s.jdbc.core.JdbcTemplate               : Executing SQL query [select m.id, m.model_code, m.model_name, m.model_type, m.billing_type, m.prompt_price,
       m.completion_price, m.multiplier, m.is_public, m.status, m.created_at,
       p.id as provider_id, p.provider_name, p.provider_type, r.upstream_model
from models m
left join model_routes r on r.model_id = m.id and r.status = 'ACTIVE'
left join providers p on p.id = r.provider_id
where m.deleted = 0
order by m.id desc
]
2026-04-13T13:23:58.593+08:00 DEBUG 11836 --- [ai-gateway] [nio-9988-exec-3] o.s.jdbc.core.JdbcTemplate               : Executing prepared SQL statement [select stat_date, request_count, success_count, total_tokens, user_amount, cost_amount
from usage_daily
where stat_date >= curdate() - interval ? day
order by stat_date asc
]
2026-04-13T13:23:58.596+08:00 DEBUG 11836 --- [ai-gateway] [nio-9988-exec-8] m.m.a.RequestResponseBodyMethodProcessor : Using 'application/json', given [*/*] and supported [application/json, application/*+json]
2026-04-13T13:23:58.597+08:00 DEBUG 11836 --- [ai-gateway] [nio-9988-exec-3] m.m.a.RequestResponseBodyMethodProcessor : Using 'application/json', given [*/*] and supported [application/json, application/*+json]
2026-04-13T13:23:58.597+08:00 DEBUG 11836 --- [ai-gateway] [nio-9988-exec-8] m.m.a.RequestResponseBodyMethodProcessor : Writing [ApiResponse[success=true, message=OK, data=[ModelListItemResponse[id=26, modelCode=gpt-5.4-3, modelN (truncated)...]
2026-04-13T13:23:58.597+08:00 DEBUG 11836 --- [ai-gateway] [nio-9988-exec-3] m.m.a.RequestResponseBodyMethodProcessor : Writing [ApiResponse[success=true, message=OK, data=[DashboardTrendPointResponse[statDate=2026-04-09, request (truncated)...]
2026-04-13T13:23:58.600+08:00 DEBUG 11836 --- [ai-gateway] [nio-9988-exec-8] o.s.web.servlet.DispatcherServlet        : Completed 200 OK
2026-04-13T13:23:58.601+08:00 DEBUG 11836 --- [ai-gateway] [nio-9988-exec-3] o.s.web.servlet.DispatcherServlet        : Completed 200 OK
2026-04-13T13:23:58.606+08:00 DEBUG 11836 --- [ai-gateway] [nio-9988-exec-1] m.m.a.RequestResponseBodyMethodProcessor : Using 'application/json', given [*/*] and supported [application/json, application/*+json]
2026-04-13T13:23:58.608+08:00 DEBUG 11836 --- [ai-gateway] [nio-9988-exec-1] m.m.a.RequestResponseBodyMethodProcessor : Writing [ApiResponse[success=true, message=OK, data=DashboardOverviewResponse[userCount=14, apiKeyCount=11, p (truncated)...]
2026-04-13T13:23:58.611+08:00 DEBUG 11836 --- [ai-gateway] [nio-9988-exec-1] o.s.web.servlet.DispatcherServlet        : Completed 200 OK
2026-04-13T13:24:14.481+08:00 DEBUG 11836 --- [ai-gateway] [nio-9988-exec-6] o.s.web.servlet.DispatcherServlet        : PUT "/admin/models/8", parameters={}
2026-04-13T13:24:14.482+08:00 DEBUG 11836 --- [ai-gateway] [nio-9988-exec-6] s.w.s.m.m.a.RequestMappingHandlerMapping : Mapped to com.zxw.modules.model.controller.AdminModelController#update(Long, ModelUpdateRequest)
2026-04-13T13:24:14.485+08:00 DEBUG 11836 --- [ai-gateway] [nio-9988-exec-6] m.m.a.RequestResponseBodyMethodProcessor : Read "application/json;charset=UTF-8" to [ModelUpdateRequest[modelName=gpt-5.2-codex, modelType=CHAT, billingType=TOKEN, promptPrice=0.25, com (truncated)...]
2026-04-13T13:24:14.488+08:00 DEBUG 11836 --- [ai-gateway] [nio-9988-exec-6] o.s.jdbc.core.JdbcTemplate               : Executing prepared SQL update
2026-04-13T13:24:14.489+08:00 DEBUG 11836 --- [ai-gateway] [nio-9988-exec-6] o.s.jdbc.core.JdbcTemplate               : Executing prepared SQL statement [update models
set model_name = ?, model_type = ?, billing_type = ?, prompt_price = ?, completion_price = ?,
    multiplier = ?, is_public = ?, updated_at = now()
where id = ? and deleted = 0
]
2026-04-13T13:24:14.490+08:00 DEBUG 11836 --- [ai-gateway] [nio-9988-exec-6] o.s.jdbc.core.JdbcTemplate               : Executing prepared SQL update
2026-04-13T13:24:14.491+08:00 DEBUG 11836 --- [ai-gateway] [nio-9988-exec-6] o.s.jdbc.core.JdbcTemplate               : Executing prepared SQL statement [delete from model_routes
where model_id = ?
]
2026-04-13T13:24:14.492+08:00 DEBUG 11836 --- [ai-gateway] [nio-9988-exec-6] o.s.jdbc.core.JdbcTemplate               : Executing prepared SQL update
2026-04-13T13:24:14.494+08:00 DEBUG 11836 --- [ai-gateway] [nio-9988-exec-6] o.s.jdbc.core.JdbcTemplate               : Executing prepared SQL statement [insert into model_routes (model_id, provider_id, provider_token_id, upstream_model, route_type, priority_no, status)
values (?, ?, null, ?, 'PRIMARY', 100, 'ACTIVE')
]
2026-04-13T13:24:14.498+08:00 DEBUG 11836 --- [ai-gateway] [nio-9988-exec-6] m.m.a.RequestResponseBodyMethodProcessor : Using 'application/json', given [*/*] and supported [application/json, application/*+json]
2026-04-13T13:24:14.499+08:00 DEBUG 11836 --- [ai-gateway] [nio-9988-exec-6] m.m.a.RequestResponseBodyMethodProcessor : Writing [ApiResponse[success=true, message=模型价格已更新, data=null]]
2026-04-13T13:24:14.503+08:00 DEBUG 11836 --- [ai-gateway] [nio-9988-exec-6] o.s.web.servlet.DispatcherServlet        : Completed 200 OK
2026-04-13T13:24:14.532+08:00 DEBUG 11836 --- [ai-gateway] [io-9988-exec-10] o.s.web.servlet.DispatcherServlet        : GET "/admin/dashboard/trend?days=7", parameters={masked}
2026-04-13T13:24:14.532+08:00 DEBUG 11836 --- [ai-gateway] [nio-9988-exec-9] o.s.web.servlet.DispatcherServlet        : GET "/admin/dashboard/overview", parameters={}
2026-04-13T13:24:14.533+08:00 DEBUG 11836 --- [ai-gateway] [io-9988-exec-10] s.w.s.m.m.a.RequestMappingHandlerMapping : Mapped to com.zxw.modules.dashboard.controller.AdminDashboardController#trend(int)
2026-04-13T13:24:14.533+08:00 DEBUG 11836 --- [ai-gateway] [nio-9988-exec-5] o.s.web.servlet.DispatcherServlet        : GET "/admin/models", parameters={}
2026-04-13T13:24:14.533+08:00 DEBUG 11836 --- [ai-gateway] [nio-9988-exec-9] s.w.s.m.m.a.RequestMappingHandlerMapping : Mapped to com.zxw.modules.dashboard.controller.AdminDashboardController#overview()
2026-04-13T13:24:14.535+08:00 DEBUG 11836 --- [ai-gateway] [nio-9988-exec-5] s.w.s.m.m.a.RequestMappingHandlerMapping : Mapped to com.zxw.modules.model.controller.AdminModelController#list()
2026-04-13T13:24:14.538+08:00 DEBUG 11836 --- [ai-gateway] [nio-9988-exec-9] o.s.jdbc.core.JdbcTemplate               : Executing SQL query [select
    (select count(*) from users) as user_count,
    (select count(*) from api_keys where deleted = 0) as api_key_count,
    (select count(*) from providers where deleted = 0) as provider_count,
    (select count(*) from models where deleted = 0) as model_count,
    (select count(*) from request_logs where request_date = curdate()) as request_count_today,
    coalesce((select sum(total_tokens) from request_logs where request_date = curdate()), 0) as total_tokens_today,
    coalesce((select sum(total_tokens) from usage_daily where stat_date >= curdate() - interval 6 day), 0) as total_tokens_7d,
    coalesce((select sum(case when direction = 'IN' then amount else 0 end)
              from transactions
              where transaction_date = curdate()), 0) as recharge_amount_today,
    coalesce((select sum(case when direction = 'OUT' then amount else 0 end)
              from transactions
              where transaction_date = curdate()), 0) as consume_amount_today,
    coalesce((select sum(balance) from wallets), 0) as wallet_balance_total
]
2026-04-13T13:24:14.536+08:00 DEBUG 11836 --- [ai-gateway] [io-9988-exec-10] o.s.jdbc.core.JdbcTemplate               : Executing prepared SQL query
2026-04-13T13:24:14.538+08:00 DEBUG 11836 --- [ai-gateway] [nio-9988-exec-5] o.s.jdbc.core.JdbcTemplate               : Executing SQL query [select m.id, m.model_code, m.model_name, m.model_type, m.billing_type, m.prompt_price,
       m.completion_price, m.multiplier, m.is_public, m.status, m.created_at,
       p.id as provider_id, p.provider_name, p.provider_type, r.upstream_model
from models m
left join model_routes r on r.model_id = m.id and r.status = 'ACTIVE'
left join providers p on p.id = r.provider_id
where m.deleted = 0
order by m.id desc
]
2026-04-13T13:24:14.540+08:00 DEBUG 11836 --- [ai-gateway] [io-9988-exec-10] o.s.jdbc.core.JdbcTemplate               : Executing prepared SQL statement [select stat_date, request_count, success_count, total_tokens, user_amount, cost_amount
from usage_daily
where stat_date >= curdate() - interval ? day
order by stat_date asc
]
2026-04-13T13:24:14.546+08:00 DEBUG 11836 --- [ai-gateway] [nio-9988-exec-5] m.m.a.RequestResponseBodyMethodProcessor : Using 'application/json', given [*/*] and supported [application/json, application/*+json]
2026-04-13T13:24:14.546+08:00 DEBUG 11836 --- [ai-gateway] [io-9988-exec-10] m.m.a.RequestResponseBodyMethodProcessor : Using 'application/json', given [*/*] and supported [application/json, application/*+json]
2026-04-13T13:24:14.547+08:00 DEBUG 11836 --- [ai-gateway] [nio-9988-exec-5] m.m.a.RequestResponseBodyMethodProcessor : Writing [ApiResponse[success=true, message=OK, data=[ModelListItemResponse[id=26, modelCode=gpt-5.4-3, modelN (truncated)...]
2026-04-13T13:24:14.548+08:00 DEBUG 11836 --- [ai-gateway] [io-9988-exec-10] m.m.a.RequestResponseBodyMethodProcessor : Writing [ApiResponse[success=true, message=OK, data=[DashboardTrendPointResponse[statDate=2026-04-09, request (truncated)...]
2026-04-13T13:24:14.549+08:00 DEBUG 11836 --- [ai-gateway] [nio-9988-exec-5] o.s.web.servlet.DispatcherServlet        : Completed 200 OK
2026-04-13T13:24:14.549+08:00 DEBUG 11836 --- [ai-gateway] [nio-9988-exec-9] m.m.a.RequestResponseBodyMethodProcessor : Using 'application/json', given [*/*] and supported [application/json, application/*+json]
2026-04-13T13:24:14.549+08:00 DEBUG 11836 --- [ai-gateway] [io-9988-exec-10] o.s.web.servlet.DispatcherServlet        : Completed 200 OK
2026-04-13T13:24:14.551+08:00 DEBUG 11836 --- [ai-gateway] [nio-9988-exec-9] m.m.a.RequestResponseBodyMethodProcessor : Writing [ApiResponse[success=true, message=OK, data=DashboardOverviewResponse[userCount=14, apiKeyCount=11, p (truncated)...]
2026-04-13T13:24:14.553+08:00 DEBUG 11836 --- [ai-gateway] [nio-9988-exec-9] o.s.web.servlet.DispatcherServlet        : Completed 200 OK
2026-04-13T13:24:19.916+08:00 DEBUG 11836 --- [ai-gateway] [nio-9988-exec-7] o.s.web.servlet.DispatcherServlet        : DELETE "/admin/models/4", parameters={}
2026-04-13T13:24:19.917+08:00 DEBUG 11836 --- [ai-gateway] [nio-9988-exec-7] s.w.s.m.m.a.RequestMappingHandlerMapping : Mapped to com.zxw.modules.model.controller.AdminModelController#delete(Long)
2026-04-13T13:24:19.923+08:00 DEBUG 11836 --- [ai-gateway] [nio-9988-exec-7] o.s.jdbc.core.JdbcTemplate               : Executing prepared SQL query
2026-04-13T13:24:19.923+08:00 DEBUG 11836 --- [ai-gateway] [nio-9988-exec-7] o.s.jdbc.core.JdbcTemplate               : Executing prepared SQL statement [select count(*) from models where id = ? and deleted = 0]
2026-04-13T13:24:19.926+08:00 DEBUG 11836 --- [ai-gateway] [nio-9988-exec-7] o.s.jdbc.core.JdbcTemplate               : Executing prepared SQL update
2026-04-13T13:24:19.927+08:00 DEBUG 11836 --- [ai-gateway] [nio-9988-exec-7] o.s.jdbc.core.JdbcTemplate               : Executing prepared SQL statement [delete from model_routes
where model_id = ?
]
2026-04-13T13:24:19.930+08:00 DEBUG 11836 --- [ai-gateway] [nio-9988-exec-7] o.s.jdbc.core.JdbcTemplate               : Executing prepared SQL update
2026-04-13T13:24:19.931+08:00 DEBUG 11836 --- [ai-gateway] [nio-9988-exec-7] o.s.jdbc.core.JdbcTemplate               : Executing prepared SQL statement [delete from models
where id = ?
]
2026-04-13T13:24:19.938+08:00 DEBUG 11836 --- [ai-gateway] [nio-9988-exec-7] m.m.a.RequestResponseBodyMethodProcessor : Using 'application/json', given [*/*] and supported [application/json, application/*+json]
2026-04-13T13:24:19.941+08:00 DEBUG 11836 --- [ai-gateway] [nio-9988-exec-7] m.m.a.RequestResponseBodyMethodProcessor : Writing [ApiResponse[success=true, message=模型删除成功, data=null]]
2026-04-13T13:24:19.942+08:00 DEBUG 11836 --- [ai-gateway] [nio-9988-exec-7] o.s.web.servlet.DispatcherServlet        : Completed 200 OK
2026-04-13T13:24:19.973+08:00 DEBUG 11836 --- [ai-gateway] [nio-9988-exec-4] o.s.web.servlet.DispatcherServlet        : GET "/admin/dashboard/overview", parameters={}
2026-04-13T13:24:19.973+08:00 DEBUG 11836 --- [ai-gateway] [nio-9988-exec-2] o.s.web.servlet.DispatcherServlet        : GET "/admin/models", parameters={}
2026-04-13T13:24:19.974+08:00 DEBUG 11836 --- [ai-gateway] [nio-9988-exec-4] s.w.s.m.m.a.RequestMappingHandlerMapping : Mapped to com.zxw.modules.dashboard.controller.AdminDashboardController#overview()
2026-04-13T13:24:19.974+08:00 DEBUG 11836 --- [ai-gateway] [nio-9988-exec-2] s.w.s.m.m.a.RequestMappingHandlerMapping : Mapped to com.zxw.modules.model.controller.AdminModelController#list()
2026-04-13T13:24:19.976+08:00 DEBUG 11836 --- [ai-gateway] [nio-9988-exec-2] o.s.jdbc.core.JdbcTemplate               : Executing SQL query [select m.id, m.model_code, m.model_name, m.model_type, m.billing_type, m.prompt_price,
       m.completion_price, m.multiplier, m.is_public, m.status, m.created_at,
       p.id as provider_id, p.provider_name, p.provider_type, r.upstream_model
from models m
left join model_routes r on r.model_id = m.id and r.status = 'ACTIVE'
left join providers p on p.id = r.provider_id
where m.deleted = 0
order by m.id desc
]
2026-04-13T13:24:19.976+08:00 DEBUG 11836 --- [ai-gateway] [nio-9988-exec-4] o.s.jdbc.core.JdbcTemplate               : Executing SQL query [select
    (select count(*) from users) as user_count,
    (select count(*) from api_keys where deleted = 0) as api_key_count,
    (select count(*) from providers where deleted = 0) as provider_count,
    (select count(*) from models where deleted = 0) as model_count,
    (select count(*) from request_logs where request_date = curdate()) as request_count_today,
    coalesce((select sum(total_tokens) from request_logs where request_date = curdate()), 0) as total_tokens_today,
    coalesce((select sum(total_tokens) from usage_daily where stat_date >= curdate() - interval 6 day), 0) as total_tokens_7d,
    coalesce((select sum(case when direction = 'IN' then amount else 0 end)
              from transactions
              where transaction_date = curdate()), 0) as recharge_amount_today,
    coalesce((select sum(case when direction = 'OUT' then amount else 0 end)
              from transactions
              where transaction_date = curdate()), 0) as consume_amount_today,
    coalesce((select sum(balance) from wallets), 0) as wallet_balance_total
]
2026-04-13T13:24:19.980+08:00 DEBUG 11836 --- [ai-gateway] [nio-9988-exec-2] m.m.a.RequestResponseBodyMethodProcessor : Using 'application/json', given [*/*] and supported [application/json, application/*+json]
2026-04-13T13:24:19.982+08:00 DEBUG 11836 --- [ai-gateway] [nio-9988-exec-2] m.m.a.RequestResponseBodyMethodProcessor : Writing [ApiResponse[success=true, message=OK, data=[ModelListItemResponse[id=26, modelCode=gpt-5.4-3, modelN (truncated)...]
2026-04-13T13:24:19.982+08:00 DEBUG 11836 --- [ai-gateway] [nio-9988-exec-8] o.s.web.servlet.DispatcherServlet        : GET "/admin/dashboard/trend?days=7", parameters={masked}
2026-04-13T13:24:19.983+08:00 DEBUG 11836 --- [ai-gateway] [nio-9988-exec-8] s.w.s.m.m.a.RequestMappingHandlerMapping : Mapped to com.zxw.modules.dashboard.controller.AdminDashboardController#trend(int)
2026-04-13T13:24:19.984+08:00 DEBUG 11836 --- [ai-gateway] [nio-9988-exec-2] o.s.web.servlet.DispatcherServlet        : Completed 200 OK
2026-04-13T13:24:19.985+08:00 DEBUG 11836 --- [ai-gateway] [nio-9988-exec-8] o.s.jdbc.core.JdbcTemplate               : Executing prepared SQL query
2026-04-13T13:24:19.986+08:00 DEBUG 11836 --- [ai-gateway] [nio-9988-exec-4] m.m.a.RequestResponseBodyMethodProcessor : Using 'application/json', given [*/*] and supported [application/json, application/*+json]
2026-04-13T13:24:19.986+08:00 DEBUG 11836 --- [ai-gateway] [nio-9988-exec-8] o.s.jdbc.core.JdbcTemplate               : Executing prepared SQL statement [select stat_date, request_count, success_count, total_tokens, user_amount, cost_amount
from usage_daily
where stat_date >= curdate() - interval ? day
order by stat_date asc
]
2026-04-13T13:24:19.986+08:00 DEBUG 11836 --- [ai-gateway] [nio-9988-exec-4] m.m.a.RequestResponseBodyMethodProcessor : Writing [ApiResponse[success=true, message=OK, data=DashboardOverviewResponse[userCount=14, apiKeyCount=11, p (truncated)...]
2026-04-13T13:24:19.989+08:00 DEBUG 11836 --- [ai-gateway] [nio-9988-exec-4] o.s.web.servlet.DispatcherServlet        : Completed 200 OK
2026-04-13T13:24:19.991+08:00 DEBUG 11836 --- [ai-gateway] [nio-9988-exec-8] m.m.a.RequestResponseBodyMethodProcessor : Using 'application/json', given [*/*] and supported [application/json, application/*+json]
2026-04-13T13:24:19.994+08:00 DEBUG 11836 --- [ai-gateway] [nio-9988-exec-8] m.m.a.RequestResponseBodyMethodProcessor : Writing [ApiResponse[success=true, message=OK, data=[DashboardTrendPointResponse[statDate=2026-04-09, request (truncated)...]
2026-04-13T13:24:19.996+08:00 DEBUG 11836 --- [ai-gateway] [nio-9988-exec-8] o.s.web.servlet.DispatcherServlet        : Completed 200 OK
2026-04-13T13:24:21.597+08:00 DEBUG 11836 --- [ai-gateway] [nio-9988-exec-3] o.s.web.servlet.DispatcherServlet        : DELETE "/admin/models/3", parameters={}
2026-04-13T13:24:21.599+08:00 DEBUG 11836 --- [ai-gateway] [nio-9988-exec-3] s.w.s.m.m.a.RequestMappingHandlerMapping : Mapped to com.zxw.modules.model.controller.AdminModelController#delete(Long)
2026-04-13T13:24:21.603+08:00 DEBUG 11836 --- [ai-gateway] [nio-9988-exec-3] o.s.jdbc.core.JdbcTemplate               : Executing prepared SQL query
2026-04-13T13:24:21.603+08:00 DEBUG 11836 --- [ai-gateway] [nio-9988-exec-3] o.s.jdbc.core.JdbcTemplate               : Executing prepared SQL statement [select count(*) from models where id = ? and deleted = 0]
2026-04-13T13:24:21.606+08:00 DEBUG 11836 --- [ai-gateway] [nio-9988-exec-3] o.s.jdbc.core.JdbcTemplate               : Executing prepared SQL update
2026-04-13T13:24:21.607+08:00 DEBUG 11836 --- [ai-gateway] [nio-9988-exec-3] o.s.jdbc.core.JdbcTemplate               : Executing prepared SQL statement [delete from model_routes
where model_id = ?
]
2026-04-13T13:24:21.611+08:00 DEBUG 11836 --- [ai-gateway] [nio-9988-exec-3] o.s.jdbc.core.JdbcTemplate               : Executing prepared SQL update
2026-04-13T13:24:21.613+08:00 DEBUG 11836 --- [ai-gateway] [nio-9988-exec-3] o.s.jdbc.core.JdbcTemplate               : Executing prepared SQL statement [delete from models
where id = ?
]
2026-04-13T13:24:21.621+08:00 DEBUG 11836 --- [ai-gateway] [nio-9988-exec-3] m.m.a.RequestResponseBodyMethodProcessor : Using 'application/json', given [*/*] and supported [application/json, application/*+json]
2026-04-13T13:24:21.624+08:00 DEBUG 11836 --- [ai-gateway] [nio-9988-exec-3] m.m.a.RequestResponseBodyMethodProcessor : Writing [ApiResponse[success=true, message=模型删除成功, data=null]]
2026-04-13T13:24:21.626+08:00 DEBUG 11836 --- [ai-gateway] [nio-9988-exec-3] o.s.web.servlet.DispatcherServlet        : Completed 200 OK
2026-04-13T13:24:21.662+08:00 DEBUG 11836 --- [ai-gateway] [nio-9988-exec-1] o.s.web.servlet.DispatcherServlet        : GET "/admin/dashboard/overview", parameters={}
2026-04-13T13:24:21.663+08:00 DEBUG 11836 --- [ai-gateway] [io-9988-exec-10] o.s.web.servlet.DispatcherServlet        : GET "/admin/dashboard/trend?days=7", parameters={masked}
2026-04-13T13:24:21.665+08:00 DEBUG 11836 --- [ai-gateway] [io-9988-exec-10] s.w.s.m.m.a.RequestMappingHandlerMapping : Mapped to com.zxw.modules.dashboard.controller.AdminDashboardController#trend(int)
2026-04-13T13:24:21.668+08:00 DEBUG 11836 --- [ai-gateway] [io-9988-exec-10] o.s.jdbc.core.JdbcTemplate               : Executing prepared SQL query
2026-04-13T13:24:21.670+08:00 DEBUG 11836 --- [ai-gateway] [io-9988-exec-10] o.s.jdbc.core.JdbcTemplate               : Executing prepared SQL statement [select stat_date, request_count, success_count, total_tokens, user_amount, cost_amount
from usage_daily
where stat_date >= curdate() - interval ? day
order by stat_date asc
]
2026-04-13T13:24:21.662+08:00 DEBUG 11836 --- [ai-gateway] [nio-9988-exec-5] o.s.web.servlet.DispatcherServlet        : GET "/admin/models", parameters={}
2026-04-13T13:24:21.664+08:00 DEBUG 11836 --- [ai-gateway] [nio-9988-exec-1] s.w.s.m.m.a.RequestMappingHandlerMapping : Mapped to com.zxw.modules.dashboard.controller.AdminDashboardController#overview()
2026-04-13T13:24:21.674+08:00 DEBUG 11836 --- [ai-gateway] [nio-9988-exec-5] s.w.s.m.m.a.RequestMappingHandlerMapping : Mapped to com.zxw.modules.model.controller.AdminModelController#list()
2026-04-13T13:24:21.677+08:00 DEBUG 11836 --- [ai-gateway] [io-9988-exec-10] m.m.a.RequestResponseBodyMethodProcessor : Using 'application/json', given [*/*] and supported [application/json, application/*+json]
2026-04-13T13:24:21.676+08:00 DEBUG 11836 --- [ai-gateway] [nio-9988-exec-1] o.s.jdbc.core.JdbcTemplate               : Executing SQL query [select
    (select count(*) from users) as user_count,
    (select count(*) from api_keys where deleted = 0) as api_key_count,
    (select count(*) from providers where deleted = 0) as provider_count,
    (select count(*) from models where deleted = 0) as model_count,
    (select count(*) from request_logs where request_date = curdate()) as request_count_today,
    coalesce((select sum(total_tokens) from request_logs where request_date = curdate()), 0) as total_tokens_today,
    coalesce((select sum(total_tokens) from usage_daily where stat_date >= curdate() - interval 6 day), 0) as total_tokens_7d,
    coalesce((select sum(case when direction = 'IN' then amount else 0 end)
              from transactions
              where transaction_date = curdate()), 0) as recharge_amount_today,
    coalesce((select sum(case when direction = 'OUT' then amount else 0 end)
              from transactions
              where transaction_date = curdate()), 0) as consume_amount_today,
    coalesce((select sum(balance) from wallets), 0) as wallet_balance_total
]
2026-04-13T13:24:21.678+08:00 DEBUG 11836 --- [ai-gateway] [nio-9988-exec-5] o.s.jdbc.core.JdbcTemplate               : Executing SQL query [select m.id, m.model_code, m.model_name, m.model_type, m.billing_type, m.prompt_price,
       m.completion_price, m.multiplier, m.is_public, m.status, m.created_at,
       p.id as provider_id, p.provider_name, p.provider_type, r.upstream_model
from models m
left join model_routes r on r.model_id = m.id and r.status = 'ACTIVE'
left join providers p on p.id = r.provider_id
where m.deleted = 0
order by m.id desc
]
2026-04-13T13:24:21.679+08:00 DEBUG 11836 --- [ai-gateway] [io-9988-exec-10] m.m.a.RequestResponseBodyMethodProcessor : Writing [ApiResponse[success=true, message=OK, data=[DashboardTrendPointResponse[statDate=2026-04-09, request (truncated)...]
2026-04-13T13:24:21.690+08:00 DEBUG 11836 --- [ai-gateway] [io-9988-exec-10] o.s.web.servlet.DispatcherServlet        : Completed 200 OK
2026-04-13T13:24:21.695+08:00 DEBUG 11836 --- [ai-gateway] [nio-9988-exec-5] m.m.a.RequestResponseBodyMethodProcessor : Using 'application/json', given [*/*] and supported [application/json, application/*+json]
2026-04-13T13:24:21.698+08:00 DEBUG 11836 --- [ai-gateway] [nio-9988-exec-5] m.m.a.RequestResponseBodyMethodProcessor : Writing [ApiResponse[success=true, message=OK, data=[ModelListItemResponse[id=26, modelCode=gpt-5.4-3, modelN (truncated)...]
2026-04-13T13:24:21.700+08:00 DEBUG 11836 --- [ai-gateway] [nio-9988-exec-5] o.s.web.servlet.DispatcherServlet        : Completed 200 OK
2026-04-13T13:24:21.719+08:00 DEBUG 11836 --- [ai-gateway] [nio-9988-exec-1] m.m.a.RequestResponseBodyMethodProcessor : Using 'application/json', given [*/*] and supported [application/json, application/*+json]
2026-04-13T13:24:21.721+08:00 DEBUG 11836 --- [ai-gateway] [nio-9988-exec-1] m.m.a.RequestResponseBodyMethodProcessor : Writing [ApiResponse[success=true, message=OK, data=DashboardOverviewResponse[userCount=14, apiKeyCount=11, p (truncated)...]
2026-04-13T13:24:21.723+08:00 DEBUG 11836 --- [ai-gateway] [nio-9988-exec-1] o.s.web.servlet.DispatcherServlet        : Completed 200 OK
2026-04-13T13:24:33.572+08:00 DEBUG 11836 --- [ai-gateway] [nio-9988-exec-9] o.s.web.servlet.DispatcherServlet        : DELETE "/admin/models/11", parameters={}
2026-04-13T13:24:33.573+08:00 DEBUG 11836 --- [ai-gateway] [nio-9988-exec-9] s.w.s.m.m.a.RequestMappingHandlerMapping : Mapped to com.zxw.modules.model.controller.AdminModelController#delete(Long)
2026-04-13T13:24:33.578+08:00 DEBUG 11836 --- [ai-gateway] [nio-9988-exec-9] o.s.jdbc.core.JdbcTemplate               : Executing prepared SQL query
2026-04-13T13:24:33.579+08:00 DEBUG 11836 --- [ai-gateway] [nio-9988-exec-9] o.s.jdbc.core.JdbcTemplate               : Executing prepared SQL statement [select count(*) from models where id = ? and deleted = 0]
2026-04-13T13:24:33.582+08:00 DEBUG 11836 --- [ai-gateway] [nio-9988-exec-9] o.s.jdbc.core.JdbcTemplate               : Executing prepared SQL update
2026-04-13T13:24:33.584+08:00 DEBUG 11836 --- [ai-gateway] [nio-9988-exec-9] o.s.jdbc.core.JdbcTemplate               : Executing prepared SQL statement [delete from model_routes
where model_id = ?
]
2026-04-13T13:24:33.586+08:00 DEBUG 11836 --- [ai-gateway] [nio-9988-exec-9] o.s.jdbc.core.JdbcTemplate               : Executing prepared SQL update
2026-04-13T13:24:33.588+08:00 DEBUG 11836 --- [ai-gateway] [nio-9988-exec-9] o.s.jdbc.core.JdbcTemplate               : Executing prepared SQL statement [delete from models
where id = ?
]
2026-04-13T13:24:33.595+08:00 DEBUG 11836 --- [ai-gateway] [nio-9988-exec-9] m.m.a.RequestResponseBodyMethodProcessor : Using 'application/json', given [*/*] and supported [application/json, application/*+json]
2026-04-13T13:24:33.597+08:00 DEBUG 11836 --- [ai-gateway] [nio-9988-exec-9] m.m.a.RequestResponseBodyMethodProcessor : Writing [ApiResponse[success=true, message=模型删除成功, data=null]]
2026-04-13T13:24:33.600+08:00 DEBUG 11836 --- [ai-gateway] [nio-9988-exec-9] o.s.web.servlet.DispatcherServlet        : Completed 200 OK
2026-04-13T13:24:33.640+08:00 DEBUG 11836 --- [ai-gateway] [nio-9988-exec-7] o.s.web.servlet.DispatcherServlet        : GET "/admin/dashboard/overview", parameters={}
2026-04-13T13:24:33.642+08:00 DEBUG 11836 --- [ai-gateway] [nio-9988-exec-7] s.w.s.m.m.a.RequestMappingHandlerMapping : Mapped to com.zxw.modules.dashboard.controller.AdminDashboardController#overview()
2026-04-13T13:24:33.646+08:00 DEBUG 11836 --- [ai-gateway] [nio-9988-exec-7] o.s.jdbc.core.JdbcTemplate               : Executing SQL query [select
    (select count(*) from users) as user_count,
    (select count(*) from api_keys where deleted = 0) as api_key_count,
    (select count(*) from providers where deleted = 0) as provider_count,
    (select count(*) from models where deleted = 0) as model_count,
    (select count(*) from request_logs where request_date = curdate()) as request_count_today,
    coalesce((select sum(total_tokens) from request_logs where request_date = curdate()), 0) as total_tokens_today,
    coalesce((select sum(total_tokens) from usage_daily where stat_date >= curdate() - interval 6 day), 0) as total_tokens_7d,
    coalesce((select sum(case when direction = 'IN' then amount else 0 end)
              from transactions
              where transaction_date = curdate()), 0) as recharge_amount_today,
    coalesce((select sum(case when direction = 'OUT' then amount else 0 end)
              from transactions
              where transaction_date = curdate()), 0) as consume_amount_today,
    coalesce((select sum(balance) from wallets), 0) as wallet_balance_total
]
2026-04-13T13:24:33.643+08:00 DEBUG 11836 --- [ai-gateway] [nio-9988-exec-4] o.s.web.servlet.DispatcherServlet        : GET "/admin/dashboard/trend?days=7", parameters={masked}
2026-04-13T13:24:33.650+08:00 DEBUG 11836 --- [ai-gateway] [nio-9988-exec-4] s.w.s.m.m.a.RequestMappingHandlerMapping : Mapped to com.zxw.modules.dashboard.controller.AdminDashboardController#trend(int)
2026-04-13T13:24:33.655+08:00 DEBUG 11836 --- [ai-gateway] [nio-9988-exec-4] o.s.jdbc.core.JdbcTemplate               : Executing prepared SQL query
2026-04-13T13:24:33.659+08:00 DEBUG 11836 --- [ai-gateway] [nio-9988-exec-4] o.s.jdbc.core.JdbcTemplate               : Executing prepared SQL statement [select stat_date, request_count, success_count, total_tokens, user_amount, cost_amount
from usage_daily
where stat_date >= curdate() - interval ? day
order by stat_date asc
]
2026-04-13T13:24:33.644+08:00 DEBUG 11836 --- [ai-gateway] [nio-9988-exec-8] o.s.web.servlet.DispatcherServlet        : GET "/admin/models", parameters={}
2026-04-13T13:24:33.667+08:00 DEBUG 11836 --- [ai-gateway] [nio-9988-exec-4] m.m.a.RequestResponseBodyMethodProcessor : Using 'application/json', given [*/*] and supported [application/json, application/*+json]
2026-04-13T13:24:33.668+08:00 DEBUG 11836 --- [ai-gateway] [nio-9988-exec-8] s.w.s.m.m.a.RequestMappingHandlerMapping : Mapped to com.zxw.modules.model.controller.AdminModelController#list()
2026-04-13T13:24:33.669+08:00 DEBUG 11836 --- [ai-gateway] [nio-9988-exec-4] m.m.a.RequestResponseBodyMethodProcessor : Writing [ApiResponse[success=true, message=OK, data=[DashboardTrendPointResponse[statDate=2026-04-09, request (truncated)...]
2026-04-13T13:24:33.676+08:00 DEBUG 11836 --- [ai-gateway] [nio-9988-exec-8] o.s.jdbc.core.JdbcTemplate               : Executing SQL query [select m.id, m.model_code, m.model_name, m.model_type, m.billing_type, m.prompt_price,
       m.completion_price, m.multiplier, m.is_public, m.status, m.created_at,
       p.id as provider_id, p.provider_name, p.provider_type, r.upstream_model
from models m
left join model_routes r on r.model_id = m.id and r.status = 'ACTIVE'
left join providers p on p.id = r.provider_id
where m.deleted = 0
order by m.id desc
]
2026-04-13T13:24:33.677+08:00 DEBUG 11836 --- [ai-gateway] [nio-9988-exec-4] o.s.web.servlet.DispatcherServlet        : Completed 200 OK
2026-04-13T13:24:33.681+08:00 DEBUG 11836 --- [ai-gateway] [nio-9988-exec-8] m.m.a.RequestResponseBodyMethodProcessor : Using 'application/json', given [*/*] and supported [application/json, application/*+json]
2026-04-13T13:24:33.682+08:00 DEBUG 11836 --- [ai-gateway] [nio-9988-exec-8] m.m.a.RequestResponseBodyMethodProcessor : Writing [ApiResponse[success=true, message=OK, data=[ModelListItemResponse[id=26, modelCode=gpt-5.4-3, modelN (truncated)...]
2026-04-13T13:24:33.685+08:00 DEBUG 11836 --- [ai-gateway] [nio-9988-exec-8] o.s.web.servlet.DispatcherServlet        : Completed 200 OK
2026-04-13T13:24:33.709+08:00 DEBUG 11836 --- [ai-gateway] [nio-9988-exec-7] m.m.a.RequestResponseBodyMethodProcessor : Using 'application/json', given [*/*] and supported [application/json, application/*+json]
2026-04-13T13:24:33.711+08:00 DEBUG 11836 --- [ai-gateway] [nio-9988-exec-7] m.m.a.RequestResponseBodyMethodProcessor : Writing [ApiResponse[success=true, message=OK, data=DashboardOverviewResponse[userCount=14, apiKeyCount=11, p (truncated)...]
2026-04-13T13:24:33.713+08:00 DEBUG 11836 --- [ai-gateway] [nio-9988-exec-7] o.s.web.servlet.DispatcherServlet        : Completed 200 OK
2026-04-13T13:24:41.651+08:00 DEBUG 11836 --- [ai-gateway] [nio-9988-exec-3] o.s.web.servlet.DispatcherServlet        : DELETE "/admin/models/7", parameters={}
2026-04-13T13:24:41.652+08:00 DEBUG 11836 --- [ai-gateway] [nio-9988-exec-3] s.w.s.m.m.a.RequestMappingHandlerMapping : Mapped to com.zxw.modules.model.controller.AdminModelController#delete(Long)
2026-04-13T13:24:41.657+08:00 DEBUG 11836 --- [ai-gateway] [nio-9988-exec-3] o.s.jdbc.core.JdbcTemplate               : Executing prepared SQL query
2026-04-13T13:24:41.658+08:00 DEBUG 11836 --- [ai-gateway] [nio-9988-exec-3] o.s.jdbc.core.JdbcTemplate               : Executing prepared SQL statement [select count(*) from models where id = ? and deleted = 0]
2026-04-13T13:24:41.659+08:00 DEBUG 11836 --- [ai-gateway] [nio-9988-exec-3] o.s.jdbc.core.JdbcTemplate               : Executing prepared SQL update
2026-04-13T13:24:41.660+08:00 DEBUG 11836 --- [ai-gateway] [nio-9988-exec-3] o.s.jdbc.core.JdbcTemplate               : Executing prepared SQL statement [delete from model_routes
where model_id = ?
]
2026-04-13T13:24:41.661+08:00 DEBUG 11836 --- [ai-gateway] [nio-9988-exec-3] o.s.jdbc.core.JdbcTemplate               : Executing prepared SQL update
2026-04-13T13:24:41.662+08:00 DEBUG 11836 --- [ai-gateway] [nio-9988-exec-3] o.s.jdbc.core.JdbcTemplate               : Executing prepared SQL statement [delete from models
where id = ?
]
2026-04-13T13:24:41.665+08:00 DEBUG 11836 --- [ai-gateway] [nio-9988-exec-3] m.m.a.RequestResponseBodyMethodProcessor : Using 'application/json', given [*/*] and supported [application/json, application/*+json]
2026-04-13T13:24:41.668+08:00 DEBUG 11836 --- [ai-gateway] [nio-9988-exec-3] m.m.a.RequestResponseBodyMethodProcessor : Writing [ApiResponse[success=true, message=模型删除成功, data=null]]
2026-04-13T13:24:41.669+08:00 DEBUG 11836 --- [ai-gateway] [nio-9988-exec-3] o.s.web.servlet.DispatcherServlet        : Completed 200 OK
2026-04-13T13:24:41.701+08:00 DEBUG 11836 --- [ai-gateway] [nio-9988-exec-6] o.s.web.servlet.DispatcherServlet        : GET "/admin/dashboard/overview", parameters={}
2026-04-13T13:24:41.704+08:00 DEBUG 11836 --- [ai-gateway] [nio-9988-exec-6] s.w.s.m.m.a.RequestMappingHandlerMapping : Mapped to com.zxw.modules.dashboard.controller.AdminDashboardController#overview()
2026-04-13T13:24:41.702+08:00 DEBUG 11836 --- [ai-gateway] [io-9988-exec-10] o.s.web.servlet.DispatcherServlet        : GET "/admin/models", parameters={}
2026-04-13T13:24:41.707+08:00 DEBUG 11836 --- [ai-gateway] [io-9988-exec-10] s.w.s.m.m.a.RequestMappingHandlerMapping : Mapped to com.zxw.modules.model.controller.AdminModelController#list()
2026-04-13T13:24:41.708+08:00 DEBUG 11836 --- [ai-gateway] [nio-9988-exec-6] o.s.jdbc.core.JdbcTemplate               : Executing SQL query [select
    (select count(*) from users) as user_count,
    (select count(*) from api_keys where deleted = 0) as api_key_count,
    (select count(*) from providers where deleted = 0) as provider_count,
    (select count(*) from models where deleted = 0) as model_count,
    (select count(*) from request_logs where request_date = curdate()) as request_count_today,
    coalesce((select sum(total_tokens) from request_logs where request_date = curdate()), 0) as total_tokens_today,
    coalesce((select sum(total_tokens) from usage_daily where stat_date >= curdate() - interval 6 day), 0) as total_tokens_7d,
    coalesce((select sum(case when direction = 'IN' then amount else 0 end)
              from transactions
              where transaction_date = curdate()), 0) as recharge_amount_today,
    coalesce((select sum(case when direction = 'OUT' then amount else 0 end)
              from transactions
              where transaction_date = curdate()), 0) as consume_amount_today,
    coalesce((select sum(balance) from wallets), 0) as wallet_balance_total
]
2026-04-13T13:24:41.709+08:00 DEBUG 11836 --- [ai-gateway] [nio-9988-exec-1] o.s.web.servlet.DispatcherServlet        : GET "/admin/dashboard/trend?days=7", parameters={masked}
2026-04-13T13:24:41.709+08:00 DEBUG 11836 --- [ai-gateway] [io-9988-exec-10] o.s.jdbc.core.JdbcTemplate               : Executing SQL query [select m.id, m.model_code, m.model_name, m.model_type, m.billing_type, m.prompt_price,
       m.completion_price, m.multiplier, m.is_public, m.status, m.created_at,
       p.id as provider_id, p.provider_name, p.provider_type, r.upstream_model
from models m
left join model_routes r on r.model_id = m.id and r.status = 'ACTIVE'
left join providers p on p.id = r.provider_id
where m.deleted = 0
order by m.id desc
]
2026-04-13T13:24:41.712+08:00 DEBUG 11836 --- [ai-gateway] [nio-9988-exec-1] s.w.s.m.m.a.RequestMappingHandlerMapping : Mapped to com.zxw.modules.dashboard.controller.AdminDashboardController#trend(int)
2026-04-13T13:24:41.716+08:00 DEBUG 11836 --- [ai-gateway] [io-9988-exec-10] m.m.a.RequestResponseBodyMethodProcessor : Using 'application/json', given [*/*] and supported [application/json, application/*+json]
2026-04-13T13:24:41.718+08:00 DEBUG 11836 --- [ai-gateway] [io-9988-exec-10] m.m.a.RequestResponseBodyMethodProcessor : Writing [ApiResponse[success=true, message=OK, data=[ModelListItemResponse[id=26, modelCode=gpt-5.4-3, modelN (truncated)...]
2026-04-13T13:24:41.718+08:00 DEBUG 11836 --- [ai-gateway] [nio-9988-exec-1] o.s.jdbc.core.JdbcTemplate               : Executing prepared SQL query
2026-04-13T13:24:41.720+08:00 DEBUG 11836 --- [ai-gateway] [nio-9988-exec-1] o.s.jdbc.core.JdbcTemplate               : Executing prepared SQL statement [select stat_date, request_count, success_count, total_tokens, user_amount, cost_amount
from usage_daily
where stat_date >= curdate() - interval ? day
order by stat_date asc
]
2026-04-13T13:24:41.720+08:00 DEBUG 11836 --- [ai-gateway] [io-9988-exec-10] o.s.web.servlet.DispatcherServlet        : Completed 200 OK
2026-04-13T13:24:41.731+08:00 DEBUG 11836 --- [ai-gateway] [nio-9988-exec-1] m.m.a.RequestResponseBodyMethodProcessor : Using 'application/json', given [*/*] and supported [application/json, application/*+json]
2026-04-13T13:24:41.733+08:00 DEBUG 11836 --- [ai-gateway] [nio-9988-exec-1] m.m.a.RequestResponseBodyMethodProcessor : Writing [ApiResponse[success=true, message=OK, data=[DashboardTrendPointResponse[statDate=2026-04-09, request (truncated)...]
2026-04-13T13:24:41.736+08:00 DEBUG 11836 --- [ai-gateway] [nio-9988-exec-1] o.s.web.servlet.DispatcherServlet        : Completed 200 OK
2026-04-13T13:24:41.737+08:00 DEBUG 11836 --- [ai-gateway] [nio-9988-exec-6] m.m.a.RequestResponseBodyMethodProcessor : Using 'application/json', given [*/*] and supported [application/json, application/*+json]
2026-04-13T13:24:41.739+08:00 DEBUG 11836 --- [ai-gateway] [nio-9988-exec-6] m.m.a.RequestResponseBodyMethodProcessor : Writing [ApiResponse[success=true, message=OK, data=DashboardOverviewResponse[userCount=14, apiKeyCount=11, p (truncated)...]
2026-04-13T13:24:41.742+08:00 DEBUG 11836 --- [ai-gateway] [nio-9988-exec-6] o.s.web.servlet.DispatcherServlet        : Completed 200 OK
2026-04-13T13:24:53.573+08:00 DEBUG 11836 --- [ai-gateway] [nio-9988-exec-9] o.s.web.servlet.DispatcherServlet        : GET "/admin/request-logs?limit=50", parameters={masked}
2026-04-13T13:24:53.574+08:00 DEBUG 11836 --- [ai-gateway] [nio-9988-exec-9] s.w.s.m.m.a.RequestMappingHandlerMapping : Mapped to com.zxw.modules.request.controller.AdminRequestLogController#list(int)
2026-04-13T13:24:53.577+08:00 DEBUG 11836 --- [ai-gateway] [nio-9988-exec-9] o.s.jdbc.core.JdbcTemplate               : Executing prepared SQL query
2026-04-13T13:24:53.578+08:00 DEBUG 11836 --- [ai-gateway] [nio-9988-exec-9] o.s.jdbc.core.JdbcTemplate               : Executing prepared SQL statement [select l.request_id, u.username, l.model_code, l.upstream_model, l.status_code,
       l.latency_ms, l.total_tokens, l.user_amount, l.cost_amount, l.success, l.created_at
from request_logs l
left join users u on u.id = l.user_id
order by l.id desc
limit ?
]
2026-04-13T13:24:53.584+08:00 DEBUG 11836 --- [ai-gateway] [nio-9988-exec-9] m.m.a.RequestResponseBodyMethodProcessor : Using 'application/json', given [*/*] and supported [application/json, application/*+json]
2026-04-13T13:24:53.585+08:00 DEBUG 11836 --- [ai-gateway] [nio-9988-exec-9] m.m.a.RequestResponseBodyMethodProcessor : Writing [ApiResponse[success=true, message=OK, data=[RequestLogItemResponse[requestId=req_09cbf040f2384047b80 (truncated)...]
2026-04-13T13:24:53.588+08:00 DEBUG 11836 --- [ai-gateway] [nio-9988-exec-9] o.s.web.servlet.DispatcherServlet        : Completed 200 OK
2026-04-13T13:24:54.356+08:00 DEBUG 11836 --- [ai-gateway] [nio-9988-exec-2] o.s.web.servlet.DispatcherServlet        : GET "/admin/request-logs?limit=50", parameters={masked}
2026-04-13T13:24:54.358+08:00 DEBUG 11836 --- [ai-gateway] [nio-9988-exec-2] s.w.s.m.m.a.RequestMappingHandlerMapping : Mapped to com.zxw.modules.request.controller.AdminRequestLogController#list(int)
2026-04-13T13:24:54.361+08:00 DEBUG 11836 --- [ai-gateway] [nio-9988-exec-2] o.s.jdbc.core.JdbcTemplate               : Executing prepared SQL query
2026-04-13T13:24:54.362+08:00 DEBUG 11836 --- [ai-gateway] [nio-9988-exec-2] o.s.jdbc.core.JdbcTemplate               : Executing prepared SQL statement [select l.request_id, u.username, l.model_code, l.upstream_model, l.status_code,
       l.latency_ms, l.total_tokens, l.user_amount, l.cost_amount, l.success, l.created_at
from request_logs l
left join users u on u.id = l.user_id
order by l.id desc
limit ?
]
2026-04-13T13:24:54.369+08:00 DEBUG 11836 --- [ai-gateway] [nio-9988-exec-2] m.m.a.RequestResponseBodyMethodProcessor : Using 'application/json', given [*/*] and supported [application/json, application/*+json]
2026-04-13T13:24:54.371+08:00 DEBUG 11836 --- [ai-gateway] [nio-9988-exec-2] m.m.a.RequestResponseBodyMethodProcessor : Writing [ApiResponse[success=true, message=OK, data=[RequestLogItemResponse[requestId=req_09cbf040f2384047b80 (truncated)...]
2026-04-13T13:24:54.375+08:00 DEBUG 11836 --- [ai-gateway] [nio-9988-exec-2] o.s.web.servlet.DispatcherServlet        : Completed 200 OK
2026-04-13T13:25:13.836+08:00 DEBUG 11836 --- [ai-gateway] [nio-9988-exec-4] o.s.web.servlet.DispatcherServlet        : POST "/v1/responses", parameters={}
2026-04-13T13:25:13.838+08:00 DEBUG 11836 --- [ai-gateway] [nio-9988-exec-4] s.w.s.m.m.a.RequestMappingHandlerMapping : Mapped to com.zxw.modules.gateway.controller.GatewayChatController#responses(String, String, HttpServletRequest)
2026-04-13T13:25:14.424+08:00 DEBUG 11836 --- [ai-gateway] [nio-9988-exec-4] m.m.a.RequestResponseBodyMethodProcessor : Read "application/json;charset=UTF-8" to ["{"model":"gpt-5.4","instructions":"You are Codex, a coding agent based on GPT-5. You and the user sh (truncated)..."]
2026-04-13T13:25:14.426+08:00 DEBUG 11836 --- [ai-gateway] [nio-9988-exec-4] o.s.jdbc.core.JdbcTemplate               : Executing prepared SQL query
2026-04-13T13:25:14.427+08:00 DEBUG 11836 --- [ai-gateway] [nio-9988-exec-4] o.s.jdbc.core.JdbcTemplate               : Executing prepared SQL statement [select k.id, k.user_id, k.secret_hash, k.status, k.total_quota, k.used_quota, k.expires_at,
       u.username, u.role_code, coalesce(w.balance, 0) as balance
from api_keys k
join users u on u.id = k.user_id and u.deleted = 0
left join wallets w on w.user_id = u.id
where k.access_key = ? and k.deleted = 0
]
2026-04-13T13:25:14.583+08:00 DEBUG 11836 --- [ai-gateway] [nio-9988-exec-4] o.s.jdbc.core.JdbcTemplate               : Executing prepared SQL update
2026-04-13T13:25:14.584+08:00 DEBUG 11836 --- [ai-gateway] [nio-9988-exec-4] o.s.jdbc.core.JdbcTemplate               : Executing prepared SQL statement [update api_keys set last_used_at = now(), updated_at = now() where id = ?]
2026-04-13T13:25:14.593+08:00 DEBUG 11836 --- [ai-gateway] [nio-9988-exec-4] o.s.jdbc.core.JdbcTemplate               : Executing prepared SQL query
2026-04-13T13:25:14.594+08:00 DEBUG 11836 --- [ai-gateway] [nio-9988-exec-4] o.s.jdbc.core.JdbcTemplate               : Executing prepared SQL statement [select m.id as model_id, m.model_code, m.model_name, m.prompt_price, m.completion_price,
       m.request_price, m.multiplier, p.id as provider_id, p.provider_name, p.base_url, p.provider_type,
       p.timeout_ms, r.upstream_model, t.id as provider_token_id, t.token_value_encrypted
from models m
join model_routes r on r.model_id = m.id and r.status = 'ACTIVE'
join providers p on p.id = r.provider_id and p.deleted = 0 and p.status = 'ACTIVE'
join provider_tokens t on t.provider_id = p.id and t.deleted = 0 and t.status = 'ACTIVE'
where m.model_code = ? and m.deleted = 0 and m.status = 'ACTIVE'
order by r.priority_no asc, t.weight_no desc, t.id asc
limit 1
]
2026-04-13T13:25:14.602+08:00 DEBUG 11836 --- [ai-gateway] [nio-9988-exec-4] .m.m.a.ExceptionHandlerExceptionResolver : Using @ExceptionHandler com.zxw.common.exception.GlobalExceptionHandler#handleBusiness(BusinessException, HttpServletRequest)
2026-04-13T13:25:14.605+08:00 DEBUG 11836 --- [ai-gateway] [nio-9988-exec-4] o.s.w.s.m.m.a.HttpEntityMethodProcessor  : Found 'Content-Type:text/event-stream' in response
2026-04-13T13:25:14.607+08:00 DEBUG 11836 --- [ai-gateway] [nio-9988-exec-4] o.s.w.s.m.m.a.HttpEntityMethodProcessor  : Writing ["data: {"type":"error","error":{"message":"模型不存在或未配置可用路由","type":"server_error","status":404}}<EOL><EOL>data: (truncated)..."]
2026-04-13T13:25:14.610+08:00 DEBUG 11836 --- [ai-gateway] [nio-9988-exec-4] .m.m.a.ExceptionHandlerExceptionResolver : Resolved [com.zxw.common.exception.BusinessException: 模型不存在或未配置可用路由]
2026-04-13T13:25:14.611+08:00 DEBUG 11836 --- [ai-gateway] [nio-9988-exec-4] o.s.web.servlet.DispatcherServlet        : Completed 200 OK
2026-04-13T13:25:24.322+08:00 DEBUG 11836 --- [ai-gateway] [nio-9988-exec-3] o.s.web.servlet.DispatcherServlet        : GET "/admin/request-logs?limit=50", parameters={masked}
2026-04-13T13:25:24.323+08:00 DEBUG 11836 --- [ai-gateway] [nio-9988-exec-3] s.w.s.m.m.a.RequestMappingHandlerMapping : Mapped to com.zxw.modules.request.controller.AdminRequestLogController#list(int)
2026-04-13T13:25:24.329+08:00 DEBUG 11836 --- [ai-gateway] [nio-9988-exec-3] o.s.jdbc.core.JdbcTemplate               : Executing prepared SQL query
2026-04-13T13:25:24.331+08:00 DEBUG 11836 --- [ai-gateway] [nio-9988-exec-3] o.s.jdbc.core.JdbcTemplate               : Executing prepared SQL statement [select l.request_id, u.username, l.model_code, l.upstream_model, l.status_code,
       l.latency_ms, l.total_tokens, l.user_amount, l.cost_amount, l.success, l.created_at
from request_logs l
left join users u on u.id = l.user_id
order by l.id desc
limit ?
]
2026-04-13T13:25:24.339+08:00 DEBUG 11836 --- [ai-gateway] [nio-9988-exec-3] m.m.a.RequestResponseBodyMethodProcessor : Using 'application/json', given [*/*] and supported [application/json, application/*+json]
2026-04-13T13:25:24.341+08:00 DEBUG 11836 --- [ai-gateway] [nio-9988-exec-3] m.m.a.RequestResponseBodyMethodProcessor : Writing [ApiResponse[success=true, message=OK, data=[RequestLogItemResponse[requestId=req_09cbf040f2384047b80 (truncated)...]
2026-04-13T13:25:24.346+08:00 DEBUG 11836 --- [ai-gateway] [nio-9988-exec-3] o.s.web.servlet.DispatcherServlet        : Completed 200 OK
2026-04-13T13:25:24.874+08:00 DEBUG 11836 --- [ai-gateway] [nio-9988-exec-5] o.s.web.servlet.DispatcherServlet        : GET "/admin/request-logs?limit=50", parameters={masked}
2026-04-13T13:25:24.875+08:00 DEBUG 11836 --- [ai-gateway] [nio-9988-exec-5] s.w.s.m.m.a.RequestMappingHandlerMapping : Mapped to com.zxw.modules.request.controller.AdminRequestLogController#list(int)
2026-04-13T13:25:24.878+08:00 DEBUG 11836 --- [ai-gateway] [nio-9988-exec-5] o.s.jdbc.core.JdbcTemplate               : Executing prepared SQL query
2026-04-13T13:25:24.879+08:00 DEBUG 11836 --- [ai-gateway] [nio-9988-exec-5] o.s.jdbc.core.JdbcTemplate               : Executing prepared SQL statement [select l.request_id, u.username, l.model_code, l.upstream_model, l.status_code,
       l.latency_ms, l.total_tokens, l.user_amount, l.cost_amount, l.success, l.created_at
from request_logs l
left join users u on u.id = l.user_id
order by l.id desc
limit ?
]
2026-04-13T13:25:24.884+08:00 DEBUG 11836 --- [ai-gateway] [nio-9988-exec-5] m.m.a.RequestResponseBodyMethodProcessor : Using 'application/json', given [*/*] and supported [application/json, application/*+json]
2026-04-13T13:25:24.886+08:00 DEBUG 11836 --- [ai-gateway] [nio-9988-exec-5] m.m.a.RequestResponseBodyMethodProcessor : Writing [ApiResponse[success=true, message=OK, data=[RequestLogItemResponse[requestId=req_09cbf040f2384047b80 (truncated)...]
2026-04-13T13:25:24.889+08:00 DEBUG 11836 --- [ai-gateway] [nio-9988-exec-5] o.s.web.servlet.DispatcherServlet        : Completed 200 OK
2026-04-13T13:25:25.280+08:00 DEBUG 11836 --- [ai-gateway] [io-9988-exec-10] o.s.web.servlet.DispatcherServlet        : GET "/admin/request-logs?limit=50", parameters={masked}
2026-04-13T13:25:25.280+08:00 DEBUG 11836 --- [ai-gateway] [io-9988-exec-10] s.w.s.m.m.a.RequestMappingHandlerMapping : Mapped to com.zxw.modules.request.controller.AdminRequestLogController#list(int)
2026-04-13T13:25:25.284+08:00 DEBUG 11836 --- [ai-gateway] [io-9988-exec-10] o.s.jdbc.core.JdbcTemplate               : Executing prepared SQL query
2026-04-13T13:25:25.285+08:00 DEBUG 11836 --- [ai-gateway] [io-9988-exec-10] o.s.jdbc.core.JdbcTemplate               : Executing prepared SQL statement [select l.request_id, u.username, l.model_code, l.upstream_model, l.status_code,
       l.latency_ms, l.total_tokens, l.user_amount, l.cost_amount, l.success, l.created_at
from request_logs l
left join users u on u.id = l.user_id
order by l.id desc
limit ?
]
2026-04-13T13:25:25.289+08:00 DEBUG 11836 --- [ai-gateway] [io-9988-exec-10] m.m.a.RequestResponseBodyMethodProcessor : Using 'application/json', given [*/*] and supported [application/json, application/*+json]
2026-04-13T13:25:25.292+08:00 DEBUG 11836 --- [ai-gateway] [io-9988-exec-10] m.m.a.RequestResponseBodyMethodProcessor : Writing [ApiResponse[success=true, message=OK, data=[RequestLogItemResponse[requestId=req_09cbf040f2384047b80 (truncated)...]
2026-04-13T13:25:25.294+08:00 DEBUG 11836 --- [ai-gateway] [io-9988-exec-10] o.s.web.servlet.DispatcherServlet        : Completed 200 OK
